2026-08-03T11:04:23.9801078Z Current runner version: '2.336.0'
2026-08-03T11:04:23.9836322Z ##[group]Runner Image Provisioner
2026-08-03T11:04:23.9837910Z Hosted Compute Agent
2026-08-03T11:04:23.9838875Z Version: 20260707.563
2026-08-03T11:04:23.9839930Z Commit: 02667638d2b423fbc733a8e32a88b44996a3ba6e
2026-08-03T11:04:23.9841090Z Build Date: 2026-07-07T19:33:50Z
2026-08-03T11:04:23.9842141Z Worker ID: {bde05e37-2f11-47c3-a8e4-b9c461b2187d}
2026-08-03T11:04:23.9843335Z Azure Region: eastus2
2026-08-03T11:04:23.9844262Z ##[endgroup]
2026-08-03T11:04:23.9846303Z ##[group]Operating System
2026-08-03T11:04:23.9847640Z Ubuntu
2026-08-03T11:04:23.9848468Z 24.04.4
2026-08-03T11:04:23.9849333Z LTS
2026-08-03T11:04:23.9850229Z ##[endgroup]
2026-08-03T11:04:23.9851065Z ##[group]Runner Image
2026-08-03T11:04:23.9852132Z Image: ubuntu-24.04
2026-08-03T11:04:23.9853037Z Version: 20260720.247.2
2026-08-03T11:04:23.9855143Z Included Software: https://github.com/actions/runner-images/blob/ubuntu24/20260720.247/images/ubuntu/Ubuntu2404-Readme.md
2026-08-03T11:04:23.9857963Z Image Release: https://github.com/actions/runner-images/releases/tag/ubuntu24%2F20260720.247
2026-08-03T11:04:23.9859651Z ##[endgroup]
2026-08-03T11:04:23.9861669Z ##[group]GITHUB_TOKEN Permissions
2026-08-03T11:04:23.9865472Z Contents: write
2026-08-03T11:04:23.9866305Z Metadata: read
2026-08-03T11:04:23.9867237Z Packages: read
2026-08-03T11:04:23.9868302Z PullRequests: write
2026-08-03T11:04:23.9869077Z ##[endgroup]
2026-08-03T11:04:23.9872473Z Secret source: Actions
2026-08-03T11:04:23.9874289Z Prepare workflow directory
2026-08-03T11:04:24.0322809Z Prepare all required actions
2026-08-03T11:04:24.0390212Z Getting action download info
2026-08-03T11:04:24.2479530Z Download action repository 'actions/checkout@v4' (SHA:11d5960a326750d5838078e36cf38b85af677262)
2026-08-03T11:04:24.6246923Z Download action repository 'docker/login-action@0d4c9c5ea7693da7b068278f7b52bda2a190a446' (SHA:0d4c9c5ea7693da7b068278f7b52bda2a190a446)
2026-08-03T11:04:24.8564006Z Download action repository 'elastic/oblt-actions@v1' (SHA:dfc49d17a918509972053000cce88c11c7c0c987)
2026-08-03T11:04:25.1702246Z Getting action download info
2026-08-03T11:04:25.2701244Z Getting action download info
2026-08-03T11:04:25.3742243Z Download action repository 'updatecli/updatecli-action@5bda7da77bf4d181bce5f807d73d832b62062acf' (SHA:5bda7da77bf4d181bce5f807d73d832b62062acf)
2026-08-03T11:04:25.5633065Z Complete job name: compose (main)
2026-08-03T11:04:25.6501393Z Node 20 is being deprecated. This workflow is running with Node 24 by default. If you need to temporarily use Node 20, you can set the ACTIONS_ALLOW_USE_UNSECURE_NODE_VERSION=true environment variable. For more information see: https://github.blog/changelog/2025-09-19-deprecation-of-node-20-on-github-actions-runners/
2026-08-03T11:04:25.6512181Z ##[group]Run actions/checkout@v4
2026-08-03T11:04:25.6513400Z with:
2026-08-03T11:04:25.6514259Z   ref: main
2026-08-03T11:04:25.6515173Z   repository: elastic/elasticsearch
2026-08-03T11:04:25.6522746Z   token: ***
2026-08-03T11:04:25.6523671Z   ssh-strict: true
2026-08-03T11:04:25.6524576Z   ssh-user: git
2026-08-03T11:04:25.6525518Z   persist-credentials: true
2026-08-03T11:04:25.6526528Z   clean: true
2026-08-03T11:04:25.6527689Z   sparse-checkout-cone-mode: true
2026-08-03T11:04:25.6528752Z   fetch-depth: 1
2026-08-03T11:04:25.6529649Z   fetch-tags: false
2026-08-03T11:04:25.6530572Z   show-progress: true
2026-08-03T11:04:25.6531542Z   lfs: false
2026-08-03T11:04:25.6532415Z   submodules: false
2026-08-03T11:04:25.6533353Z   set-safe-directory: true
2026-08-03T11:04:25.6534383Z   allow-unsafe-pr-checkout: false
2026-08-03T11:04:25.6535750Z ##[endgroup]
2026-08-03T11:04:25.7594641Z Syncing repository: elastic/elasticsearch
2026-08-03T11:04:25.7597872Z ##[group]Getting Git version info
2026-08-03T11:04:25.7599519Z Working directory is '/home/runner/work/elasticsearch/elasticsearch'
2026-08-03T11:04:25.7601662Z [command]/usr/bin/git version
2026-08-03T11:04:25.7649383Z git version 2.54.0
2026-08-03T11:04:25.7670546Z ##[endgroup]
2026-08-03T11:04:25.7685084Z Temporarily overriding HOME='/home/runner/work/_temp/d9d48378-b148-48c9-bdb3-a8c24a3f2f0e' before making global git config changes
2026-08-03T11:04:25.7689834Z Adding repository directory to the temporary git global config as a safe directory
2026-08-03T11:04:25.7692525Z [command]/usr/bin/git config --global --add safe.directory /home/runner/work/elasticsearch/elasticsearch
2026-08-03T11:04:25.7739723Z Deleting the contents of '/home/runner/work/elasticsearch/elasticsearch'
2026-08-03T11:04:25.7743950Z ##[group]Initializing the repository
2026-08-03T11:04:25.7748668Z [command]/usr/bin/git init /home/runner/work/elasticsearch/elasticsearch
2026-08-03T11:04:25.7835890Z hint: Using 'master' as the name for the initial branch. This default branch name
2026-08-03T11:04:25.7838169Z hint: will change to "main" in Git 3.0. To configure the initial branch name
2026-08-03T11:04:25.7840039Z hint: to use in all of your new repositories, which will suppress this warning,
2026-08-03T11:04:25.7842154Z hint: call:
2026-08-03T11:04:25.7843330Z hint:
2026-08-03T11:04:25.7844610Z hint: 	git config --global init.defaultBranch <name>
2026-08-03T11:04:25.7846123Z hint:
2026-08-03T11:04:25.7847532Z hint: Names commonly chosen instead of 'master' are 'main', 'trunk' and
2026-08-03T11:04:25.7849311Z hint: 'development'. The just-created branch can be renamed via this command:
2026-08-03T11:04:25.7851322Z hint:
2026-08-03T11:04:25.7852315Z hint: 	git branch -m <name>
2026-08-03T11:04:25.7853439Z hint:
2026-08-03T11:04:25.7854742Z hint: Disable this message with "git config set advice.defaultBranchName false"
2026-08-03T11:04:25.7856914Z Initialized empty Git repository in /home/runner/work/elasticsearch/elasticsearch/.git/
2026-08-03T11:04:25.7860415Z [command]/usr/bin/git remote add origin https://github.com/elastic/elasticsearch
2026-08-03T11:04:25.7896286Z ##[endgroup]
2026-08-03T11:04:25.7898292Z ##[group]Disabling automatic garbage collection
2026-08-03T11:04:25.7899977Z [command]/usr/bin/git config --local gc.auto 0
2026-08-03T11:04:25.7936488Z ##[endgroup]
2026-08-03T11:04:25.7938256Z ##[group]Setting up auth
2026-08-03T11:04:25.7939824Z [command]/usr/bin/git config --local --name-only --get-regexp core\.sshCommand
2026-08-03T11:04:25.7973411Z [command]/usr/bin/git submodule foreach --recursive sh -c "git config --local --name-only --get-regexp 'core\.sshCommand' && git config --local --unset-all 'core.sshCommand' || :"
2026-08-03T11:04:25.8319928Z [command]/usr/bin/git config --local --name-only --get-regexp http\.https\:\/\/github\.com\/\.extraheader
2026-08-03T11:04:25.8351958Z [command]/usr/bin/git submodule foreach --recursive sh -c "git config --local --name-only --get-regexp 'http\.https\:\/\/github\.com\/\.extraheader' && git config --local --unset-all 'http.https://github.com/.extraheader' || :"
2026-08-03T11:04:25.8578721Z [command]/usr/bin/git config --local --name-only --get-regexp ^includeIf\.gitdir:
2026-08-03T11:04:25.8612827Z [command]/usr/bin/git submodule foreach --recursive git config --local --show-origin --name-only --get-regexp remote.origin.url
2026-08-03T11:04:25.8849487Z [command]/usr/bin/git config --local http.https://github.com/.extraheader AUTHORIZATION: basic ***
2026-08-03T11:04:25.8887792Z ##[endgroup]
2026-08-03T11:04:25.8890308Z ##[group]Fetching the repository
2026-08-03T11:04:25.8899388Z [command]/usr/bin/git -c protocol.version=2 fetch --no-tags --prune --no-recurse-submodules --depth=1 origin +refs/heads/main*:refs/remotes/origin/main* +refs/tags/main*:refs/tags/main*
2026-08-03T11:04:44.9221226Z From https://github.com/elastic/elasticsearch
2026-08-03T11:04:44.9222243Z  * [new branch]        main       -> origin/main
2026-08-03T11:04:44.9249343Z ##[endgroup]
2026-08-03T11:04:44.9250115Z ##[group]Determining the checkout info
2026-08-03T11:04:44.9256959Z [command]/usr/bin/git branch --list --remote origin/main
2026-08-03T11:04:44.9286011Z   origin/main
2026-08-03T11:04:44.9291695Z ##[endgroup]
2026-08-03T11:04:44.9297021Z [command]/usr/bin/git sparse-checkout disable
2026-08-03T11:04:44.9340333Z [command]/usr/bin/git config --local --unset-all extensions.worktreeConfig
2026-08-03T11:04:44.9367996Z ##[group]Checking out the ref
2026-08-03T11:04:44.9371630Z [command]/usr/bin/git checkout --progress --force -B main refs/remotes/origin/main
2026-08-03T11:04:46.0057054Z Updating files:  29% (13793/46480)
2026-08-03T11:04:46.0361856Z Updating files:  30% (13944/46480)
2026-08-03T11:04:46.0723179Z Updating files:  31% (14409/46480)
2026-08-03T11:04:46.1033795Z Updating files:  32% (14874/46480)
2026-08-03T11:04:46.1349157Z Updating files:  33% (15339/46480)
2026-08-03T11:04:46.1674491Z Updating files:  34% (15804/46480)
2026-08-03T11:04:46.1967894Z Updating files:  35% (16268/46480)
2026-08-03T11:04:46.2246101Z Updating files:  36% (16733/46480)
2026-08-03T11:04:46.2519309Z Updating files:  37% (17198/46480)
2026-08-03T11:04:46.2788044Z Updating files:  38% (17663/46480)
2026-08-03T11:04:46.3022704Z Updating files:  39% (18128/46480)
2026-08-03T11:04:46.3214942Z Updating files:  40% (18592/46480)
2026-08-03T11:04:46.3581102Z Updating files:  41% (19057/46480)
2026-08-03T11:04:46.3970150Z Updating files:  42% (19522/46480)
2026-08-03T11:04:46.4334033Z Updating files:  43% (19987/46480)
2026-08-03T11:04:46.4770631Z Updating files:  44% (20452/46480)
2026-08-03T11:04:46.5204236Z Updating files:  45% (20916/46480)
2026-08-03T11:04:46.5664069Z Updating files:  46% (21381/46480)
2026-08-03T11:04:46.6183431Z Updating files:  47% (21846/46480)
2026-08-03T11:04:46.6537892Z Updating files:  48% (22311/46480)
2026-08-03T11:04:46.6873385Z Updating files:  49% (22776/46480)
2026-08-03T11:04:46.7229662Z Updating files:  50% (23240/46480)
2026-08-03T11:04:46.7517879Z Updating files:  51% (23705/46480)
2026-08-03T11:04:46.7778967Z Updating files:  52% (24170/46480)
2026-08-03T11:04:46.8101325Z Updating files:  53% (24635/46480)
2026-08-03T11:04:46.8358323Z Updating files:  54% (25100/46480)
2026-08-03T11:04:46.8677111Z Updating files:  55% (25564/46480)
2026-08-03T11:04:46.8947244Z Updating files:  56% (26029/46480)
2026-08-03T11:04:46.9285962Z Updating files:  57% (26494/46480)
2026-08-03T11:04:46.9566910Z Updating files:  58% (26959/46480)
2026-08-03T11:04:46.9969847Z Updating files:  59% (27424/46480)
2026-08-03T11:04:46.9975879Z Updating files:  59% (27883/46480)
2026-08-03T11:04:47.0506032Z Updating files:  60% (27888/46480)
2026-08-03T11:04:47.0731657Z Updating files:  61% (28353/46480)
2026-08-03T11:04:47.0959687Z Updating files:  62% (28818/46480)
2026-08-03T11:04:47.1221662Z Updating files:  63% (29283/46480)
2026-08-03T11:04:47.1593421Z Updating files:  64% (29748/46480)
2026-08-03T11:04:47.2415365Z Updating files:  65% (30212/46480)
2026-08-03T11:04:47.2914753Z Updating files:  66% (30677/46480)
2026-08-03T11:04:47.3110891Z Updating files:  67% (31142/46480)
2026-08-03T11:04:47.3422503Z Updating files:  68% (31607/46480)
2026-08-03T11:04:47.3730440Z Updating files:  69% (32072/46480)
2026-08-03T11:04:47.4054504Z Updating files:  70% (32536/46480)
2026-08-03T11:04:47.4442511Z Updating files:  71% (33001/46480)
2026-08-03T11:04:47.4658058Z Updating files:  72% (33466/46480)
2026-08-03T11:04:47.4980598Z Updating files:  73% (33931/46480)
2026-08-03T11:04:47.5275810Z Updating files:  74% (34396/46480)
2026-08-03T11:04:47.5577998Z Updating files:  75% (34860/46480)
2026-08-03T11:04:47.5873381Z Updating files:  76% (35325/46480)
2026-08-03T11:04:47.6112801Z Updating files:  77% (35790/46480)
2026-08-03T11:04:47.6408218Z Updating files:  78% (36255/46480)
2026-08-03T11:04:47.7509393Z Updating files:  79% (36720/46480)
2026-08-03T11:04:47.7791411Z Updating files:  80% (37184/46480)
2026-08-03T11:04:47.8034338Z Updating files:  81% (37649/46480)
2026-08-03T11:04:47.8372201Z Updating files:  82% (38114/46480)
2026-08-03T11:04:47.8792784Z Updating files:  83% (38579/46480)
2026-08-03T11:04:47.9215499Z Updating files:  84% (39044/46480)
2026-08-03T11:04:47.9533993Z Updating files:  85% (39508/46480)
2026-08-03T11:04:47.9945104Z Updating files:  86% (39973/46480)
2026-08-03T11:04:47.9965858Z Updating files:  87% (40438/46480)
2026-08-03T11:04:48.0318506Z Updating files:  87% (40467/46480)
2026-08-03T11:04:48.0596279Z Updating files:  88% (40903/46480)
2026-08-03T11:04:48.1042305Z Updating files:  89% (41368/46480)
2026-08-03T11:04:48.1443050Z Updating files:  90% (41832/46480)
2026-08-03T11:04:48.1820161Z Updating files:  91% (42297/46480)
2026-08-03T11:04:48.2207042Z Updating files:  92% (42762/46480)
2026-08-03T11:04:48.3439249Z Updating files:  93% (43227/46480)
2026-08-03T11:04:48.3694350Z Updating files:  94% (43692/46480)
2026-08-03T11:04:48.4016062Z Updating files:  95% (44156/46480)
2026-08-03T11:04:48.4458649Z Updating files:  96% (44621/46480)
2026-08-03T11:04:48.4887977Z Updating files:  97% (45086/46480)
2026-08-03T11:04:48.5226958Z Updating files:  98% (45551/46480)
2026-08-03T11:04:48.5651130Z Updating files:  99% (46016/46480)
2026-08-03T11:04:48.5651474Z Updating files: 100% (46480/46480)
2026-08-03T11:04:48.5651762Z Updating files: 100% (46480/46480), done.
2026-08-03T11:04:48.6338890Z Switched to a new branch 'main'
2026-08-03T11:04:48.6340623Z branch 'main' set up to track 'origin/main'.
2026-08-03T11:04:48.6453050Z ##[endgroup]
2026-08-03T11:04:48.6508810Z [command]/usr/bin/git log -1 --format=%H
2026-08-03T11:04:48.6537222Z 885340b408de4e2c40ad449feb9e26db57727597
2026-08-03T11:04:48.6771133Z ##[group]Run yq eval '.scm.branch = "main"' -i .github/updatecli/values.d/scm.yml
2026-08-03T11:04:48.6771761Z [36;1myq eval '.scm.branch = "main"' -i .github/updatecli/values.d/scm.yml[0m
2026-08-03T11:04:48.6822443Z shell: /usr/bin/bash -e {0}
2026-08-03T11:04:48.6822723Z ##[endgroup]
2026-08-03T11:04:49.2803426Z Node 20 is being deprecated. This workflow is running with Node 24 by default. If you need to temporarily use Node 20, you can set the ACTIONS_ALLOW_USE_UNSECURE_NODE_VERSION=true environment variable. For more information see: https://github.blog/changelog/2025-09-19-deprecation-of-node-20-on-github-actions-runners/
2026-08-03T11:04:49.2804994Z ##[group]Run docker/login-action@0d4c9c5ea7693da7b068278f7b52bda2a190a446
2026-08-03T11:04:49.2805384Z with:
2026-08-03T11:04:49.2805586Z   registry: ghcr.io
2026-08-03T11:04:49.2805800Z   username: jozala
2026-08-03T11:04:49.2808413Z   password: ***
2026-08-03T11:04:49.2808638Z   ecr: auto
2026-08-03T11:04:49.2808827Z   logout: true
2026-08-03T11:04:49.2809030Z ##[endgroup]
2026-08-03T11:04:49.4843663Z Logging into ghcr.io...
2026-08-03T11:04:49.4863291Z (node:2253) [DEP0040] DeprecationWarning: The `punycode` module is deprecated. Please use a userland alternative instead.
2026-08-03T11:04:49.4864606Z (Use `node --trace-deprecation ...` to show where the warning was created)
2026-08-03T11:04:49.9213868Z Login Succeeded!
2026-08-03T11:04:49.9377637Z ##[group]Run elastic/oblt-actions/updatecli/run@v1
2026-08-03T11:04:49.9378019Z with:
2026-08-03T11:04:49.9378286Z   command: --experimental compose apply --debug
2026-08-03T11:04:49.9378581Z env:
2026-08-03T11:04:49.9380983Z   GITHUB_TOKEN: ***
2026-08-03T11:04:49.9381223Z ##[endgroup]
2026-08-03T11:04:49.9438580Z ##[start-action display=Run elastic/oblt-actions/updatecli/install@v1;id=__elastic_oblt-actions.__elastic_oblt-actions]
2026-08-03T11:04:49.9488062Z ##[group]Run elastic/oblt-actions/updatecli/install@v1
2026-08-03T11:04:49.9488383Z with:
2026-08-03T11:04:49.9488576Z env:
2026-08-03T11:04:49.9490842Z   GITHUB_TOKEN: ***
2026-08-03T11:04:49.9491074Z ##[endgroup]
2026-08-03T11:04:49.9495338Z ##[start-action display=Check inputs and set version;id=__elastic_oblt-actions.__elastic_oblt-actions.set-version]
2026-08-03T11:04:49.9509913Z ##[group]Run if [[ -z "${VERSION}" && -z "${VERSION_FILE}" ]]; then
2026-08-03T11:04:49.9510386Z [36;1mif [[ -z "${VERSION}" && -z "${VERSION_FILE}" ]]; then[0m
2026-08-03T11:04:49.9510813Z [36;1m  if [[ -f "$GITHUB_ACTION_PATH/.default-updatecli-version" ]]; then[0m
2026-08-03T11:04:49.9511298Z [36;1m    newversion=$(cat "$GITHUB_ACTION_PATH/.default-updatecli-version")[0m
2026-08-03T11:04:49.9511722Z [36;1m    echo "version=${newversion}" >> $GITHUB_OUTPUT[0m
2026-08-03T11:04:49.9512200Z [36;1m  else[0m
2026-08-03T11:04:49.9512529Z [36;1m    echo "::error title=updatecli/install::Default version file not found."[0m
2026-08-03T11:04:49.9512910Z [36;1m    exit 1[0m
2026-08-03T11:04:49.9513120Z [36;1m  fi[0m
2026-08-03T11:04:49.9513311Z [36;1melse[0m
2026-08-03T11:04:49.9513551Z [36;1m  echo "version=${VERSION}" >> $GITHUB_OUTPUT[0m
2026-08-03T11:04:49.9513916Z [36;1m  echo "version_file=${VERSION_FILE}" >> $GITHUB_OUTPUT[0m
2026-08-03T11:04:49.9514225Z [36;1mfi[0m
2026-08-03T11:04:49.9562263Z shell: /usr/bin/bash --noprofile --norc -e -o pipefail {0}
2026-08-03T11:04:49.9562612Z env:
2026-08-03T11:04:49.9564908Z   GITHUB_TOKEN: ***
2026-08-03T11:04:49.9565130Z   VERSION: 
2026-08-03T11:04:49.9565324Z   VERSION_FILE: 
2026-08-03T11:04:49.9565528Z ##[endgroup]
2026-08-03T11:04:49.9672917Z ##[end-action id=__elastic_oblt-actions.__elastic_oblt-actions.set-version;outcome=success;conclusion=success;duration_ms=17]
2026-08-03T11:04:49.9677236Z ##[start-action display=Install Updatecli in the runner;id=__elastic_oblt-actions.__elastic_oblt-actions.__updatecli_updatecli-action]
2026-08-03T11:04:49.9703225Z ##[group]Run updatecli/updatecli-action@5bda7da77bf4d181bce5f807d73d832b62062acf
2026-08-03T11:04:49.9703638Z with:
2026-08-03T11:04:49.9703841Z   version: v0.113.0
2026-08-03T11:04:49.9704055Z env:
2026-08-03T11:04:49.9706343Z   GITHUB_TOKEN: ***
2026-08-03T11:04:49.9706577Z ##[endgroup]
2026-08-03T11:04:50.0191419Z Downloading https://github.com/updatecli/updatecli/releases/download/v0.113.0/updatecli_Linux_x86_64.tar.gz
2026-08-03T11:04:50.4070759Z [command]/usr/bin/tar xz --warning=no-unknown-keyword --overwrite -C /home/runner/work/_temp/048315d7-a172-48dc-bbe7-f86a740ccb44 -f /home/runner/work/_temp/8d103043-2b0a-44b3-ba52-34021db95c88
2026-08-03T11:04:51.2982016Z [command]/usr/bin/chmod +x /opt/hostedtoolcache/updatecli/0.113.0/x64/updatecli
2026-08-03T11:04:51.3016533Z Downloaded to /opt/hostedtoolcache/updatecli/0.113.0/x64
2026-08-03T11:04:51.3017083Z Show Updatecli version
2026-08-03T11:04:51.3030327Z [command]/opt/hostedtoolcache/updatecli/0.113.0/x64/updatecli version
2026-08-03T11:04:51.3366401Z 
2026-08-03T11:04:51.3366663Z VERSION
2026-08-03T11:04:51.3366815Z 
2026-08-03T11:04:51.3366913Z Application:	0.113.0
2026-08-03T11:04:51.3367167Z Golang     :	1.25.5 linux/amd64
2026-08-03T11:04:51.3367614Z Build Time :	2026-01-12T07:42:59Z
2026-08-03T11:04:51.3367798Z 
2026-08-03T11:04:51.3477074Z ##[end-action id=__elastic_oblt-actions.__elastic_oblt-actions.__updatecli_updatecli-action;outcome=success;conclusion=success;duration_ms=1379]
2026-08-03T11:04:51.3489716Z ##[end-action id=__elastic_oblt-actions.__elastic_oblt-actions;outcome=success;conclusion=success;duration_ms=1404]
2026-08-03T11:04:51.3511908Z ##[start-action display=Run updatecli --experimental compose apply --debug;id=__elastic_oblt-actions.__run]
2026-08-03T11:04:51.3528657Z ##[group]Run updatecli --experimental compose apply --debug
2026-08-03T11:04:51.3529097Z [36;1mupdatecli --experimental compose apply --debug[0m
2026-08-03T11:04:51.3577217Z shell: /usr/bin/bash --noprofile --norc -e -o pipefail {0}
2026-08-03T11:04:51.3577766Z env:
2026-08-03T11:04:51.3580105Z   GITHUB_TOKEN: ***
2026-08-03T11:04:51.3580381Z   COMMAND: --experimental compose apply --debug
2026-08-03T11:04:51.3580680Z ##[endgroup]
2026-08-03T11:04:51.3924308Z Experimental Mode Enabled
2026-08-03T11:04:51.3924643Z 
2026-08-03T11:04:51.3924886Z Loading Updatecli compose file: "updatecli-compose.yaml"
2026-08-03T11:04:51.3925428Z 2 policies detected:
2026-08-03T11:04:51.3925758Z 	* Policy 0: "Handle ironbank bumps"
2026-08-03T11:04:51.3926168Z 	* Policy 1: "Update Updatecli policies"
2026-08-03T11:04:51.3926489Z 
2026-08-03T11:04:51.3926663Z Initializing policy: "Handle ironbank bumps"
2026-08-03T11:04:51.5999878Z DEBUG: /tmp/updatecli/store/1d5b2f8ca1c141ebe0368d39ec1cdf8bc32662795a21416907eb02b8bf40d890/updatecli.d does not exist locally
2026-08-03T11:04:51.6001003Z DEBUG: /tmp/updatecli/store/1d5b2f8ca1c141ebe0368d39ec1cdf8bc32662795a21416907eb02b8bf40d890/updatecli.d/default.tpl does not exist locally
2026-08-03T11:04:51.6002325Z DEBUG: /tmp/updatecli/store/1d5b2f8ca1c141ebe0368d39ec1cdf8bc32662795a21416907eb02b8bf40d890/values.yaml does not exist locally
2026-08-03T11:04:51.6003381Z Pulling Updatecli policy "ghcr.io/elastic/oblt-updatecli-policies/ironbank/templates:0.5.3@sha256:1d5b2f8ca1c141ebe0368d39ec1cdf8bc32662795a21416907eb02b8bf40d890"
2026-08-03T11:04:52.6257854Z DEBUG: Manifests:
2026-08-03T11:04:52.6258745Z DEBUG: 	*"/tmp/updatecli/store/1d5b2f8ca1c141ebe0368d39ec1cdf8bc32662795a21416907eb02b8bf40d890/updatecli.d"
2026-08-03T11:04:52.6260097Z DEBUG: 	*"/tmp/updatecli/store/1d5b2f8ca1c141ebe0368d39ec1cdf8bc32662795a21416907eb02b8bf40d890/updatecli.d/default.tpl"
2026-08-03T11:04:52.6260968Z DEBUG: Values:
2026-08-03T11:04:52.6261649Z DEBUG: 	*"/tmp/updatecli/store/1d5b2f8ca1c141ebe0368d39ec1cdf8bc32662795a21416907eb02b8bf40d890/values.yaml"
2026-08-03T11:04:52.6262899Z DEBUG: policy successfully pulled in /tmp/updatecli/store/1d5b2f8ca1c141ebe0368d39ec1cdf8bc32662795a21416907eb02b8bf40d890
2026-08-03T11:04:52.6263624Z 	manifests:
2026-08-03T11:04:52.6264035Z 		* "/tmp/updatecli/store/1d5b2f8ca1c141ebe0368d39ec1cdf8bc32662795a21416907eb02b8bf40d890/updatecli.d"
2026-08-03T11:04:52.6264755Z 		* "/tmp/updatecli/store/1d5b2f8ca1c141ebe0368d39ec1cdf8bc32662795a21416907eb02b8bf40d890/updatecli.d/default.tpl"
2026-08-03T11:04:52.6265269Z 	values:
2026-08-03T11:04:52.6265684Z 		* "/tmp/updatecli/store/1d5b2f8ca1c141ebe0368d39ec1cdf8bc32662795a21416907eb02b8bf40d890/values.yaml"
2026-08-03T11:04:52.6266189Z 		* ".github/updatecli/values.d/scm.yml"
2026-08-03T11:04:52.6266489Z 		* ".github/updatecli/values.d/ironbank.yml"
2026-08-03T11:04:52.6266799Z DEBUG: 	secret: nothing detected
2026-08-03T11:04:52.6266971Z 
2026-08-03T11:04:52.6267104Z Initializing policy: "Update Updatecli policies"
2026-08-03T11:04:52.7460404Z DEBUG: /tmp/updatecli/store/588fb5b274c1e484198885723b5a67688416feeec414d41a33908826e448fd41/updatecli.d does not exist locally
2026-08-03T11:04:52.7461415Z DEBUG: /tmp/updatecli/store/588fb5b274c1e484198885723b5a67688416feeec414d41a33908826e448fd41/updatecli.d/default.tpl does not exist locally
2026-08-03T11:04:52.7462376Z DEBUG: /tmp/updatecli/store/588fb5b274c1e484198885723b5a67688416feeec414d41a33908826e448fd41/updatecli.d/_scm.bitbucket.yaml does not exist locally
2026-08-03T11:04:52.7463359Z DEBUG: /tmp/updatecli/store/588fb5b274c1e484198885723b5a67688416feeec414d41a33908826e448fd41/updatecli.d/_scm.gitea.yaml does not exist locally
2026-08-03T11:04:52.7464759Z DEBUG: /tmp/updatecli/store/588fb5b274c1e484198885723b5a67688416feeec414d41a33908826e448fd41/updatecli.d/_scm.github.yaml does not exist locally
2026-08-03T11:04:52.7465760Z DEBUG: /tmp/updatecli/store/588fb5b274c1e484198885723b5a67688416feeec414d41a33908826e448fd41/updatecli.d/_scm.githubsearch.yaml does not exist locally
2026-08-03T11:04:52.7466724Z DEBUG: /tmp/updatecli/store/588fb5b274c1e484198885723b5a67688416feeec414d41a33908826e448fd41/updatecli.d/_scm.gitlab.yaml does not exist locally
2026-08-03T11:04:52.7467996Z DEBUG: /tmp/updatecli/store/588fb5b274c1e484198885723b5a67688416feeec414d41a33908826e448fd41/updatecli.d/_scm.stash.yaml does not exist locally
2026-08-03T11:04:52.7468909Z DEBUG: /tmp/updatecli/store/588fb5b274c1e484198885723b5a67688416feeec414d41a33908826e448fd41/values.yaml does not exist locally
2026-08-03T11:04:52.7469858Z Pulling Updatecli policy "ghcr.io/updatecli/policies/autodiscovery/updatecli:0.10.0@sha256:588fb5b274c1e484198885723b5a67688416feeec414d41a33908826e448fd41"
2026-08-03T11:04:53.8544378Z DEBUG: Manifests:
2026-08-03T11:04:53.8545224Z DEBUG: 	*"/tmp/updatecli/store/588fb5b274c1e484198885723b5a67688416feeec414d41a33908826e448fd41/updatecli.d"
2026-08-03T11:04:53.8546481Z DEBUG: 	*"/tmp/updatecli/store/588fb5b274c1e484198885723b5a67688416feeec414d41a33908826e448fd41/updatecli.d/default.tpl"
2026-08-03T11:04:53.8548031Z DEBUG: 	*"/tmp/updatecli/store/588fb5b274c1e484198885723b5a67688416feeec414d41a33908826e448fd41/updatecli.d/_scm.bitbucket.yaml"
2026-08-03T11:04:53.8549405Z DEBUG: 	*"/tmp/updatecli/store/588fb5b274c1e484198885723b5a67688416feeec414d41a33908826e448fd41/updatecli.d/_scm.gitea.yaml"
2026-08-03T11:04:53.8550340Z DEBUG: 	*"/tmp/updatecli/store/588fb5b274c1e484198885723b5a67688416feeec414d41a33908826e448fd41/updatecli.d/_scm.github.yaml"
2026-08-03T11:04:53.8551304Z DEBUG: 	*"/tmp/updatecli/store/588fb5b274c1e484198885723b5a67688416feeec414d41a33908826e448fd41/updatecli.d/_scm.githubsearch.yaml"
2026-08-03T11:04:53.8552276Z DEBUG: 	*"/tmp/updatecli/store/588fb5b274c1e484198885723b5a67688416feeec414d41a33908826e448fd41/updatecli.d/_scm.gitlab.yaml"
2026-08-03T11:04:53.8553216Z DEBUG: 	*"/tmp/updatecli/store/588fb5b274c1e484198885723b5a67688416feeec414d41a33908826e448fd41/updatecli.d/_scm.stash.yaml"
2026-08-03T11:04:53.8553877Z DEBUG: Values:
2026-08-03T11:04:53.8554432Z DEBUG: 	*"/tmp/updatecli/store/588fb5b274c1e484198885723b5a67688416feeec414d41a33908826e448fd41/values.yaml"
2026-08-03T11:04:53.8555313Z DEBUG: policy successfully pulled in /tmp/updatecli/store/588fb5b274c1e484198885723b5a67688416feeec414d41a33908826e448fd41
2026-08-03T11:04:53.8555954Z 	manifests:
2026-08-03T11:04:53.8556366Z 		* "/tmp/updatecli/store/588fb5b274c1e484198885723b5a67688416feeec414d41a33908826e448fd41/updatecli.d"
2026-08-03T11:04:53.8557601Z 		* "/tmp/updatecli/store/588fb5b274c1e484198885723b5a67688416feeec414d41a33908826e448fd41/updatecli.d/default.tpl"
2026-08-03T11:04:53.8558774Z 		* "/tmp/updatecli/store/588fb5b274c1e484198885723b5a67688416feeec414d41a33908826e448fd41/updatecli.d/_scm.bitbucket.yaml"
2026-08-03T11:04:53.8559704Z 		* "/tmp/updatecli/store/588fb5b274c1e484198885723b5a67688416feeec414d41a33908826e448fd41/updatecli.d/_scm.gitea.yaml"
2026-08-03T11:04:53.8560631Z 		* "/tmp/updatecli/store/588fb5b274c1e484198885723b5a67688416feeec414d41a33908826e448fd41/updatecli.d/_scm.github.yaml"
2026-08-03T11:04:53.8561596Z 		* "/tmp/updatecli/store/588fb5b274c1e484198885723b5a67688416feeec414d41a33908826e448fd41/updatecli.d/_scm.githubsearch.yaml"
2026-08-03T11:04:53.8562622Z 		* "/tmp/updatecli/store/588fb5b274c1e484198885723b5a67688416feeec414d41a33908826e448fd41/updatecli.d/_scm.gitlab.yaml"
2026-08-03T11:04:53.8563547Z 		* "/tmp/updatecli/store/588fb5b274c1e484198885723b5a67688416feeec414d41a33908826e448fd41/updatecli.d/_scm.stash.yaml"
2026-08-03T11:04:53.8564070Z 	values:
2026-08-03T11:04:53.8564595Z 		* "/tmp/updatecli/store/588fb5b274c1e484198885723b5a67688416feeec414d41a33908826e448fd41/values.yaml"
2026-08-03T11:04:53.8565172Z 		* ".github/updatecli/values.d/scm.yml"
2026-08-03T11:04:53.8565523Z 		* ".github/updatecli/values.d/updatecli-compose.yml"
2026-08-03T11:04:53.8566152Z DEBUG: 	secret: nothing detected
2026-08-03T11:04:53.8566399Z 
2026-08-03T11:04:53.8566405Z 
2026-08-03T11:04:53.8566518Z +++++++++++
2026-08-03T11:04:53.8566811Z + PREPARE +
2026-08-03T11:04:53.8567080Z +++++++++++
2026-08-03T11:04:53.8567236Z 
2026-08-03T11:04:53.8568042Z Loading Pipeline "/tmp/updatecli/store/1d5b2f8ca1c141ebe0368d39ec1cdf8bc32662795a21416907eb02b8bf40d890/updatecli.d/default.tpl"
2026-08-03T11:04:53.8569157Z DEBUG: Partial content detected from: "/tmp/updatecli/store/588fb5b274c1e484198885723b5a67688416feeec414d41a33908826e448fd41/updatecli.d/_scm.bitbucket.yaml"
2026-08-03T11:04:53.8570467Z DEBUG: Partial content detected from: "/tmp/updatecli/store/588fb5b274c1e484198885723b5a67688416feeec414d41a33908826e448fd41/updatecli.d/_scm.gitea.yaml"
2026-08-03T11:04:53.8571823Z DEBUG: Partial content detected from: "/tmp/updatecli/store/588fb5b274c1e484198885723b5a67688416feeec414d41a33908826e448fd41/updatecli.d/_scm.github.yaml"
2026-08-03T11:04:53.8573024Z DEBUG: Partial content detected from: "/tmp/updatecli/store/588fb5b274c1e484198885723b5a67688416feeec414d41a33908826e448fd41/updatecli.d/_scm.githubsearch.yaml"
2026-08-03T11:04:53.8574263Z DEBUG: Partial content detected from: "/tmp/updatecli/store/588fb5b274c1e484198885723b5a67688416feeec414d41a33908826e448fd41/updatecli.d/_scm.gitlab.yaml"
2026-08-03T11:04:53.8575397Z DEBUG: Partial content detected from: "/tmp/updatecli/store/588fb5b274c1e484198885723b5a67688416feeec414d41a33908826e448fd41/updatecli.d/_scm.stash.yaml"
2026-08-03T11:04:53.8576814Z Loading Pipeline "/tmp/updatecli/store/588fb5b274c1e484198885723b5a67688416feeec414d41a33908826e448fd41/updatecli.d/default.tpl"
2026-08-03T11:04:53.8577951Z DEBUG: pipelineid undefined, we'll try to generate one
2026-08-03T11:04:53.8578487Z DEBUG: using pipeline name to generate the pipelineid
2026-08-03T11:04:53.8579537Z DEBUG: Loaded 1 pipeline configuration(s) from "/tmp/updatecli/store/588fb5b274c1e484198885723b5a67688416feeec414d41a33908826e448fd41/updatecli.d/default.tpl"
2026-08-03T11:04:53.8580542Z DEBUG: using GitHub token from configuration
2026-08-03T11:04:53.8580998Z ERROR: failed loading pipeline(s)
2026-08-03T11:04:53.8581835Z 	* /tmp/updatecli/store/1d5b2f8ca1c141ebe0368d39ec1cdf8bc32662795a21416907eb02b8bf40d890/updatecli.d/default.tpl:
2026-08-03T11:04:53.8582761Z 		yaml: line 104: did not find expected comment or line break
2026-08-03T11:04:53.8583171Z 
2026-08-03T11:04:53.8583324Z 1 pipeline(s) successfully loaded
2026-08-03T11:04:53.8583581Z 
2026-08-03T11:04:53.8583754Z SCM repository retrieved: 1
2026-08-03T11:11:22.3837151Z DEBUG: cloning git repository: https://github.com/elastic/elasticsearch.git in /tmp/updatecli/github/elastic/elasticsearch
2026-08-03T11:11:22.3839765Z Enumerating objects: 4261786
2026-08-03T11:11:22.3848522Z Enumerating objects: 4262931, done.
2026-08-03T11:11:22.3848933Z Counting objects:   0% (1/1145)
2026-08-03T11:11:22.3849329Z Counting objects:   1% (12/1145)
2026-08-03T11:11:22.3849692Z Counting objects:   2% (23/1145)
2026-08-03T11:11:22.3850045Z Counting objects:   3% (35/1145)
2026-08-03T11:11:22.3850282Z Counting objects:   4% (46/1145)
2026-08-03T11:11:22.3850661Z Counting objects:   5% (58/1145)
2026-08-03T11:11:22.3850988Z Counting objects:   6% (69/1145)
2026-08-03T11:11:22.3851339Z Counting objects:   7% (81/1145)
2026-08-03T11:11:22.3851696Z Counting objects:   8% (92/1145)
2026-08-03T11:11:22.3852101Z Counting objects:   9% (104/1145)
2026-08-03T11:11:22.3852496Z Counting objects:  10% (115/1145)
2026-08-03T11:11:22.3852732Z Counting objects:  11% (126/1145)
2026-08-03T11:11:22.3852964Z Counting objects:  12% (138/1145)
2026-08-03T11:11:22.3853192Z Counting objects:  13% (149/1145)
2026-08-03T11:11:22.3853421Z Counting objects:  14% (161/1145)
2026-08-03T11:11:22.3853646Z Counting objects:  15% (172/1145)
2026-08-03T11:11:22.3853873Z Counting objects:  16% (184/1145)
2026-08-03T11:11:22.3854217Z Counting objects:  17% (195/1145)
2026-08-03T11:11:22.3854582Z Counting objects:  18% (207/1145)
2026-08-03T11:11:22.3854936Z Counting objects:  19% (218/1145)
2026-08-03T11:11:22.3855627Z Counting objects:  20% (229/1145)
2026-08-03T11:11:22.3856014Z Counting objects:  21% (241/1145)
2026-08-03T11:11:22.3856371Z Counting objects:  22% (252/1145)
2026-08-03T11:11:22.3856723Z Counting objects:  23% (264/1145)
2026-08-03T11:11:22.3857004Z Counting objects:  24% (275/1145)
2026-08-03T11:11:22.3857235Z Counting objects:  25% (287/1145)
2026-08-03T11:11:22.3857695Z Counting objects:  26% (298/1145)
2026-08-03T11:11:22.3857948Z Counting objects:  27% (310/1145)
2026-08-03T11:11:22.3858191Z Counting objects:  28% (321/1145)
2026-08-03T11:11:22.3858426Z Counting objects:  29% (333/1145)
2026-08-03T11:11:22.3858653Z Counting objects:  30% (344/1145)
2026-08-03T11:11:22.3858881Z Counting objects:  31% (355/1145)
2026-08-03T11:11:22.3859109Z Counting objects:  32% (367/1145)
2026-08-03T11:11:22.3859333Z Counting objects:  33% (378/1145)
2026-08-03T11:11:22.3859558Z Counting objects:  34% (390/1145)
2026-08-03T11:11:22.3859844Z Counting objects:  35% (401/1145)
2026-08-03T11:11:22.3860082Z Counting objects:  36% (413/1145)
2026-08-03T11:11:22.3860314Z Counting objects:  37% (424/1145)
2026-08-03T11:11:22.3860543Z Counting objects:  38% (436/1145)
2026-08-03T11:11:22.3860770Z Counting objects:  39% (447/1145)
2026-08-03T11:11:22.3860997Z Counting objects:  40% (458/1145)
2026-08-03T11:11:22.3861228Z Counting objects:  41% (470/1145)
2026-08-03T11:11:22.3861656Z Counting objects:  42% (481/1145)
2026-08-03T11:11:22.3861888Z Counting objects:  43% (493/1145)
2026-08-03T11:11:22.3862119Z Counting objects:  44% (504/1145)
2026-08-03T11:11:22.3862348Z Counting objects:  45% (516/1145)
2026-08-03T11:11:22.3862581Z Counting objects:  46% (527/1145)
2026-08-03T11:11:22.3862815Z Counting objects:  47% (539/1145)
2026-08-03T11:11:22.3863043Z Counting objects:  48% (550/1145)
2026-08-03T11:11:22.3863271Z Counting objects:  49% (562/1145)
2026-08-03T11:11:22.3863500Z Counting objects:  50% (573/1145)
2026-08-03T11:11:22.3863727Z Counting objects:  51% (584/1145)
2026-08-03T11:11:22.3863962Z Counting objects:  52% (596/1145)
2026-08-03T11:11:22.3864192Z Counting objects:  53% (607/1145)
2026-08-03T11:11:22.3864423Z Counting objects:  54% (619/1145)
2026-08-03T11:11:22.3864650Z Counting objects:  55% (630/1145)
2026-08-03T11:11:22.3864880Z Counting objects:  56% (642/1145)
2026-08-03T11:11:22.3865107Z Counting objects:  57% (653/1145)
2026-08-03T11:11:22.3865422Z Counting objects:  58% (665/1145)
2026-08-03T11:11:22.3865799Z Counting objects:  59% (676/1145)
2026-08-03T11:11:22.3866149Z Counting objects:  60% (687/1145)
2026-08-03T11:11:22.3866524Z Counting objects:  61% (699/1145)
2026-08-03T11:11:22.3867008Z Counting objects:  62% (710/1145)
2026-08-03T11:11:22.3867559Z Counting objects:  63% (722/1145)
2026-08-03T11:11:22.3867908Z Counting objects:  64% (733/1145)
2026-08-03T11:11:22.3868265Z Counting objects:  65% (745/1145)
2026-08-03T11:11:22.3868633Z Counting objects:  66% (756/1145)
2026-08-03T11:11:22.3868963Z Counting objects:  67% (768/1145)
2026-08-03T11:11:22.3869246Z Counting objects:  68% (779/1145)
2026-08-03T11:11:22.3869557Z Counting objects:  69% (791/1145)
2026-08-03T11:11:22.3869785Z Counting objects:  70% (802/1145)
2026-08-03T11:11:22.3870012Z Counting objects:  71% (813/1145)
2026-08-03T11:11:22.3870242Z Counting objects:  72% (825/1145)
2026-08-03T11:11:22.3870470Z Counting objects:  73% (836/1145)
2026-08-03T11:11:22.3870698Z Counting objects:  74% (848/1145)
2026-08-03T11:11:22.3870932Z Counting objects:  75% (859/1145)
2026-08-03T11:11:22.3871163Z Counting objects:  76% (871/1145)
2026-08-03T11:11:22.3873068Z Counting objects:  77% (882/1145)
2026-08-03T11:11:22.3873323Z Counting objects:  78% (894/1145)
2026-08-03T11:11:22.3873559Z Counting objects:  79% (905/1145)
2026-08-03T11:11:22.3873790Z Counting objects:  80% (916/1145)
2026-08-03T11:11:22.3874022Z Counting objects:  81% (928/1145)
2026-08-03T11:11:22.3874258Z Counting objects:  82% (939/1145)
2026-08-03T11:11:22.3874492Z Counting objects:  83% (951/1145)
2026-08-03T11:11:22.3874723Z Counting objects:  84% (962/1145)
2026-08-03T11:11:22.3875146Z Counting objects:  85% (974/1145)
2026-08-03T11:11:22.3875381Z Counting objects:  86% (985/1145)
2026-08-03T11:11:22.3875613Z Counting objects:  87% (997/1145)
2026-08-03T11:11:22.3875849Z Counting objects:  88% (1008/1145)
2026-08-03T11:11:22.3876093Z Counting objects:  89% (1020/1145)
2026-08-03T11:11:22.3876323Z Counting objects:  90% (1031/1145)
2026-08-03T11:11:22.3876558Z Counting objects:  91% (1042/1145)
2026-08-03T11:11:22.3876790Z Counting objects:  92% (1054/1145)
2026-08-03T11:11:22.3877022Z Counting objects:  93% (1065/1145)
2026-08-03T11:11:22.3877255Z Counting objects:  94% (1077/1145)
2026-08-03T11:11:22.3877716Z Counting objects:  95% (1088/1145)
2026-08-03T11:11:22.3877950Z Counting objects:  96% (1100/1145)
2026-08-03T11:11:22.3878178Z Counting objects:  97% (1111/1145)
2026-08-03T11:11:22.3878408Z Counting objects:  98% (1123/1145)
2026-08-03T11:11:22.3878638Z Counting objects:  99% (1134/1145)
2026-08-03T11:11:22.3878867Z Counting objects: 100% (1145/1145)
2026-08-03T11:11:22.3879115Z Counting objects: 100% (1145/1145), done.
2026-08-03T11:11:22.3879393Z Compressing objects:   0% (1/629)
2026-08-03T11:11:22.3879636Z Compressing objects:   1% (7/629)
2026-08-03T11:11:22.3879873Z Compressing objects:   2% (13/629)
2026-08-03T11:11:22.3880109Z Compressing objects:   3% (19/629)
2026-08-03T11:11:22.3880347Z Compressing objects:   4% (26/629)
2026-08-03T11:11:22.3880733Z Compressing objects:   5% (32/629)
2026-08-03T11:11:22.3880968Z Compressing objects:   6% (38/629)
2026-08-03T11:11:22.3881206Z Compressing objects:   7% (45/629)
2026-08-03T11:11:22.3881451Z Compressing objects:   8% (51/629)
2026-08-03T11:11:22.3881683Z Compressing objects:   9% (57/629)
2026-08-03T11:11:22.3881919Z Compressing objects:  10% (63/629)
2026-08-03T11:11:22.3882155Z Compressing objects:  11% (70/629)
2026-08-03T11:11:22.3882417Z Compressing objects:  12% (76/629)
2026-08-03T11:11:22.3882659Z Compressing objects:  13% (82/629)
2026-08-03T11:11:22.3882895Z Compressing objects:  14% (89/629)
2026-08-03T11:11:22.3883133Z Compressing objects:  15% (95/629)
2026-08-03T11:11:22.3883376Z Compressing objects:  16% (101/629)
2026-08-03T11:11:22.3883628Z Compressing objects:  17% (107/629)
2026-08-03T11:11:22.3883869Z Compressing objects:  18% (114/629)
2026-08-03T11:11:22.3884110Z Compressing objects:  19% (120/629)
2026-08-03T11:11:22.3884372Z Compressing objects:  20% (126/629)
2026-08-03T11:11:22.3884635Z Compressing objects:  21% (133/629)
2026-08-03T11:11:22.3884880Z Compressing objects:  22% (139/629)
2026-08-03T11:11:22.3885116Z Compressing objects:  23% (145/629)
2026-08-03T11:11:22.3885353Z Compressing objects:  24% (151/629)
2026-08-03T11:11:22.3885589Z Compressing objects:  25% (158/629)
2026-08-03T11:11:22.3885837Z Compressing objects:  26% (164/629)
2026-08-03T11:11:22.3886077Z Compressing objects:  27% (170/629)
2026-08-03T11:11:22.3886320Z Compressing objects:  28% (177/629)
2026-08-03T11:11:22.3886558Z Compressing objects:  29% (183/629)
2026-08-03T11:11:22.3886799Z Compressing objects:  30% (189/629)
2026-08-03T11:11:22.3887041Z Compressing objects:  31% (195/629)
2026-08-03T11:11:22.3887279Z Compressing objects:  32% (202/629)
2026-08-03T11:11:22.3887711Z Compressing objects:  33% (208/629)
2026-08-03T11:11:22.3887957Z Compressing objects:  34% (214/629)
2026-08-03T11:11:22.3888196Z Compressing objects:  35% (221/629)
2026-08-03T11:11:22.3888440Z Compressing objects:  36% (227/629)
2026-08-03T11:11:22.3888682Z Compressing objects:  37% (233/629)
2026-08-03T11:11:22.3888917Z Compressing objects:  38% (240/629)
2026-08-03T11:11:22.3889156Z Compressing objects:  39% (246/629)
2026-08-03T11:11:22.3889394Z Compressing objects:  40% (252/629)
2026-08-03T11:11:22.3889629Z Compressing objects:  41% (258/629)
2026-08-03T11:11:22.3889865Z Compressing objects:  42% (265/629)
2026-08-03T11:11:22.3890105Z Compressing objects:  43% (271/629)
2026-08-03T11:11:22.3890343Z Compressing objects:  44% (277/629)
2026-08-03T11:11:22.3890582Z Compressing objects:  45% (284/629)
2026-08-03T11:11:22.3891028Z Compressing objects:  46% (290/629)
2026-08-03T11:11:22.3891279Z Compressing objects:  47% (296/629)
2026-08-03T11:11:22.3891520Z Compressing objects:  48% (302/629)
2026-08-03T11:11:22.3891757Z Compressing objects:  49% (309/629)
2026-08-03T11:11:22.3891997Z Compressing objects:  50% (315/629)
2026-08-03T11:11:22.3892233Z Compressing objects:  51% (321/629)
2026-08-03T11:11:22.3892481Z Compressing objects:  52% (328/629)
2026-08-03T11:11:22.3892720Z Compressing objects:  53% (334/629)
2026-08-03T11:11:22.3892956Z Compressing objects:  54% (340/629)
2026-08-03T11:11:22.3893194Z Compressing objects:  55% (346/629)
2026-08-03T11:11:22.3893432Z Compressing objects:  56% (353/629)
2026-08-03T11:11:22.3893671Z Compressing objects:  57% (359/629)
2026-08-03T11:11:22.3893911Z Compressing objects:  58% (365/629)
2026-08-03T11:11:22.3894146Z Compressing objects:  59% (372/629)
2026-08-03T11:11:22.3894398Z Compressing objects:  60% (378/629)
2026-08-03T11:11:22.3894634Z Compressing objects:  61% (384/629)
2026-08-03T11:11:22.3894876Z Compressing objects:  62% (390/629)
2026-08-03T11:11:22.3895119Z Compressing objects:  63% (397/629)
2026-08-03T11:11:22.3895364Z Compressing objects:  64% (403/629)
2026-08-03T11:11:22.3895601Z Compressing objects:  65% (409/629)
2026-08-03T11:11:22.3895841Z Compressing objects:  66% (416/629)
2026-08-03T11:11:22.3896099Z Compressing objects:  67% (422/629)
2026-08-03T11:11:22.3896636Z Compressing objects:  68% (428/629)
2026-08-03T11:11:22.3896877Z Compressing objects:  69% (435/629)
2026-08-03T11:11:22.3897211Z Compressing objects:  70% (441/629)
2026-08-03T11:11:22.3897759Z Compressing objects:  71% (447/629)
2026-08-03T11:11:22.3898136Z Compressing objects:  72% (453/629)
2026-08-03T11:11:22.3898534Z Compressing objects:  73% (460/629)
2026-08-03T11:11:22.3898865Z Compressing objects:  74% (466/629)
2026-08-03T11:11:22.3899106Z Compressing objects:  75% (472/629)
2026-08-03T11:11:22.3899344Z Compressing objects:  76% (479/629)
2026-08-03T11:11:22.3899583Z Compressing objects:  77% (485/629)
2026-08-03T11:11:22.3899829Z Compressing objects:  78% (491/629)
2026-08-03T11:11:22.3900073Z Compressing objects:  79% (497/629)
2026-08-03T11:11:22.3900427Z Compressing objects:  80% (504/629)
2026-08-03T11:11:22.3900667Z Compressing objects:  81% (510/629)
2026-08-03T11:11:22.3900905Z Compressing objects:  82% (516/629)
2026-08-03T11:11:22.3901144Z Compressing objects:  83% (523/629)
2026-08-03T11:11:22.3901389Z Compressing objects:  84% (529/629)
2026-08-03T11:11:22.3901627Z Compressing objects:  85% (535/629)
2026-08-03T11:11:22.3901864Z Compressing objects:  86% (541/629)
2026-08-03T11:11:22.3902101Z Compressing objects:  87% (548/629)
2026-08-03T11:11:22.3902366Z Compressing objects:  88% (554/629)
2026-08-03T11:11:22.3902605Z Compressing objects:  89% (560/629)
2026-08-03T11:11:22.3902845Z Compressing objects:  90% (567/629)
2026-08-03T11:11:22.3903080Z Compressing objects:  91% (573/629)
2026-08-03T11:11:22.3903317Z Compressing objects:  92% (579/629)
2026-08-03T11:11:22.3903559Z Compressing objects:  93% (585/629)
2026-08-03T11:11:22.3903805Z Compressing objects:  94% (592/629)
2026-08-03T11:11:22.3904040Z Compressing objects:  95% (598/629)
2026-08-03T11:11:22.3904274Z Compressing objects:  96% (604/629)
2026-08-03T11:11:22.3904512Z Compressing objects:  97% (611/629)
2026-08-03T11:11:22.3904749Z Compressing objects:  98% (617/629)
2026-08-03T11:11:22.3904990Z Compressing objects:  99% (623/629)
2026-08-03T11:11:22.3905230Z Compressing objects: 100% (629/629)
2026-08-03T11:11:22.3905482Z Compressing objects: 100% (629/629), done.
2026-08-03T11:11:22.3905897Z Total 4262931 (delta 736), reused 538 (delta 502), pack-reused 4261786 (from 2)
2026-08-03T11:11:22.3906328Z DEBUG: Fetching remote branches for resetting local ones
2026-08-03T11:23:28.8196498Z DEBUG: Enumerating objects: 3023253
2026-08-03T11:23:28.8197006Z Enumerating objects: 3375643
2026-08-03T11:23:28.8197601Z Enumerating objects: 3807578
2026-08-03T11:23:28.8197955Z Enumerating objects: 4235153
2026-08-03T11:23:28.8198200Z Enumerating objects: 4673134
2026-08-03T11:23:28.8198769Z Enumerating objects: 5109836
2026-08-03T11:23:28.8198998Z Enumerating objects: 5529851
2026-08-03T11:23:28.8199220Z Enumerating objects: 5912024
2026-08-03T11:23:28.8199453Z Enumerating objects: 5988590, done.
2026-08-03T11:23:28.8199721Z Counting objects:   0% (1/2965337)
2026-08-03T11:23:28.8199978Z Counting objects:   1% (29654/2965337)
2026-08-03T11:23:28.8200256Z Counting objects:   2% (59307/2965337)
2026-08-03T11:23:28.8200500Z Counting objects:   3% (88961/2965337)
2026-08-03T11:23:28.8200742Z Counting objects:   4% (118614/2965337)
2026-08-03T11:23:28.8200998Z Counting objects:   5% (148267/2965337)
2026-08-03T11:23:28.8201241Z Counting objects:   6% (177921/2965337)
2026-08-03T11:23:28.8201487Z Counting objects:   7% (207574/2965337)
2026-08-03T11:23:28.8201727Z Counting objects:   8% (237227/2965337)
2026-08-03T11:23:28.8201973Z Counting objects:   9% (266881/2965337)
2026-08-03T11:23:28.8202212Z Counting objects:  10% (296534/2965337)
2026-08-03T11:23:28.8202463Z Counting objects:  11% (326188/2965337)
2026-08-03T11:23:28.8202775Z Counting objects:  12% (355841/2965337)
2026-08-03T11:23:28.8203019Z Counting objects:  13% (385494/2965337)
2026-08-03T11:23:28.8203266Z Counting objects:  14% (415148/2965337)
2026-08-03T11:23:28.8203512Z Counting objects:  15% (444801/2965337)
2026-08-03T11:23:28.8203753Z Counting objects:  16% (474454/2965337)
2026-08-03T11:23:28.8204174Z Counting objects:  16% (501623/2965337)
2026-08-03T11:23:28.8204420Z Counting objects:  17% (504108/2965337)
2026-08-03T11:23:28.8204681Z Counting objects:  18% (533761/2965337)
2026-08-03T11:23:28.8204926Z Counting objects:  19% (563415/2965337)
2026-08-03T11:23:28.8205171Z Counting objects:  20% (593068/2965337)
2026-08-03T11:23:28.8205409Z Counting objects:  21% (622721/2965337)
2026-08-03T11:23:28.8205651Z Counting objects:  22% (652375/2965337)
2026-08-03T11:23:28.8205889Z Counting objects:  23% (682028/2965337)
2026-08-03T11:23:28.8206134Z Counting objects:  24% (711681/2965337)
2026-08-03T11:23:28.8206384Z Counting objects:  25% (741335/2965337)
2026-08-03T11:23:28.8206632Z Counting objects:  26% (770988/2965337)
2026-08-03T11:23:28.8206882Z Counting objects:  27% (800641/2965337)
2026-08-03T11:23:28.8207123Z Counting objects:  28% (830295/2965337)
2026-08-03T11:23:28.8207499Z Counting objects:  29% (859948/2965337)
2026-08-03T11:23:28.8207750Z Counting objects:  30% (889602/2965337)
2026-08-03T11:23:28.8208002Z Counting objects:  31% (919255/2965337)
2026-08-03T11:23:28.8208246Z Counting objects:  32% (948908/2965337)
2026-08-03T11:23:28.8208486Z Counting objects:  33% (978562/2965337)
2026-08-03T11:23:28.8208737Z Counting objects:  34% (1008215/2965337)
2026-08-03T11:23:28.8208995Z Counting objects:  35% (1037868/2965337)
2026-08-03T11:23:28.8209242Z Counting objects:  36% (1067522/2965337)
2026-08-03T11:23:28.8209490Z Counting objects:  37% (1097175/2965337)
2026-08-03T11:23:28.8209735Z Counting objects:  38% (1126829/2965337)
2026-08-03T11:23:28.8209981Z Counting objects:  39% (1156482/2965337)
2026-08-03T11:23:28.8210230Z Counting objects:  39% (1163398/2965337)
2026-08-03T11:23:28.8210474Z Counting objects:  40% (1186135/2965337)
2026-08-03T11:23:28.8210717Z Counting objects:  41% (1215789/2965337)
2026-08-03T11:23:28.8210962Z Counting objects:  42% (1245442/2965337)
2026-08-03T11:23:28.8211208Z Counting objects:  43% (1275095/2965337)
2026-08-03T11:23:28.8211459Z Counting objects:  44% (1304749/2965337)
2026-08-03T11:23:28.8211703Z Counting objects:  45% (1334402/2965337)
2026-08-03T11:23:28.8211947Z Counting objects:  46% (1364056/2965337)
2026-08-03T11:23:28.8212191Z Counting objects:  47% (1393709/2965337)
2026-08-03T11:23:28.8212434Z Counting objects:  48% (1423362/2965337)
2026-08-03T11:23:28.8212680Z Counting objects:  49% (1453016/2965337)
2026-08-03T11:23:28.8212925Z Counting objects:  50% (1482669/2965337)
2026-08-03T11:23:28.8213169Z Counting objects:  51% (1512322/2965337)
2026-08-03T11:23:28.8213414Z Counting objects:  52% (1541976/2965337)
2026-08-03T11:23:28.8213806Z Counting objects:  53% (1571629/2965337)
2026-08-03T11:23:28.8214063Z Counting objects:  54% (1601282/2965337)
2026-08-03T11:23:28.8214308Z Counting objects:  55% (1630936/2965337)
2026-08-03T11:23:28.8214552Z Counting objects:  56% (1660589/2965337)
2026-08-03T11:23:28.8214797Z Counting objects:  57% (1690243/2965337)
2026-08-03T11:23:28.8215039Z Counting objects:  58% (1719896/2965337)
2026-08-03T11:23:28.8215295Z Counting objects:  59% (1749549/2965337)
2026-08-03T11:23:28.8215539Z Counting objects:  60% (1779203/2965337)
2026-08-03T11:23:28.8215785Z Counting objects:  61% (1808856/2965337)
2026-08-03T11:23:28.8216029Z Counting objects:  61% (1814774/2965337)
2026-08-03T11:23:28.8216274Z Counting objects:  62% (1838509/2965337)
2026-08-03T11:23:28.8216520Z Counting objects:  63% (1868163/2965337)
2026-08-03T11:23:28.8216765Z Counting objects:  64% (1897816/2965337)
2026-08-03T11:23:28.8217009Z Counting objects:  65% (1927470/2965337)
2026-08-03T11:23:28.8217255Z Counting objects:  66% (1957123/2965337)
2026-08-03T11:23:28.8217650Z Counting objects:  67% (1986776/2965337)
2026-08-03T11:23:28.8217897Z Counting objects:  68% (2016430/2965337)
2026-08-03T11:23:28.8218145Z Counting objects:  69% (2046083/2965337)
2026-08-03T11:23:28.8218391Z Counting objects:  70% (2075736/2965337)
2026-08-03T11:23:28.8218640Z Counting objects:  71% (2105390/2965337)
2026-08-03T11:23:28.8219030Z Counting objects:  72% (2135043/2965337)
2026-08-03T11:23:28.8219275Z Counting objects:  73% (2164697/2965337)
2026-08-03T11:23:28.8219520Z Counting objects:  74% (2194350/2965337)
2026-08-03T11:23:28.8219762Z Counting objects:  75% (2224003/2965337)
2026-08-03T11:23:28.8220007Z Counting objects:  76% (2253657/2965337)
2026-08-03T11:23:28.8220255Z Counting objects:  77% (2283310/2965337)
2026-08-03T11:23:28.8220498Z Counting objects:  78% (2312963/2965337)
2026-08-03T11:23:28.8220742Z Counting objects:  79% (2342617/2965337)
2026-08-03T11:23:28.8220989Z Counting objects:  80% (2372270/2965337)
2026-08-03T11:23:28.8221248Z Counting objects:  81% (2401923/2965337)
2026-08-03T11:23:28.8221497Z Counting objects:  82% (2431577/2965337)
2026-08-03T11:23:28.8221745Z Counting objects:  83% (2461230/2965337)
2026-08-03T11:23:28.8221994Z Counting objects:  83% (2472147/2965337)
2026-08-03T11:23:28.8222242Z Counting objects:  84% (2490884/2965337)
2026-08-03T11:23:28.8222490Z Counting objects:  85% (2520537/2965337)
2026-08-03T11:23:28.8222741Z Counting objects:  86% (2550190/2965337)
2026-08-03T11:23:28.8223160Z Counting objects:  87% (2579844/2965337)
2026-08-03T11:23:28.8223528Z Counting objects:  88% (2609497/2965337)
2026-08-03T11:23:28.8224132Z Counting objects:  89% (2639150/2965337)
2026-08-03T11:23:28.8224583Z Counting objects:  90% (2668804/2965337)
2026-08-03T11:23:28.8224965Z Counting objects:  91% (2698457/2965337)
2026-08-03T11:23:28.8225388Z Counting objects:  92% (2728111/2965337)
2026-08-03T11:23:28.8225768Z Counting objects:  93% (2757764/2965337)
2026-08-03T11:23:28.8226115Z Counting objects:  94% (2787417/2965337)
2026-08-03T11:23:28.8280698Z Counting objects:  95% (2817071/2965337)
2026-08-03T11:23:28.8281143Z Counting objects:  96% (2846724/2965337)
2026-08-03T11:23:28.8281418Z Counting objects:  97% (2876377/2965337)
2026-08-03T11:23:28.8281730Z Counting objects:  98% (2906031/2965337)
2026-08-03T11:23:28.8282095Z Counting objects:  99% (2935684/2965337)
2026-08-03T11:23:28.8282502Z Counting objects: 100% (2965337/2965337)
2026-08-03T11:23:28.8282796Z Counting objects: 100% (2965337/2965337), done.
2026-08-03T11:23:28.8283132Z Compressing objects:   0% (1/1679857)
2026-08-03T11:23:28.8283523Z Compressing objects:   0% (891/1679857)
2026-08-03T11:23:28.8283838Z Compressing objects:   0% (3126/1679857)
2026-08-03T11:23:28.8284113Z Compressing objects:   0% (7314/1679857)
2026-08-03T11:23:28.8284362Z Compressing objects:   0% (7999/1679857)
2026-08-03T11:23:28.8284609Z Compressing objects:   0% (8745/1679857)
2026-08-03T11:23:28.8284852Z Compressing objects:   0% (9505/1679857)
2026-08-03T11:23:28.8285101Z Compressing objects:   0% (10303/1679857)
2026-08-03T11:23:28.8285745Z Compressing objects:   0% (12871/1679857)
2026-08-03T11:23:28.8286000Z Compressing objects:   0% (16689/1679857)
2026-08-03T11:23:28.8286249Z Compressing objects:   1% (16799/1679857)
2026-08-03T11:23:28.8286495Z Compressing objects:   1% (16987/1679857)
2026-08-03T11:23:28.8286743Z Compressing objects:   1% (20816/1679857)
2026-08-03T11:23:28.8287002Z Compressing objects:   1% (24145/1679857)
2026-08-03T11:23:28.8287256Z Compressing objects:   1% (27648/1679857)
2026-08-03T11:23:28.8287758Z Compressing objects:   1% (32165/1679857)
2026-08-03T11:23:28.8288013Z Compressing objects:   2% (33598/1679857)
2026-08-03T11:23:28.8288260Z Compressing objects:   2% (36313/1679857)
2026-08-03T11:23:28.8288507Z Compressing objects:   2% (40136/1679857)
2026-08-03T11:23:28.8288755Z Compressing objects:   2% (43495/1679857)
2026-08-03T11:23:28.8289017Z Compressing objects:   2% (44889/1679857)
2026-08-03T11:23:28.8289286Z Compressing objects:   2% (45780/1679857)
2026-08-03T11:23:28.8289542Z Compressing objects:   2% (48406/1679857)
2026-08-03T11:23:28.8289791Z Compressing objects:   3% (50396/1679857)
2026-08-03T11:23:28.8290037Z Compressing objects:   3% (51409/1679857)
2026-08-03T11:23:28.8290283Z Compressing objects:   3% (53623/1679857)
2026-08-03T11:23:28.8290533Z Compressing objects:   3% (56286/1679857)
2026-08-03T11:23:28.8290780Z Compressing objects:   3% (58975/1679857)
2026-08-03T11:23:28.8291196Z Compressing objects:   3% (60101/1679857)
2026-08-03T11:23:28.8291450Z Compressing objects:   3% (61604/1679857)
2026-08-03T11:23:28.8291697Z Compressing objects:   3% (63258/1679857)
2026-08-03T11:23:28.8291945Z Compressing objects:   3% (64882/1679857)
2026-08-03T11:23:28.8292196Z Compressing objects:   3% (66739/1679857)
2026-08-03T11:23:28.8292444Z Compressing objects:   4% (67195/1679857)
2026-08-03T11:23:28.8292691Z Compressing objects:   4% (68467/1679857)
2026-08-03T11:23:28.8292940Z Compressing objects:   4% (69830/1679857)
2026-08-03T11:23:28.8293191Z Compressing objects:   4% (70891/1679857)
2026-08-03T11:23:28.8293449Z Compressing objects:   4% (71143/1679857)
2026-08-03T11:23:28.8293702Z Compressing objects:   4% (71608/1679857)
2026-08-03T11:23:28.8293953Z Compressing objects:   4% (72735/1679857)
2026-08-03T11:23:28.8294200Z Compressing objects:   4% (73123/1679857)
2026-08-03T11:23:28.8294445Z Compressing objects:   4% (73810/1679857)
2026-08-03T11:23:28.8294701Z Compressing objects:   4% (75561/1679857)
2026-08-03T11:23:28.8294949Z Compressing objects:   4% (76816/1679857)
2026-08-03T11:23:28.8295194Z Compressing objects:   4% (77759/1679857)
2026-08-03T11:23:28.8295441Z Compressing objects:   4% (78589/1679857)
2026-08-03T11:23:28.8295694Z Compressing objects:   4% (78665/1679857)
2026-08-03T11:23:28.8295943Z Compressing objects:   4% (78745/1679857)
2026-08-03T11:23:28.8296196Z Compressing objects:   4% (78860/1679857)
2026-08-03T11:23:28.8296442Z Compressing objects:   4% (78967/1679857)
2026-08-03T11:23:28.8296691Z Compressing objects:   4% (79100/1679857)
2026-08-03T11:23:28.8296947Z Compressing objects:   4% (79362/1679857)
2026-08-03T11:23:28.8297198Z Compressing objects:   4% (79633/1679857)
2026-08-03T11:23:28.8297694Z Compressing objects:   4% (80252/1679857)
2026-08-03T11:23:28.8297949Z Compressing objects:   4% (81013/1679857)
2026-08-03T11:23:28.8298203Z Compressing objects:   4% (81813/1679857)
2026-08-03T11:23:28.8298469Z Compressing objects:   4% (82218/1679857)
2026-08-03T11:23:28.8298717Z Compressing objects:   4% (83501/1679857)
2026-08-03T11:23:28.8298969Z Compressing objects:   4% (83984/1679857)
2026-08-03T11:23:28.8299222Z Compressing objects:   5% (83993/1679857)
2026-08-03T11:23:28.8299473Z Compressing objects:   5% (84314/1679857)
2026-08-03T11:23:28.8299724Z Compressing objects:   5% (84709/1679857)
2026-08-03T11:23:28.8299975Z Compressing objects:   5% (85247/1679857)
2026-08-03T11:23:28.8300223Z Compressing objects:   5% (86506/1679857)
2026-08-03T11:23:28.8300476Z Compressing objects:   5% (87861/1679857)
2026-08-03T11:23:28.8300880Z Compressing objects:   5% (88755/1679857)
2026-08-03T11:23:28.8301136Z Compressing objects:   5% (90056/1679857)
2026-08-03T11:23:28.8301384Z Compressing objects:   5% (90577/1679857)
2026-08-03T11:23:28.8301631Z Compressing objects:   5% (91493/1679857)
2026-08-03T11:23:28.8301879Z Compressing objects:   5% (92489/1679857)
2026-08-03T11:23:28.8302129Z Compressing objects:   5% (93524/1679857)
2026-08-03T11:23:28.8302384Z Compressing objects:   5% (94178/1679857)
2026-08-03T11:23:28.8302634Z Compressing objects:   5% (95515/1679857)
2026-08-03T11:23:28.8302882Z Compressing objects:   5% (95964/1679857)
2026-08-03T11:23:28.8303133Z Compressing objects:   5% (96796/1679857)
2026-08-03T11:23:28.8303378Z Compressing objects:   5% (98980/1679857)
2026-08-03T11:23:28.8303634Z Compressing objects:   5% (100746/1679857)
2026-08-03T11:23:28.8303895Z Compressing objects:   6% (100792/1679857)
2026-08-03T11:23:28.8304157Z Compressing objects:   6% (102390/1679857)
2026-08-03T11:23:28.8304413Z Compressing objects:   6% (103875/1679857)
2026-08-03T11:23:28.8304671Z Compressing objects:   6% (105039/1679857)
2026-08-03T11:23:28.8304924Z Compressing objects:   6% (106197/1679857)
2026-08-03T11:23:28.8305185Z Compressing objects:   6% (107510/1679857)
2026-08-03T11:23:28.8305434Z Compressing objects:   6% (108513/1679857)
2026-08-03T11:23:28.8305690Z Compressing objects:   6% (109462/1679857)
2026-08-03T11:23:28.8306111Z Compressing objects:   6% (110117/1679857)
2026-08-03T11:23:28.8306365Z Compressing objects:   6% (111009/1679857)
2026-08-03T11:23:28.8306616Z Compressing objects:   6% (112407/1679857)
2026-08-03T11:23:28.8306869Z Compressing objects:   6% (113491/1679857)
2026-08-03T11:23:28.8307120Z Compressing objects:   6% (113689/1679857)
2026-08-03T11:23:28.8307566Z Compressing objects:   6% (113857/1679857)
2026-08-03T11:23:28.8307848Z Compressing objects:   6% (114023/1679857)
2026-08-03T11:23:28.8308109Z Compressing objects:   6% (114215/1679857)
2026-08-03T11:23:28.8308360Z Compressing objects:   6% (114421/1679857)
2026-08-03T11:23:28.8308621Z Compressing objects:   6% (114667/1679857)
2026-08-03T11:23:28.8308869Z Compressing objects:   6% (114924/1679857)
2026-08-03T11:23:28.8309125Z Compressing objects:   6% (115273/1679857)
2026-08-03T11:23:28.8309376Z Compressing objects:   6% (115680/1679857)
2026-08-03T11:23:28.8309628Z Compressing objects:   6% (116276/1679857)
2026-08-03T11:23:28.8309885Z Compressing objects:   6% (117567/1679857)
2026-08-03T11:23:28.8310135Z Compressing objects:   7% (117590/1679857)
2026-08-03T11:23:28.8310385Z Compressing objects:   7% (120839/1679857)
2026-08-03T11:23:28.8310637Z Compressing objects:   7% (124132/1679857)
2026-08-03T11:23:28.8310892Z Compressing objects:   7% (127131/1679857)
2026-08-03T11:23:28.8311145Z Compressing objects:   7% (129656/1679857)
2026-08-03T11:23:28.8311396Z Compressing objects:   7% (132556/1679857)
2026-08-03T11:23:28.8311652Z Compressing objects:   8% (134389/1679857)
2026-08-03T11:23:28.8311901Z Compressing objects:   8% (135179/1679857)
2026-08-03T11:23:28.8312161Z Compressing objects:   8% (137187/1679857)
2026-08-03T11:23:28.8312413Z Compressing objects:   8% (138803/1679857)
2026-08-03T11:23:28.8312665Z Compressing objects:   8% (141126/1679857)
2026-08-03T11:23:28.8312921Z Compressing objects:   8% (145135/1679857)
2026-08-03T11:23:28.8313174Z Compressing objects:   8% (147607/1679857)
2026-08-03T11:23:28.8313426Z Compressing objects:   8% (150588/1679857)
2026-08-03T11:23:28.8313686Z Compressing objects:   9% (151188/1679857)
2026-08-03T11:23:28.8313938Z Compressing objects:   9% (152070/1679857)
2026-08-03T11:23:28.8314189Z Compressing objects:   9% (155422/1679857)
2026-08-03T11:23:28.8314438Z Compressing objects:   9% (157147/1679857)
2026-08-03T11:23:28.8314686Z Compressing objects:   9% (159380/1679857)
2026-08-03T11:23:28.8314936Z Compressing objects:   9% (159534/1679857)
2026-08-03T11:23:28.8315189Z Compressing objects:   9% (159595/1679857)
2026-08-03T11:23:28.8315458Z Compressing objects:   9% (159849/1679857)
2026-08-03T11:23:28.8315859Z Compressing objects:   9% (161581/1679857)
2026-08-03T11:23:28.8316115Z Compressing objects:   9% (161641/1679857)
2026-08-03T11:23:28.8316363Z Compressing objects:   9% (161705/1679857)
2026-08-03T11:23:28.8316614Z Compressing objects:   9% (161781/1679857)
2026-08-03T11:23:28.8316863Z Compressing objects:   9% (162205/1679857)
2026-08-03T11:23:28.8317108Z Compressing objects:   9% (165014/1679857)
2026-08-03T11:23:28.8317536Z Compressing objects:   9% (165862/1679857)
2026-08-03T11:23:28.8317798Z Compressing objects:   9% (166116/1679857)
2026-08-03T11:23:28.8318047Z Compressing objects:   9% (166400/1679857)
2026-08-03T11:23:28.8318301Z Compressing objects:   9% (166680/1679857)
2026-08-03T11:23:28.8318573Z Compressing objects:   9% (166981/1679857)
2026-08-03T11:23:28.8318827Z Compressing objects:   9% (167311/1679857)
2026-08-03T11:23:28.8319076Z Compressing objects:   9% (167746/1679857)
2026-08-03T11:23:28.8319332Z Compressing objects:  10% (167986/1679857)
2026-08-03T11:23:28.8319594Z Compressing objects:  10% (168217/1679857)
2026-08-03T11:23:28.8319860Z Compressing objects:  10% (168895/1679857)
2026-08-03T11:23:28.8320127Z Compressing objects:  10% (170466/1679857)
2026-08-03T11:23:28.8320387Z Compressing objects:  10% (173410/1679857)
2026-08-03T11:23:28.8320638Z Compressing objects:  10% (175793/1679857)
2026-08-03T11:23:28.8320886Z Compressing objects:  10% (178351/1679857)
2026-08-03T11:23:28.8321352Z Compressing objects:  10% (180757/1679857)
2026-08-03T11:23:28.8321622Z Compressing objects:  10% (182069/1679857)
2026-08-03T11:23:28.8321876Z Compressing objects:  10% (183853/1679857)
2026-08-03T11:23:28.8322123Z Compressing objects:  11% (184785/1679857)
2026-08-03T11:23:28.8322372Z Compressing objects:  11% (185322/1679857)
2026-08-03T11:23:28.8322623Z Compressing objects:  11% (187796/1679857)
2026-08-03T11:23:28.8322876Z Compressing objects:  11% (189342/1679857)
2026-08-03T11:23:28.8323123Z Compressing objects:  11% (191476/1679857)
2026-08-03T11:23:28.8323374Z Compressing objects:  11% (193989/1679857)
2026-08-03T11:23:28.8323633Z Compressing objects:  11% (197270/1679857)
2026-08-03T11:23:28.8323887Z Compressing objects:  11% (199509/1679857)
2026-08-03T11:23:28.8324138Z Compressing objects:  12% (201583/1679857)
2026-08-03T11:23:28.8324387Z Compressing objects:  12% (201983/1679857)
2026-08-03T11:23:28.8324635Z Compressing objects:  12% (203680/1679857)
2026-08-03T11:23:28.8324894Z Compressing objects:  12% (205381/1679857)
2026-08-03T11:23:28.8325146Z Compressing objects:  12% (207473/1679857)
2026-08-03T11:23:28.8325398Z Compressing objects:  12% (209581/1679857)
2026-08-03T11:23:28.8325651Z Compressing objects:  12% (212198/1679857)
2026-08-03T11:23:28.8325900Z Compressing objects:  12% (216249/1679857)
2026-08-03T11:23:28.8326152Z Compressing objects:  13% (218382/1679857)
2026-08-03T11:23:28.8326404Z Compressing objects:  13% (219766/1679857)
2026-08-03T11:23:28.8326658Z Compressing objects:  13% (223126/1679857)
2026-08-03T11:23:28.8326906Z Compressing objects:  13% (226316/1679857)
2026-08-03T11:23:28.8327166Z Compressing objects:  13% (228859/1679857)
2026-08-03T11:23:28.8327686Z Compressing objects:  13% (231323/1679857)
2026-08-03T11:23:28.8327982Z Compressing objects:  13% (234498/1679857)
2026-08-03T11:23:28.8328297Z Compressing objects:  14% (235180/1679857)
2026-08-03T11:23:28.8328583Z Compressing objects:  14% (236903/1679857)
2026-08-03T11:23:28.8328837Z Compressing objects:  14% (237807/1679857)
2026-08-03T11:23:28.8329147Z Compressing objects:  14% (238448/1679857)
2026-08-03T11:23:28.8329450Z Compressing objects:  14% (239529/1679857)
2026-08-03T11:23:28.8329706Z Compressing objects:  14% (240171/1679857)
2026-08-03T11:23:28.8329957Z Compressing objects:  14% (241398/1679857)
2026-08-03T11:23:28.8330310Z Compressing objects:  14% (242247/1679857)
2026-08-03T11:23:28.8330565Z Compressing objects:  14% (243504/1679857)
2026-08-03T11:23:28.8330814Z Compressing objects:  14% (245980/1679857)
2026-08-03T11:23:28.8331064Z Compressing objects:  14% (246965/1679857)
2026-08-03T11:23:28.8331591Z Compressing objects:  14% (248615/1679857)
2026-08-03T11:23:28.8331844Z Compressing objects:  14% (249644/1679857)
2026-08-03T11:23:28.8332105Z Compressing objects:  15% (251979/1679857)
2026-08-03T11:23:28.8332354Z Compressing objects:  15% (253776/1679857)
2026-08-03T11:23:28.8332603Z Compressing objects:  15% (254648/1679857)
2026-08-03T11:23:28.8332855Z Compressing objects:  15% (254984/1679857)
2026-08-03T11:23:28.8333115Z Compressing objects:  15% (255300/1679857)
2026-08-03T11:23:28.8333369Z Compressing objects:  15% (255661/1679857)
2026-08-03T11:23:28.8333620Z Compressing objects:  15% (256229/1679857)
2026-08-03T11:23:28.8333872Z Compressing objects:  15% (257313/1679857)
2026-08-03T11:23:28.8334123Z Compressing objects:  15% (258455/1679857)
2026-08-03T11:23:28.8334371Z Compressing objects:  15% (259108/1679857)
2026-08-03T11:23:28.8334620Z Compressing objects:  15% (260268/1679857)
2026-08-03T11:23:28.8334872Z Compressing objects:  15% (261588/1679857)
2026-08-03T11:23:28.8335123Z Compressing objects:  15% (262504/1679857)
2026-08-03T11:23:28.8335378Z Compressing objects:  15% (262905/1679857)
2026-08-03T11:23:28.8335636Z Compressing objects:  15% (263937/1679857)
2026-08-03T11:23:28.8335892Z Compressing objects:  15% (265271/1679857)
2026-08-03T11:23:28.8336141Z Compressing objects:  15% (267863/1679857)
2026-08-03T11:23:28.8336392Z Compressing objects:  16% (268778/1679857)
2026-08-03T11:23:28.8336780Z Compressing objects:  16% (269720/1679857)
2026-08-03T11:23:28.8337034Z Compressing objects:  16% (271878/1679857)
2026-08-03T11:23:28.8337283Z Compressing objects:  16% (273574/1679857)
2026-08-03T11:23:28.8337721Z Compressing objects:  16% (275518/1679857)
2026-08-03T11:23:28.8337979Z Compressing objects:  16% (277698/1679857)
2026-08-03T11:23:28.8338230Z Compressing objects:  16% (279818/1679857)
2026-08-03T11:23:28.8338484Z Compressing objects:  16% (280131/1679857)
2026-08-03T11:23:28.8338738Z Compressing objects:  16% (281778/1679857)
2026-08-03T11:23:28.8338991Z Compressing objects:  16% (284230/1679857)
2026-08-03T11:23:28.8339257Z Compressing objects:  16% (285314/1679857)
2026-08-03T11:23:28.8339511Z Compressing objects:  17% (285576/1679857)
2026-08-03T11:23:28.8339765Z Compressing objects:  17% (287048/1679857)
2026-08-03T11:23:28.8340017Z Compressing objects:  17% (289886/1679857)
2026-08-03T11:23:28.8340267Z Compressing objects:  17% (294281/1679857)
2026-08-03T11:23:28.8340523Z Compressing objects:  18% (302375/1679857)
2026-08-03T11:23:28.8340772Z Compressing objects:  19% (319173/1679857)
2026-08-03T11:23:28.8341027Z Compressing objects:  19% (323916/1679857)
2026-08-03T11:23:28.8341284Z Compressing objects:  20% (335972/1679857)
2026-08-03T11:23:28.8341533Z Compressing objects:  20% (351531/1679857)
2026-08-03T11:23:28.8341792Z Compressing objects:  21% (352770/1679857)
2026-08-03T11:23:28.8342045Z Compressing objects:  22% (369569/1679857)
2026-08-03T11:23:28.8342294Z Compressing objects:  22% (378410/1679857)
2026-08-03T11:23:28.8342546Z Compressing objects:  23% (386368/1679857)
2026-08-03T11:23:28.8342804Z Compressing objects:  24% (403166/1679857)
2026-08-03T11:23:28.8343058Z Compressing objects:  25% (419965/1679857)
2026-08-03T11:23:28.8343308Z Compressing objects:  25% (421988/1679857)
2026-08-03T11:23:28.8343559Z Compressing objects:  26% (436763/1679857)
2026-08-03T11:23:28.8343809Z Compressing objects:  27% (453562/1679857)
2026-08-03T11:23:28.8344069Z Compressing objects:  27% (456491/1679857)
2026-08-03T11:23:28.8344364Z Compressing objects:  28% (470360/1679857)
2026-08-03T11:23:28.8344615Z Compressing objects:  29% (487159/1679857)
2026-08-03T11:23:28.8344867Z Compressing objects:  29% (493534/1679857)
2026-08-03T11:23:28.8345116Z Compressing objects:  30% (503958/1679857)
2026-08-03T11:23:28.8345369Z Compressing objects:  31% (520756/1679857)
2026-08-03T11:23:28.8345626Z Compressing objects:  31% (535862/1679857)
2026-08-03T11:23:28.8345882Z Compressing objects:  32% (537555/1679857)
2026-08-03T11:23:28.8346132Z Compressing objects:  33% (554353/1679857)
2026-08-03T11:23:28.8346539Z Compressing objects:  34% (571152/1679857)
2026-08-03T11:23:28.8346799Z Compressing objects:  35% (587950/1679857)
2026-08-03T11:23:28.8347053Z Compressing objects:  36% (604749/1679857)
2026-08-03T11:23:28.8347489Z Compressing objects:  36% (617145/1679857)
2026-08-03T11:23:28.8347752Z Compressing objects:  37% (621548/1679857)
2026-08-03T11:23:28.8348001Z Compressing objects:  38% (638346/1679857)
2026-08-03T11:23:28.8348263Z Compressing objects:  38% (643837/1679857)
2026-08-03T11:23:28.8348512Z Compressing objects:  39% (655145/1679857)
2026-08-03T11:23:28.8348763Z Compressing objects:  39% (659203/1679857)
2026-08-03T11:23:28.8349010Z Compressing objects:  40% (671943/1679857)
2026-08-03T11:23:28.8349262Z Compressing objects:  41% (688742/1679857)
2026-08-03T11:23:28.8349511Z Compressing objects:  42% (705540/1679857)
2026-08-03T11:23:28.8349763Z Compressing objects:  42% (709607/1679857)
2026-08-03T11:23:28.8350017Z Compressing objects:  43% (722339/1679857)
2026-08-03T11:23:28.8350273Z Compressing objects:  44% (739138/1679857)
2026-08-03T11:23:28.8350527Z Compressing objects:  44% (748318/1679857)
2026-08-03T11:23:28.8350782Z Compressing objects:  45% (755936/1679857)
2026-08-03T11:23:28.8351033Z Compressing objects:  46% (772735/1679857)
2026-08-03T11:23:28.8351284Z Compressing objects:  46% (780505/1679857)
2026-08-03T11:23:28.8351532Z Compressing objects:  47% (789533/1679857)
2026-08-03T11:23:28.8351957Z Compressing objects:  48% (806332/1679857)
2026-08-03T11:23:28.8352209Z Compressing objects:  48% (807857/1679857)
2026-08-03T11:23:28.8352459Z Compressing objects:  49% (823130/1679857)
2026-08-03T11:23:28.8352709Z Compressing objects:  50% (839929/1679857)
2026-08-03T11:23:28.8352958Z Compressing objects:  50% (846408/1679857)
2026-08-03T11:23:28.8353206Z Compressing objects:  51% (856728/1679857)
2026-08-03T11:23:28.8353456Z Compressing objects:  51% (868768/1679857)
2026-08-03T11:23:28.8353709Z Compressing objects:  52% (873526/1679857)
2026-08-03T11:23:28.8353958Z Compressing objects:  52% (882284/1679857)
2026-08-03T11:23:28.8354217Z Compressing objects:  53% (890325/1679857)
2026-08-03T11:23:28.8354472Z Compressing objects:  53% (896912/1679857)
2026-08-03T11:23:28.8354724Z Compressing objects:  54% (907123/1679857)
2026-08-03T11:23:28.8354973Z Compressing objects:  54% (912185/1679857)
2026-08-03T11:23:28.8355227Z Compressing objects:  55% (923922/1679857)
2026-08-03T11:23:28.8355484Z Compressing objects:  55% (930238/1679857)
2026-08-03T11:23:28.8355732Z Compressing objects:  56% (940720/1679857)
2026-08-03T11:23:28.8355982Z Compressing objects:  57% (957519/1679857)
2026-08-03T11:23:28.8356230Z Compressing objects:  58% (974318/1679857)
2026-08-03T11:23:28.8356479Z Compressing objects:  59% (991116/1679857)
2026-08-03T11:23:28.8356732Z Compressing objects:  59% (993529/1679857)
2026-08-03T11:23:28.8356987Z Compressing objects:  60% (1007915/1679857)
2026-08-03T11:23:28.8357258Z Compressing objects:  61% (1024713/1679857)
2026-08-03T11:23:28.8357747Z Compressing objects:  61% (1032702/1679857)
2026-08-03T11:23:28.8358024Z Compressing objects:  62% (1041512/1679857)
2026-08-03T11:23:28.8358279Z Compressing objects:  63% (1058310/1679857)
2026-08-03T11:23:28.8358532Z Compressing objects:  64% (1075109/1679857)
2026-08-03T11:23:28.8358785Z Compressing objects:  64% (1084867/1679857)
2026-08-03T11:23:28.8359061Z Compressing objects:  65% (1091908/1679857)
2026-08-03T11:23:28.8359329Z Compressing objects:  66% (1108706/1679857)
2026-08-03T11:23:28.8359579Z Compressing objects:  67% (1125505/1679857)
2026-08-03T11:23:28.8359832Z Compressing objects:  68% (1142303/1679857)
2026-08-03T11:23:28.8360085Z Compressing objects:  68% (1146627/1679857)
2026-08-03T11:23:28.8360337Z Compressing objects:  68% (1149871/1679857)
2026-08-03T11:23:28.8360588Z Compressing objects:  68% (1153424/1679857)
2026-08-03T11:23:28.8360847Z Compressing objects:  68% (1157946/1679857)
2026-08-03T11:23:28.8361104Z Compressing objects:  69% (1159102/1679857)
2026-08-03T11:23:28.8361359Z Compressing objects:  69% (1165176/1679857)
2026-08-03T11:23:28.8361772Z Compressing objects:  70% (1175900/1679857)
2026-08-03T11:23:28.8362038Z Compressing objects:  71% (1192699/1679857)
2026-08-03T11:23:28.8362291Z Compressing objects:  72% (1209498/1679857)
2026-08-03T11:23:28.8362546Z Compressing objects:  72% (1210706/1679857)
2026-08-03T11:23:28.8362801Z Compressing objects:  73% (1226296/1679857)
2026-08-03T11:23:28.8363064Z Compressing objects:  73% (1238415/1679857)
2026-08-03T11:23:28.8363320Z Compressing objects:  74% (1243095/1679857)
2026-08-03T11:23:28.8363576Z Compressing objects:  74% (1255510/1679857)
2026-08-03T11:23:28.8363831Z Compressing objects:  75% (1259893/1679857)
2026-08-03T11:23:28.8364084Z Compressing objects:  75% (1270852/1679857)
2026-08-03T11:23:28.8364336Z Compressing objects:  76% (1276692/1679857)
2026-08-03T11:23:28.8364589Z Compressing objects:  76% (1284494/1679857)
2026-08-03T11:23:28.8364846Z Compressing objects:  77% (1293490/1679857)
2026-08-03T11:23:28.8365099Z Compressing objects:  77% (1300872/1679857)
2026-08-03T11:23:28.8365356Z Compressing objects:  78% (1310289/1679857)
2026-08-03T11:23:28.8365608Z Compressing objects:  79% (1327088/1679857)
2026-08-03T11:23:28.8365862Z Compressing objects:  79% (1337144/1679857)
2026-08-03T11:23:28.8366115Z Compressing objects:  80% (1343886/1679857)
2026-08-03T11:23:28.8366369Z Compressing objects:  81% (1360685/1679857)
2026-08-03T11:23:28.8366761Z Compressing objects:  81% (1367273/1679857)
2026-08-03T11:23:28.8367029Z Compressing objects:  82% (1377483/1679857)
2026-08-03T11:23:28.8367295Z Compressing objects:  83% (1394282/1679857)
2026-08-03T11:23:28.8367773Z Compressing objects:  84% (1411080/1679857)
2026-08-03T11:23:28.8368032Z Compressing objects:  84% (1416960/1679857)
2026-08-03T11:23:28.8368286Z Compressing objects:  85% (1427879/1679857)
2026-08-03T11:23:28.8368542Z Compressing objects:  85% (1432601/1679857)
2026-08-03T11:23:28.8368795Z Compressing objects:  86% (1444678/1679857)
2026-08-03T11:23:28.8369046Z Compressing objects:  87% (1461476/1679857)
2026-08-03T11:23:28.8369309Z Compressing objects:  87% (1468549/1679857)
2026-08-03T11:23:28.8369568Z Compressing objects:  88% (1478275/1679857)
2026-08-03T11:23:28.8369821Z Compressing objects:  89% (1495073/1679857)
2026-08-03T11:23:28.8370074Z Compressing objects:  89% (1505741/1679857)
2026-08-03T11:23:28.8370329Z Compressing objects:  90% (1511872/1679857)
2026-08-03T11:23:28.8370591Z Compressing objects:  90% (1522616/1679857)
2026-08-03T11:23:28.8370844Z Compressing objects:  91% (1528670/1679857)
2026-08-03T11:23:28.8371099Z Compressing objects:  91% (1539150/1679857)
2026-08-03T11:23:28.8371354Z Compressing objects:  92% (1545469/1679857)
2026-08-03T11:23:28.8371608Z Compressing objects:  92% (1556143/1679857)
2026-08-03T11:23:28.8371886Z Compressing objects:  93% (1562268/1679857)
2026-08-03T11:23:28.8372149Z Compressing objects:  93% (1574428/1679857)
2026-08-03T11:23:28.8372404Z Compressing objects:  94% (1579066/1679857)
2026-08-03T11:23:28.8372658Z Compressing objects:  94% (1593044/1679857)
2026-08-03T11:23:28.8372916Z Compressing objects:  95% (1595865/1679857)
2026-08-03T11:23:28.8373170Z Compressing objects:  95% (1612358/1679857)
2026-08-03T11:23:28.8373423Z Compressing objects:  96% (1612663/1679857)
2026-08-03T11:23:28.8373676Z Compressing objects:  97% (1629462/1679857)
2026-08-03T11:23:28.8373928Z Compressing objects:  97% (1631543/1679857)
2026-08-03T11:23:28.8374193Z Compressing objects:  98% (1646260/1679857)
2026-08-03T11:23:28.8374449Z Compressing objects:  98% (1650822/1679857)
2026-08-03T11:23:28.8374708Z Compressing objects:  99% (1663059/1679857)
2026-08-03T11:23:28.8374963Z Compressing objects:  99% (1672310/1679857)
2026-08-03T11:23:28.8375221Z Compressing objects: 100% (1679857/1679857)
2026-08-03T11:23:28.8375498Z Compressing objects: 100% (1679857/1679857), done.
2026-08-03T11:23:28.8375932Z Total 5988590 (delta 2795724), reused 1285597 (delta 1285338), pack-reused 3023253 (from 2)
2026-08-03T11:23:28.8376247Z 
2026-08-03T11:23:28.8376256Z 
2026-08-03T11:23:28.8376339Z ++++++++++++++++++
2026-08-03T11:23:28.8376693Z + AUTO DISCOVERY +
2026-08-03T11:23:28.8376891Z ++++++++++++++++++
2026-08-03T11:23:28.8377005Z 
2026-08-03T11:23:28.8377009Z 
2026-08-03T11:23:28.8377012Z 
2026-08-03T11:23:28.8377100Z ++++++++++++++++++++++++++++++++++++++
2026-08-03T11:23:28.8377477Z + DEPS(UPDATECLI): BUMP ALL POLICIES +
2026-08-03T11:23:28.8377738Z ++++++++++++++++++++++++++++++++++++++
2026-08-03T11:23:28.8377895Z 
2026-08-03T11:23:28.8378278Z DEBUG: checkout git branch "updatecli_main_9bc32f73c7425e5d7d6a3e394780b3da48a426b42465b81f2ee642f0d3fe10e3", based on "main"
2026-08-03T11:24:36.5584746Z DEBUG: Enumerating objects: 1
2026-08-03T11:24:36.5585279Z Enumerating objects: 14, done.
2026-08-03T11:24:36.5585762Z Counting objects:   7% (1/14)
2026-08-03T11:24:36.5586222Z Counting objects:  14% (2/14)
2026-08-03T11:24:36.5586734Z Counting objects:  21% (3/14)
2026-08-03T11:24:36.5587174Z Counting objects:  28% (4/14)
2026-08-03T11:24:36.5587804Z Counting objects:  35% (5/14)
2026-08-03T11:24:36.5588295Z Counting objects:  42% (6/14)
2026-08-03T11:24:36.5588718Z Counting objects:  50% (7/14)
2026-08-03T11:24:36.5589160Z Counting objects:  57% (8/14)
2026-08-03T11:24:36.5589595Z Counting objects:  64% (9/14)
2026-08-03T11:24:36.5590043Z Counting objects:  71% (10/14)
2026-08-03T11:24:36.5590492Z Counting objects:  78% (11/14)
2026-08-03T11:24:36.5590949Z Counting objects:  85% (12/14)
2026-08-03T11:24:36.5591697Z Counting objects:  92% (13/14)
2026-08-03T11:24:36.5592133Z Counting objects: 100% (14/14)
2026-08-03T11:24:36.5592588Z Counting objects: 100% (14/14), done.
2026-08-03T11:24:36.5593069Z Compressing objects:   7% (1/14)
2026-08-03T11:24:36.5593527Z Compressing objects:  14% (2/14)
2026-08-03T11:24:36.5593989Z Compressing objects:  21% (3/14)
2026-08-03T11:24:36.5594456Z Compressing objects:  28% (4/14)
2026-08-03T11:24:36.5594917Z Compressing objects:  35% (5/14)
2026-08-03T11:24:36.5595368Z Compressing objects:  42% (6/14)
2026-08-03T11:24:36.5595818Z Compressing objects:  50% (7/14)
2026-08-03T11:24:36.5596285Z Compressing objects:  57% (8/14)
2026-08-03T11:24:36.5596730Z Compressing objects:  64% (9/14)
2026-08-03T11:24:36.5597179Z Compressing objects:  71% (10/14)
2026-08-03T11:24:36.5597798Z Compressing objects:  78% (11/14)
2026-08-03T11:24:36.5598266Z Compressing objects:  85% (12/14)
2026-08-03T11:24:36.5598717Z Compressing objects:  92% (13/14)
2026-08-03T11:24:36.5599180Z Compressing objects: 100% (14/14)
2026-08-03T11:24:36.5599640Z Compressing objects: 100% (14/14), done.
2026-08-03T11:24:36.5600209Z Total 14 (delta 3), reused 2 (delta 0), pack-reused 0 (from 0)
2026-08-03T11:24:36.5601108Z DEBUG: Checking if branch "updatecli_main_9bc32f73c7425e5d7d6a3e394780b3da48a426b42465b81f2ee642f0d3fe10e3" diverged from "main":
2026-08-03T11:24:37.1306051Z DEBUG: 	all good,branch "updatecli_main_9bc32f73c7425e5d7d6a3e394780b3da48a426b42465b81f2ee642f0d3fe10e3" is ahead of "main"
2026-08-03T11:24:37.1306843Z 
2026-08-03T11:24:37.1306849Z 
2026-08-03T11:24:37.1306974Z UPDATECLI
2026-08-03T11:24:37.1307241Z ==========
2026-08-03T11:24:37.1308122Z DEBUG: Looking for Updatecli Compose manifest(s) in "/tmp/updatecli/github/elastic/elasticsearch"
2026-08-03T11:24:39.6532245Z DEBUG: 1 potential Updatecli manifest(s) found
2026-08-03T11:24:39.6532938Z DEBUG: parsing file "/tmp/updatecli/github/elastic/elasticsearch/updatecli-compose.yaml"
2026-08-03T11:24:39.6534002Z DEBUG: Name: "ghcr.io/elastic/oblt-updatecli-policies/ironbank/templates:0.5.3@sha256:1d5b2f8ca1c141ebe0368d39ec1cdf8bc32662795a21416907eb02b8bf40d890"
2026-08-03T11:24:39.6535226Z DEBUG: Name: "ghcr.io/updatecli/policies/autodiscovery/updatecli:0.10.0@sha256:588fb5b274c1e484198885723b5a67688416feeec414d41a33908826e448fd41"
2026-08-03T11:24:39.6535981Z DEBUG: policy name: "ghcr.io/elastic/oblt-updatecli-policies/ironbank/templates" detected
2026-08-03T11:24:39.6536436Z DEBUG: version "0.5.3" detected
2026-08-03T11:24:39.6536847Z DEBUG: policy name: "ghcr.io/updatecli/policies/autodiscovery/updatecli" detected
2026-08-03T11:24:39.6537285Z DEBUG: version "0.10.0" detected
2026-08-03T11:24:39.6538224Z Manifest detected: 2
2026-08-03T11:24:39.6538418Z 
2026-08-03T11:24:39.6538422Z 
2026-08-03T11:24:39.6538503Z ---
2026-08-03T11:24:39.6538605Z 
2026-08-03T11:24:39.6538704Z => Total manifest detected: 2
2026-08-03T11:24:39.6538862Z 
2026-08-03T11:24:39.6539005Z DEBUG: using GitHub token from configuration
2026-08-03T11:24:39.6541180Z DEBUG: using GitHub token from configuration
2026-08-03T11:24:39.6542785Z 
2026-08-03T11:24:39.6542790Z 
2026-08-03T11:24:39.6542925Z ++++++++++++
2026-08-03T11:24:39.6543183Z + PIPELINE +
2026-08-03T11:24:39.6543474Z ++++++++++++
2026-08-03T11:24:39.6543576Z 
2026-08-03T11:24:39.6543587Z 
2026-08-03T11:24:39.6543680Z ######################################
2026-08-03T11:24:39.6543944Z # DEPS(UPDATECLI): BUMP ALL POLICIES #
2026-08-03T11:24:39.6544190Z ######################################
2026-08-03T11:24:39.6544332Z 
2026-08-03T11:24:39.6544603Z Pipeline ID	: 9bc32f73c7425e5d7d6a3e394780b3da48a426b42465b81f2ee642f0d3fe10e3
2026-08-03T11:24:39.6544934Z 
2026-08-03T11:24:39.6545108Z ######################################################################################################################
2026-08-03T11:24:39.6545721Z # DEPS(UPDATECLI/POLICY): BUMP "GHCR.IO/ELASTIC/OBLT-UPDATECLI-POLICIES/IRONBANK/TEMPLATES" UPDATECLI POLICY VERSION #
2026-08-03T11:24:39.6546286Z ######################################################################################################################
2026-08-03T11:24:39.6546733Z 
2026-08-03T11:24:39.6546938Z Pipeline ID	: 9bc32f73c7425e5d7d6a3e394780b3da48a426b42465b81f2ee642f0d3fe10e3
2026-08-03T11:24:39.6549630Z DEBUG: using GitHub token from configuration
2026-08-03T11:24:39.6549905Z 
2026-08-03T11:24:39.6549990Z source: version
2026-08-03T11:24:39.6550295Z ---------------
2026-08-03T11:24:39.6550413Z 
2026-08-03T11:24:39.6550698Z DEBUG: Searching tags for the image "ghcr.io/elastic/oblt-updatecli-policies/ironbank/templates"
2026-08-03T11:24:39.7849759Z DEBUG: 15 Docker image tag(s) found
2026-08-03T11:24:39.7850328Z Searching for version matching pattern "*"
2026-08-03T11:24:39.9070633Z ✔ Docker Image Tag "1.0.1" found matching pattern "*"
2026-08-03T11:24:39.9074843Z DEBUG: using GitHub token from configuration
2026-08-03T11:24:39.9075152Z 
2026-08-03T11:24:39.9075271Z source: digest
2026-08-03T11:24:39.9075539Z --------------
2026-08-03T11:24:39.9075695Z 
2026-08-03T11:24:40.0289871Z ✔ Docker Image Tag ghcr.io/elastic/oblt-updatecli-policies/ironbank/templates:1.0.1 resolved to digest ghcr.io/elastic/oblt-updatecli-policies/ironbank/templates:1.0.1@sha256:3da3235c59860414679bb358a135f7ea8bec91fc7e045b999b3ec9d950161372
2026-08-03T11:24:40.0295481Z DEBUG: using GitHub token from configuration
2026-08-03T11:24:40.0295840Z 
2026-08-03T11:24:40.0295984Z target: compose
2026-08-03T11:24:40.0296292Z ---------------
2026-08-03T11:24:40.0296470Z 
2026-08-03T11:24:40.0296687Z Repository	: github.com/elastic/elasticsearch@main
2026-08-03T11:24:40.0297028Z 
2026-08-03T11:24:40.0297164Z [transformers]
2026-08-03T11:24:40.0299169Z ✔ Result correctly transformed from "1.0.1@sha256:3da3235c59860414679bb358a135f7ea8bec91fc7e045b999b3ec9d950161372" to "ghcr.io/elastic/oblt-updatecli-policies/ironbank/templates:1.0.1@sha256:3da3235c59860414679bb358a135f7ea8bec91fc7e045b999b3ec9d950161372"
2026-08-03T11:24:40.0308770Z DEBUG: checkout git branch "updatecli_main_9bc32f73c7425e5d7d6a3e394780b3da48a426b42465b81f2ee642f0d3fe10e3", based on "main"
2026-08-03T11:25:44.0062272Z DEBUG: Enumerating objects: 1
2026-08-03T11:25:44.0068399Z Enumerating objects: 9, done.
2026-08-03T11:25:44.0068865Z Counting objects:  11% (1/9)
2026-08-03T11:25:44.0069243Z Counting objects:  22% (2/9)
2026-08-03T11:25:44.0069598Z Counting objects:  33% (3/9)
2026-08-03T11:25:44.0069944Z Counting objects:  44% (4/9)
2026-08-03T11:25:44.0070281Z Counting objects:  55% (5/9)
2026-08-03T11:25:44.0070621Z Counting objects:  66% (6/9)
2026-08-03T11:25:44.0070956Z Counting objects:  77% (7/9)
2026-08-03T11:25:44.0071286Z Counting objects:  88% (8/9)
2026-08-03T11:25:44.0071987Z Counting objects: 100% (9/9)
2026-08-03T11:25:44.0072350Z Counting objects: 100% (9/9), done.
2026-08-03T11:25:44.0072745Z Compressing objects:  12% (1/8)
2026-08-03T11:25:44.0073105Z Compressing objects:  25% (2/8)
2026-08-03T11:25:44.0073452Z Compressing objects:  37% (3/8)
2026-08-03T11:25:44.0073870Z Compressing objects:  50% (4/8)
2026-08-03T11:25:44.0074144Z Compressing objects:  62% (5/8)
2026-08-03T11:25:44.0074375Z Compressing objects:  75% (6/8)
2026-08-03T11:25:44.0074603Z Compressing objects:  87% (7/8)
2026-08-03T11:25:44.0074829Z Compressing objects: 100% (8/8)
2026-08-03T11:25:44.0075069Z Compressing objects: 100% (8/8), done.
2026-08-03T11:25:44.0075394Z Total 9 (delta 0), reused 0 (delta 0), pack-reused 0 (from 0)
2026-08-03T11:25:44.0076023Z DEBUG: Checking if branch "updatecli_main_9bc32f73c7425e5d7d6a3e394780b3da48a426b42465b81f2ee642f0d3fe10e3" diverged from "main":
2026-08-03T11:25:44.6195026Z DEBUG: 	all good,branch "updatecli_main_9bc32f73c7425e5d7d6a3e394780b3da48a426b42465b81f2ee642f0d3fe10e3" is ahead of "main"
2026-08-03T11:25:44.6196294Z DEBUG: Relative path detected: changing from "/tmp/updatecli/github/elastic/elasticsearch/updatecli-compose.yaml" to absolute path from SCM: "/tmp/updatecli/github/elastic/elasticsearch/updatecli-compose.yaml"
2026-08-03T11:25:44.6198678Z ⚠ - change detected:
2026-08-03T11:25:44.6200672Z 	* key "$.policies[0].policy" updated from "ghcr.io/elastic/oblt-updatecli-policies/ironbank/templates:0.5.3@sha256:1d5b2f8ca1c141ebe0368d39ec1cdf8bc32662795a21416907eb02b8bf40d890" to "ghcr.io/elastic/oblt-updatecli-policies/ironbank/templates:1.0.1@sha256:3da3235c59860414679bb358a135f7ea8bec91fc7e045b999b3ec9d950161372", in file "/tmp/updatecli/github/elastic/elasticsearch/updatecli-compose.yaml"
2026-08-03T11:25:44.6202366Z DEBUG: stage: git-add
2026-08-03T11:25:44.6202543Z 
2026-08-03T11:25:44.6202828Z DEBUG: adding file: "/tmp/updatecli/github/elastic/elasticsearch/updatecli-compose.yaml"
2026-08-03T11:25:44.6203714Z DEBUG: absolute file path detected: "/tmp/updatecli/github/elastic/elasticsearch/updatecli-compose.yaml" converted to relative path "updatecli-compose.yaml"
2026-08-03T11:25:50.8039846Z DEBUG: Creating commit using GitHub API
2026-08-03T11:25:56.7855786Z DEBUG: GitHub API credit used 1, remaining 9990 (reset at 2026-08-03T11:47:54Z)
2026-08-03T11:25:57.1016106Z DEBUG: GitHub API credit used 1, remaining 9989 (reset at 2026-08-03T11:47:54Z)
2026-08-03T11:25:58.6758554Z DEBUG: commit created: https://github.com/elastic/elasticsearch/commit/9b9bc66890a1281a0b66955cfbcf98adbc4d2dd5
2026-08-03T11:25:58.6759713Z DEBUG: Pulling git branch "refs/heads/updatecli_main_9bc32f73c7425e5d7d6a3e394780b3da48a426b42465b81f2ee642f0d3fe10e3"
2026-08-03T11:26:54.3702971Z DEBUG: Enumerating objects: 1
2026-08-03T11:26:54.3704940Z Enumerating objects: 11, done.
2026-08-03T11:26:54.3705818Z Counting objects:   9% (1/11)
2026-08-03T11:26:54.3706212Z Counting objects:  18% (2/11)
2026-08-03T11:26:54.3706567Z Counting objects:  27% (3/11)
2026-08-03T11:26:54.3706890Z Counting objects:  36% (4/11)
2026-08-03T11:26:54.3707243Z Counting objects:  45% (5/11)
2026-08-03T11:26:54.3707780Z Counting objects:  54% (6/11)
2026-08-03T11:26:54.3708134Z Counting objects:  63% (7/11)
2026-08-03T11:26:54.3708474Z Counting objects:  72% (8/11)
2026-08-03T11:26:54.3708783Z Counting objects:  81% (9/11)
2026-08-03T11:26:54.3709010Z Counting objects:  90% (10/11)
2026-08-03T11:26:54.3709257Z Counting objects: 100% (11/11)
2026-08-03T11:26:54.3709488Z Counting objects: 100% (11/11), done.
2026-08-03T11:26:54.3709752Z Compressing objects:   9% (1/11)
2026-08-03T11:26:54.3710011Z Compressing objects:  18% (2/11)
2026-08-03T11:26:54.3710254Z Compressing objects:  27% (3/11)
2026-08-03T11:26:54.3710497Z Compressing objects:  36% (4/11)
2026-08-03T11:26:54.3710728Z Compressing objects:  45% (5/11)
2026-08-03T11:26:54.3710955Z Compressing objects:  54% (6/11)
2026-08-03T11:26:54.3711183Z Compressing objects:  63% (7/11)
2026-08-03T11:26:54.3711416Z Compressing objects:  72% (8/11)
2026-08-03T11:26:54.3712065Z Compressing objects:  81% (9/11)
2026-08-03T11:26:54.3712309Z Compressing objects:  90% (10/11)
2026-08-03T11:26:54.3712551Z Compressing objects: 100% (11/11)
2026-08-03T11:26:54.3712793Z Compressing objects: 100% (11/11), done.
2026-08-03T11:26:54.3713129Z Total 11 (delta 1), reused 0 (delta 0), pack-reused 0 (from 0)
2026-08-03T11:26:54.3713879Z DEBUG: branch "refs/heads/updatecli_main_9bc32f73c7425e5d7d6a3e394780b3da48a426b42465b81f2ee642f0d3fe10e3" is now at 1b7dc523db3ecbe349c7eea94cde8e89af59b75c
2026-08-03T11:26:54.3714821Z DEBUG: Latest local commit "1b7dc523db3ecbe349c7eea94cde8e89af59b75c" should have been "9b9bc66890a1281a0b66955cfbcf98adbc4d2dd5"
2026-08-03T11:26:54.3715537Z DEBUG: Waiting for GitHub to make the commit "9b9bc66890a1281a0b66955cfbcf98adbc4d2dd5" available
2026-08-03T11:26:54.3715986Z DEBUG: Commit not found yet, retrying to pull it
2026-08-03T11:26:54.3716538Z DEBUG: Pulling git branch "refs/heads/updatecli_main_9bc32f73c7425e5d7d6a3e394780b3da48a426b42465b81f2ee642f0d3fe10e3"
2026-08-03T11:27:52.6637984Z DEBUG: Enumerating objects: 1
2026-08-03T11:27:52.6638420Z Enumerating objects: 6, done.
2026-08-03T11:27:52.6638757Z Counting objects:  16% (1/6)
2026-08-03T11:27:52.6639108Z Counting objects:  33% (2/6)
2026-08-03T11:27:52.6639342Z Counting objects:  50% (3/6)
2026-08-03T11:27:52.6639564Z Counting objects:  66% (4/6)
2026-08-03T11:27:52.6640481Z Counting objects:  83% (5/6)
2026-08-03T11:27:52.6640824Z Counting objects: 100% (6/6)
2026-08-03T11:27:52.6641171Z Counting objects: 100% (6/6), done.
2026-08-03T11:27:52.6641564Z Compressing objects:  16% (1/6)
2026-08-03T11:27:52.6641820Z Compressing objects:  33% (2/6)
2026-08-03T11:27:52.6642044Z Compressing objects:  50% (3/6)
2026-08-03T11:27:52.6642265Z Compressing objects:  66% (4/6)
2026-08-03T11:27:52.6642489Z Compressing objects:  83% (5/6)
2026-08-03T11:27:52.6642711Z Compressing objects: 100% (6/6)
2026-08-03T11:27:52.6642948Z Compressing objects: 100% (6/6), done.
2026-08-03T11:27:52.6643302Z Total 6 (delta 0), reused 0 (delta 0), pack-reused 0 (from 0)
2026-08-03T11:27:52.6644060Z DEBUG: branch "refs/heads/updatecli_main_9bc32f73c7425e5d7d6a3e394780b3da48a426b42465b81f2ee642f0d3fe10e3" is now at 1b7dc523db3ecbe349c7eea94cde8e89af59b75c
2026-08-03T11:27:52.6644864Z DEBUG: Latest commit after creating a new one: "9b9bc66890a1281a0b66955cfbcf98adbc4d2dd5"
2026-08-03T11:27:52.6645562Z DEBUG: Latest local commit "1b7dc523db3ecbe349c7eea94cde8e89af59b75c" should have been "9b9bc66890a1281a0b66955cfbcf98adbc4d2dd5"
2026-08-03T11:27:52.6646276Z DEBUG: Waiting for GitHub to make the commit "9b9bc66890a1281a0b66955cfbcf98adbc4d2dd5" available
2026-08-03T11:27:52.6646720Z DEBUG: Commit not found yet, retrying to pull it
2026-08-03T11:27:52.6647257Z DEBUG: Pulling git branch "refs/heads/updatecli_main_9bc32f73c7425e5d7d6a3e394780b3da48a426b42465b81f2ee642f0d3fe10e3"
2026-08-03T11:28:03.9506962Z DEBUG: branch "refs/heads/updatecli_main_9bc32f73c7425e5d7d6a3e394780b3da48a426b42465b81f2ee642f0d3fe10e3" is now at 1b7dc523db3ecbe349c7eea94cde8e89af59b75c
2026-08-03T11:28:03.9510603Z DEBUG: Latest commit after creating a new one: "9b9bc66890a1281a0b66955cfbcf98adbc4d2dd5"
2026-08-03T11:28:03.9511342Z DEBUG: Latest local commit "1b7dc523db3ecbe349c7eea94cde8e89af59b75c" should have been "9b9bc66890a1281a0b66955cfbcf98adbc4d2dd5"
2026-08-03T11:28:03.9512051Z DEBUG: Waiting for GitHub to make the commit "9b9bc66890a1281a0b66955cfbcf98adbc4d2dd5" available
2026-08-03T11:28:03.9512519Z DEBUG: Commit not found yet, retrying to pull it
2026-08-03T11:28:03.9513066Z DEBUG: Pulling git branch "refs/heads/updatecli_main_9bc32f73c7425e5d7d6a3e394780b3da48a426b42465b81f2ee642f0d3fe10e3"
2026-08-03T11:28:15.3835181Z DEBUG: branch "refs/heads/updatecli_main_9bc32f73c7425e5d7d6a3e394780b3da48a426b42465b81f2ee642f0d3fe10e3" is now at 1b7dc523db3ecbe349c7eea94cde8e89af59b75c
2026-08-03T11:28:15.3836090Z DEBUG: Latest commit after creating a new one: "9b9bc66890a1281a0b66955cfbcf98adbc4d2dd5"
2026-08-03T11:28:15.3837096Z DEBUG: Giving up trying to pull the newly created commit
2026-08-03T11:28:15.3837900Z DEBUG: no changelog detected
2026-08-03T11:28:15.3838164Z 
2026-08-03T11:28:15.3838407Z ##############################################################################################################
2026-08-03T11:28:15.3838996Z # DEPS(UPDATECLI/POLICY): BUMP "GHCR.IO/UPDATECLI/POLICIES/AUTODISCOVERY/UPDATECLI" UPDATECLI POLICY VERSION #
2026-08-03T11:28:15.3839562Z ##############################################################################################################
2026-08-03T11:28:15.3839800Z 
2026-08-03T11:28:15.3840016Z Pipeline ID	: 9bc32f73c7425e5d7d6a3e394780b3da48a426b42465b81f2ee642f0d3fe10e3
2026-08-03T11:28:15.3843964Z DEBUG: using GitHub token from configuration
2026-08-03T11:28:15.3844268Z 
2026-08-03T11:28:15.3844506Z source: version
2026-08-03T11:28:15.3844799Z ---------------
2026-08-03T11:28:15.3844967Z 
2026-08-03T11:28:15.3853513Z DEBUG: Searching tags for the image "ghcr.io/updatecli/policies/autodiscovery/updatecli"
2026-08-03T11:28:15.5035975Z DEBUG: 12 Docker image tag(s) found
2026-08-03T11:28:15.5036536Z Searching for version matching pattern "*"
2026-08-03T11:28:15.6271781Z ✔ Docker Image Tag "0.11.1" found matching pattern "*"
2026-08-03T11:28:15.6278040Z DEBUG: using GitHub token from configuration
2026-08-03T11:28:15.6278431Z 
2026-08-03T11:28:15.6278519Z source: digest
2026-08-03T11:28:15.6279235Z --------------
2026-08-03T11:28:15.6279392Z 
2026-08-03T11:28:15.7631098Z ✔ Docker Image Tag ghcr.io/updatecli/policies/autodiscovery/updatecli:0.11.1 resolved to digest ghcr.io/updatecli/policies/autodiscovery/updatecli:0.11.1@sha256:de145eea3f42312f4d1fdedb562adc36adcd54d7568f230ae71f931cc5288321
2026-08-03T11:28:15.7635311Z DEBUG: using GitHub token from configuration
2026-08-03T11:28:15.7635648Z 
2026-08-03T11:28:15.7635766Z target: compose
2026-08-03T11:28:15.7636041Z ---------------
2026-08-03T11:28:15.7636211Z 
2026-08-03T11:28:15.7636399Z Repository	: github.com/elastic/elasticsearch@main
2026-08-03T11:28:15.7636734Z 
2026-08-03T11:28:15.7636894Z [transformers]
2026-08-03T11:28:15.7640355Z ✔ Result correctly transformed from "0.11.1@sha256:de145eea3f42312f4d1fdedb562adc36adcd54d7568f230ae71f931cc5288321" to "ghcr.io/updatecli/policies/autodiscovery/updatecli:0.11.1@sha256:de145eea3f42312f4d1fdedb562adc36adcd54d7568f230ae71f931cc5288321"
2026-08-03T11:28:15.7642457Z DEBUG: checkout git branch "updatecli_main_9bc32f73c7425e5d7d6a3e394780b3da48a426b42465b81f2ee642f0d3fe10e3", based on "main"
2026-08-03T11:28:25.9285548Z DEBUG: Checking if branch "updatecli_main_9bc32f73c7425e5d7d6a3e394780b3da48a426b42465b81f2ee642f0d3fe10e3" diverged from "main":
2026-08-03T11:28:26.5796490Z DEBUG: 	all good,branch "updatecli_main_9bc32f73c7425e5d7d6a3e394780b3da48a426b42465b81f2ee642f0d3fe10e3" is ahead of "main"
2026-08-03T11:28:26.5799159Z DEBUG: Relative path detected: changing from "/tmp/updatecli/github/elastic/elasticsearch/updatecli-compose.yaml" to absolute path from SCM: "/tmp/updatecli/github/elastic/elasticsearch/updatecli-compose.yaml"
2026-08-03T11:28:26.5801028Z ⚠ - change detected:
2026-08-03T11:28:26.5803415Z 	* key "$.policies[1].policy" updated from "ghcr.io/updatecli/policies/autodiscovery/updatecli:0.10.0@sha256:588fb5b274c1e484198885723b5a67688416feeec414d41a33908826e448fd41" to "ghcr.io/updatecli/policies/autodiscovery/updatecli:0.11.1@sha256:de145eea3f42312f4d1fdedb562adc36adcd54d7568f230ae71f931cc5288321", in file "/tmp/updatecli/github/elastic/elasticsearch/updatecli-compose.yaml"
2026-08-03T11:28:26.5821100Z DEBUG: stage: git-add
2026-08-03T11:28:26.5821374Z 
2026-08-03T11:28:26.5821805Z DEBUG: adding file: "/tmp/updatecli/github/elastic/elasticsearch/updatecli-compose.yaml"
2026-08-03T11:28:26.5823227Z DEBUG: absolute file path detected: "/tmp/updatecli/github/elastic/elasticsearch/updatecli-compose.yaml" converted to relative path "updatecli-compose.yaml"
2026-08-03T11:28:32.7562661Z DEBUG: Creating commit using GitHub API
2026-08-03T11:28:38.8421765Z DEBUG: GitHub API credit used 1, remaining 9917 (reset at 2026-08-03T11:47:54Z)
2026-08-03T11:28:39.1759599Z DEBUG: GitHub API credit used 1, remaining 9914 (reset at 2026-08-03T11:47:54Z)
2026-08-03T11:28:40.6715088Z DEBUG: commit created: https://github.com/elastic/elasticsearch/commit/41523a0db260b64bbc5be8b248c85e4a368a998b
2026-08-03T11:28:40.6716127Z DEBUG: Pulling git branch "refs/heads/updatecli_main_9bc32f73c7425e5d7d6a3e394780b3da48a426b42465b81f2ee642f0d3fe10e3"
2026-08-03T11:29:41.1622947Z DEBUG: Enumerating objects: 1
2026-08-03T11:29:41.1623455Z Enumerating objects: 3, done.
2026-08-03T11:29:41.1623843Z Counting objects:  50% (1/2)
2026-08-03T11:29:41.1624209Z Counting objects: 100% (2/2)
2026-08-03T11:29:41.1624569Z Counting objects: 100% (2/2), done.
2026-08-03T11:29:41.1624926Z Compressing objects:  50% (1/2)
2026-08-03T11:29:41.1625264Z Compressing objects: 100% (2/2)
2026-08-03T11:29:41.1625599Z Compressing objects: 100% (2/2), done.
2026-08-03T11:29:41.1626035Z Total 3 (delta 0), reused 0 (delta 0), pack-reused 1 (from 1)
2026-08-03T11:29:41.1627048Z DEBUG: branch "refs/heads/updatecli_main_9bc32f73c7425e5d7d6a3e394780b3da48a426b42465b81f2ee642f0d3fe10e3" is now at 1b7dc523db3ecbe349c7eea94cde8e89af59b75c
2026-08-03T11:29:41.1628211Z DEBUG: Latest local commit "1b7dc523db3ecbe349c7eea94cde8e89af59b75c" should have been "41523a0db260b64bbc5be8b248c85e4a368a998b"
2026-08-03T11:29:41.1628925Z DEBUG: Waiting for GitHub to make the commit "41523a0db260b64bbc5be8b248c85e4a368a998b" available
2026-08-03T11:29:41.1629840Z DEBUG: Commit not found yet, retrying to pull it
2026-08-03T11:29:41.1630396Z DEBUG: Pulling git branch "refs/heads/updatecli_main_9bc32f73c7425e5d7d6a3e394780b3da48a426b42465b81f2ee642f0d3fe10e3"
2026-08-03T11:29:52.3047603Z DEBUG: branch "refs/heads/updatecli_main_9bc32f73c7425e5d7d6a3e394780b3da48a426b42465b81f2ee642f0d3fe10e3" is now at 1b7dc523db3ecbe349c7eea94cde8e89af59b75c
2026-08-03T11:29:52.3048724Z DEBUG: Latest commit after creating a new one: "41523a0db260b64bbc5be8b248c85e4a368a998b"
2026-08-03T11:29:52.3049469Z DEBUG: Latest local commit "1b7dc523db3ecbe349c7eea94cde8e89af59b75c" should have been "41523a0db260b64bbc5be8b248c85e4a368a998b"
2026-08-03T11:29:52.3050203Z DEBUG: Waiting for GitHub to make the commit "41523a0db260b64bbc5be8b248c85e4a368a998b" available
2026-08-03T11:29:52.3050655Z DEBUG: Commit not found yet, retrying to pull it
2026-08-03T11:29:52.3051197Z DEBUG: Pulling git branch "refs/heads/updatecli_main_9bc32f73c7425e5d7d6a3e394780b3da48a426b42465b81f2ee642f0d3fe10e3"
2026-08-03T11:30:03.5828724Z DEBUG: branch "refs/heads/updatecli_main_9bc32f73c7425e5d7d6a3e394780b3da48a426b42465b81f2ee642f0d3fe10e3" is now at 1b7dc523db3ecbe349c7eea94cde8e89af59b75c
2026-08-03T11:30:03.5830016Z DEBUG: Latest commit after creating a new one: "41523a0db260b64bbc5be8b248c85e4a368a998b"
2026-08-03T11:30:03.5831185Z DEBUG: Latest local commit "1b7dc523db3ecbe349c7eea94cde8e89af59b75c" should have been "41523a0db260b64bbc5be8b248c85e4a368a998b"
2026-08-03T11:30:03.5832373Z DEBUG: Waiting for GitHub to make the commit "41523a0db260b64bbc5be8b248c85e4a368a998b" available
2026-08-03T11:30:03.5832840Z DEBUG: Commit not found yet, retrying to pull it
2026-08-03T11:30:03.5833389Z DEBUG: Pulling git branch "refs/heads/updatecli_main_9bc32f73c7425e5d7d6a3e394780b3da48a426b42465b81f2ee642f0d3fe10e3"
2026-08-03T11:30:14.9236916Z DEBUG: branch "refs/heads/updatecli_main_9bc32f73c7425e5d7d6a3e394780b3da48a426b42465b81f2ee642f0d3fe10e3" is now at 1b7dc523db3ecbe349c7eea94cde8e89af59b75c
2026-08-03T11:30:14.9238489Z DEBUG: Latest commit after creating a new one: "41523a0db260b64bbc5be8b248c85e4a368a998b"
2026-08-03T11:30:14.9239232Z DEBUG: Giving up trying to pull the newly created commit
2026-08-03T11:30:14.9239727Z DEBUG: no changelog detected
2026-08-03T11:30:14.9239962Z 
2026-08-03T11:30:14.9239968Z 
2026-08-03T11:30:14.9240105Z PUSHING GIT CHANGES
2026-08-03T11:30:14.9242883Z ====================
2026-08-03T11:30:14.9243128Z 
2026-08-03T11:30:14.9244410Z DEBUG: checkout git branch "updatecli_main_9bc32f73c7425e5d7d6a3e394780b3da48a426b42465b81f2ee642f0d3fe10e3", based on "main"
2026-08-03T11:30:24.9865763Z DEBUG: Checking if branch "updatecli_main_9bc32f73c7425e5d7d6a3e394780b3da48a426b42465b81f2ee642f0d3fe10e3" diverged from "main":
2026-08-03T11:30:25.6270084Z DEBUG: 	all good,branch "updatecli_main_9bc32f73c7425e5d7d6a3e394780b3da48a426b42465b81f2ee642f0d3fe10e3" is ahead of "main"
2026-08-03T11:30:25.6271187Z DEBUG: commit done using GitHub API, normally nothing need to be push but we may have left over.
2026-08-03T11:30:25.6271809Z DEBUG: stage: git-push
2026-08-03T11:30:25.6271957Z 
2026-08-03T11:32:32.2374415Z DEBUG:  
2026-08-03T11:32:32.4504988Z DEBUG: Pushed to URL: "https://github.com/elastic/elasticsearch.git" on branch: "updatecli_main_9bc32f73c7425e5d7d6a3e394780b3da48a426b42465b81f2ee642f0d3fe10e3"
2026-08-03T11:32:32.4507673Z DEBUG: Changes for target "deps(updatecli): bump \"ghcr.io/updatecli/policies/autodiscovery/updatecli\" policy to 0.11.1" already pushed to "https://github.com/elastic/elasticsearch.git" on branch "updatecli_main_9bc32f73c7425e5d7d6a3e394780b3da48a426b42465b81f2ee642f0d3fe10e3", skipping...
2026-08-03T11:32:32.4509469Z Pushed changes to 1 of 1 SCM repositories
2026-08-03T11:32:32.4510042Z DEBUG: Checking if local changes have been done that should be published
2026-08-03T11:32:32.4511264Z DEBUG: No changes to push to "https://github.com/elastic/elasticsearch.git" on branch "updatecli_main_9bc32f73c7425e5d7d6a3e394780b3da48a426b42465b81f2ee642f0d3fe10e3"
2026-08-03T11:32:32.4512511Z 
2026-08-03T11:32:32.4512517Z 
2026-08-03T11:32:32.4512644Z ACTIONS
2026-08-03T11:32:32.4512924Z ========
2026-08-03T11:32:32.4513408Z DEBUG: No target found for pipeline "deps(updatecli): bump all policies", skipping depends on action
2026-08-03T11:32:32.4513944Z DEBUG: using GitHub token from configuration
2026-08-03T11:32:32.4514152Z 
2026-08-03T11:32:32.4514292Z ---
2026-08-03T11:32:32.4514942Z Pipeline Name	: deps(updatecli/policy): bump "ghcr.io/elastic/oblt-updatecli-policies/ironbank/templates" Updatecli policy version
2026-08-03T11:32:32.4515754Z Pipeline ID	: 9bc32f73c7425e5d7d6a3e394780b3da48a426b42465b81f2ee642f0d3fe10e3
2026-08-03T11:32:32.4516254Z Dry run		: false
2026-08-03T11:32:32.4516508Z Repository	: github.com/elastic/elasticsearch@main
2026-08-03T11:32:32.4516833Z Action		: deps(updatecli): bump all policies
2026-08-03T11:32:32.4517093Z ---
2026-08-03T11:32:32.4517191Z 
2026-08-03T11:32:32.4517672Z WARNING: Git branch reset detected, the action must reset previous action description
2026-08-03T11:32:32.5807858Z DEBUG: GitHub API credit used 1, remaining 9778 (reset at 2026-08-03T11:47:54Z)
2026-08-03T11:32:32.9659312Z DEBUG: No existing pull-request found in repo: elastic/elasticsearch
2026-08-03T11:32:33.0530664Z DEBUG: GitHub API credit used 1, remaining 9776 (reset at 2026-08-03T11:47:54Z)
2026-08-03T11:32:33.0531743Z DEBUG: Branch updatecli_main_9bc32f73c7425e5d7d6a3e394780b3da48a426b42465b81f2ee642f0d3fe10e3 is identical of main
2026-08-03T11:32:33.0532588Z DEBUG: GitHub pull request not needed
2026-08-03T11:32:33.0535049Z DEBUG: using GitHub token from configuration
2026-08-03T11:32:33.0535375Z 
2026-08-03T11:32:33.0535578Z ---
2026-08-03T11:32:33.0536295Z Pipeline Name	: deps(updatecli/policy): bump "ghcr.io/updatecli/policies/autodiscovery/updatecli" Updatecli policy version
2026-08-03T11:32:33.0537285Z Pipeline ID	: 9bc32f73c7425e5d7d6a3e394780b3da48a426b42465b81f2ee642f0d3fe10e3
2026-08-03T11:32:33.0538040Z Dry run		: false
2026-08-03T11:32:33.0538412Z Repository	: github.com/elastic/elasticsearch@main
2026-08-03T11:32:33.0538884Z Action		: deps(updatecli): bump all policies
2026-08-03T11:32:33.0539302Z ---
2026-08-03T11:32:33.0539411Z 
2026-08-03T11:32:33.1823009Z DEBUG: GitHub API credit used 1, remaining 9776 (reset at 2026-08-03T11:47:54Z)
2026-08-03T11:32:33.6609141Z DEBUG: No existing pull-request found in repo: elastic/elasticsearch
2026-08-03T11:32:33.7457609Z DEBUG: GitHub API credit used 1, remaining 9774 (reset at 2026-08-03T11:47:54Z)
2026-08-03T11:32:33.7459021Z DEBUG: Branch updatecli_main_9bc32f73c7425e5d7d6a3e394780b3da48a426b42465b81f2ee642f0d3fe10e3 is identical of main
2026-08-03T11:32:33.7459582Z DEBUG: GitHub pull request not needed
2026-08-03T11:32:33.8465237Z DEBUG: GitHub API credit used 1, remaining 9774 (reset at 2026-08-03T11:47:54Z)
2026-08-03T11:32:34.3824097Z DEBUG: No existing pull-request found in repo: elastic/elasticsearch
2026-08-03T11:32:34.3824739Z DEBUG: nothing to clean
2026-08-03T11:32:34.4627777Z DEBUG: GitHub API credit used 1, remaining 9772 (reset at 2026-08-03T11:47:54Z)
2026-08-03T11:32:34.7431655Z DEBUG: No existing pull-request found in repo: elastic/elasticsearch
2026-08-03T11:32:34.7432292Z DEBUG: nothing to clean
2026-08-03T11:32:34.7435609Z 
2026-08-03T11:32:34.7435630Z 
2026-08-03T11:32:34.7435781Z UDASH - EXPERIMENTAL
2026-08-03T11:32:34.7436097Z =====================
2026-08-03T11:32:34.7436294Z 
2026-08-03T11:32:34.7436447Z Publishing report to Udash
2026-08-03T11:32:34.7444410Z DEBUG: get Udash config from file: config file /home/runner/.config/updatecli/udash.json does not exist: stat /home/runner/.config/updatecli/udash.json: no such file or directory
2026-08-03T11:32:34.7445208Z no Udash endpoint detected, skipping
2026-08-03T11:32:34.7445401Z 
2026-08-03T11:32:34.7445405Z 
2026-08-03T11:32:34.7445499Z REPORT - EXPERIMENTAL
2026-08-03T11:32:34.7445798Z ======================
2026-08-03T11:32:34.7445992Z 
2026-08-03T11:32:34.7446468Z deps(updatecli): bump all policies:
2026-08-03T11:32:34.7447165Z 	=> "/tmp/updatecli/report/9bc32f73c7425e5d7d6a3e394780b3da48a426b42465b81f2ee642f0d3fe10e3/20260808113234.yaml"
2026-08-03T11:32:34.7453837Z deps(updatecli/policy): bump "ghcr.io/elastic/oblt-updatecli-policies/ironbank/templates" Updatecli policy version:
2026-08-03T11:32:34.7454785Z 	=> "/tmp/updatecli/report/4fd5a7d3a6c1542ebbaa269d885be747a0d42622a27d4ecf87e231b6592df134/20260808113234.yaml"
2026-08-03T11:32:34.7459447Z deps(updatecli/policy): bump "ghcr.io/updatecli/policies/autodiscovery/updatecli" Updatecli policy version:
2026-08-03T11:32:34.7460386Z 	=> "/tmp/updatecli/report/b9db6554c4c8dab0f35fcf2f0c236421aa86778772f05fa1166ad6c8a878035f/20260808113234.yaml"
2026-08-03T11:32:34.7460915Z 
2026-08-03T11:32:34.7461042Z =============================
2026-08-03T11:32:34.7461258Z 
2026-08-03T11:32:34.7461374Z SUMMARY:
2026-08-03T11:32:34.7461520Z 
2026-08-03T11:32:34.7461989Z ✔ deps(updatecli): bump all policies:
2026-08-03T11:32:34.7462183Z 
2026-08-03T11:32:34.7462664Z ⚠ deps(updatecli/policy): bump "ghcr.io/elastic/oblt-updatecli-policies/ironbank/templates" Updatecli policy version:
2026-08-03T11:32:34.7463196Z 	Source:
2026-08-03T11:32:34.7463695Z 		✔ [digest] Get latest "ghcr.io/elastic/oblt-updatecli-policies/ironbank/templates" Updatecli policy digest
2026-08-03T11:32:34.7464463Z 		✔ [version] Get latest "ghcr.io/elastic/oblt-updatecli-policies/ironbank/templates" Updatecli policy version
2026-08-03T11:32:34.7464918Z 	Target:
2026-08-03T11:32:34.7465400Z 		⚠ [compose] deps(updatecli): bump "ghcr.io/elastic/oblt-updatecli-policies/ironbank/templates" policy to 1.0.1
2026-08-03T11:32:34.7466033Z 		      * Repository: https://github.com/elastic/elasticsearch.git (branch: main)
2026-08-03T11:32:34.7466331Z 
2026-08-03T11:32:34.7466335Z 
2026-08-03T11:32:34.7466727Z ⚠ deps(updatecli/policy): bump "ghcr.io/updatecli/policies/autodiscovery/updatecli" Updatecli policy version:
2026-08-03T11:32:34.7467198Z 	Source:
2026-08-03T11:32:34.7467922Z 		✔ [digest] Get latest "ghcr.io/updatecli/policies/autodiscovery/updatecli" Updatecli policy digest
2026-08-03T11:32:34.7469009Z 		✔ [version] Get latest "ghcr.io/updatecli/policies/autodiscovery/updatecli" Updatecli policy version
2026-08-03T11:32:34.7469725Z 	Target:
2026-08-03T11:32:34.7470463Z 		⚠ [compose] deps(updatecli): bump "ghcr.io/updatecli/policies/autodiscovery/updatecli" policy to 0.11.1
2026-08-03T11:32:34.7471420Z 		      * Repository: https://github.com/elastic/elasticsearch.git (branch: main)
2026-08-03T11:32:34.7471899Z 
2026-08-03T11:32:34.7471905Z 
2026-08-03T11:32:34.7472999Z ✗ Loading manifest "/tmp/updatecli/store/1d5b2f8ca1c141ebe0368d39ec1cdf8bc32662795a21416907eb02b8bf40d890/updatecli.d/default.tpl":
2026-08-03T11:32:34.7473766Z 
2026-08-03T11:32:34.7473771Z 
2026-08-03T11:32:34.7474358Z 	Error: /tmp/updatecli/store/1d5b2f8ca1c141ebe0368d39ec1cdf8bc32662795a21416907eb02b8bf40d890/updatecli.d/default.tpl:
2026-08-03T11:32:34.7475323Z yaml: line 104: did not find expected comment or line break
2026-08-03T11:32:34.7475702Z 
2026-08-03T11:32:34.7475822Z Run Summary
2026-08-03T11:32:34.7476094Z ===========
2026-08-03T11:32:34.7476370Z Pipeline(s) run:
2026-08-03T11:32:34.7476664Z   * Changed:	2
2026-08-03T11:32:34.7476944Z   * Failed:	1
2026-08-03T11:32:34.7477219Z   * Skipped:	0
2026-08-03T11:32:34.7477658Z   * Succeeded:	1
2026-08-03T11:32:34.7477941Z   * Total:	4
2026-08-03T11:32:34.7478099Z 
2026-08-03T11:32:34.7478333Z ERROR: showing reports failed: 1 over 4 pipeline failed
2026-08-03T11:32:34.7478957Z ERROR: ✗ 1 pipeline(s) failed during execution
2026-08-03T11:32:34.7479519Z ERROR: command failed: 1 pipeline(s) failed during execution
2026-08-03T11:32:34.8371869Z ##[error]Process completed with exit code 1.
2026-08-03T11:32:34.8379870Z ##[end-action id=__elastic_oblt-actions.__run;outcome=failure;conclusion=failure;duration_ms=1663486]
2026-08-03T11:32:34.8465949Z Node 20 is being deprecated. This workflow is running with Node 24 by default. If you need to temporarily use Node 20, you can set the ACTIONS_ALLOW_USE_UNSECURE_NODE_VERSION=true environment variable. For more information see: https://github.blog/changelog/2025-09-19-deprecation-of-node-20-on-github-actions-runners/
2026-08-03T11:32:34.8467641Z Post job cleanup.
2026-08-03T11:32:35.0638751Z (node:2645) [DEP0040] DeprecationWarning: The `punycode` module is deprecated. Please use a userland alternative instead.
2026-08-03T11:32:35.0654804Z (Use `node --trace-deprecation ...` to show where the warning was created)
2026-08-03T11:32:35.0678244Z [command]/usr/bin/docker logout ghcr.io
2026-08-03T11:32:35.0831599Z Removing login credentials for ghcr.io
2026-08-03T11:32:35.0864801Z ##[group]Post cache
2026-08-03T11:32:35.0865281Z State not set
2026-08-03T11:32:35.0866815Z ##[endgroup]
2026-08-03T11:32:35.1092433Z Node 20 is being deprecated. This workflow is running with Node 24 by default. If you need to temporarily use Node 20, you can set the ACTIONS_ALLOW_USE_UNSECURE_NODE_VERSION=true environment variable. For more information see: https://github.blog/changelog/2025-09-19-deprecation-of-node-20-on-github-actions-runners/
2026-08-03T11:32:35.1093627Z Post job cleanup.
2026-08-03T11:32:35.1983830Z [command]/usr/bin/git version
2026-08-03T11:32:35.2048148Z git version 2.54.0
2026-08-03T11:32:35.2088622Z Temporarily overriding HOME='/home/runner/work/_temp/2d32336f-3cbb-44c0-9f4c-c85bfecf10c9' before making global git config changes
2026-08-03T11:32:35.2089836Z Adding repository directory to the temporary git global config as a safe directory
2026-08-03T11:32:35.2096906Z [command]/usr/bin/git config --global --add safe.directory /home/runner/work/elasticsearch/elasticsearch
2026-08-03T11:32:35.2139106Z [command]/usr/bin/git config --local --name-only --get-regexp core\.sshCommand
2026-08-03T11:32:35.2177240Z [command]/usr/bin/git submodule foreach --recursive sh -c "git config --local --name-only --get-regexp 'core\.sshCommand' && git config --local --unset-all 'core.sshCommand' || :"
2026-08-03T11:32:35.2481239Z [command]/usr/bin/git config --local --name-only --get-regexp http\.https\:\/\/github\.com\/\.extraheader
2026-08-03T11:32:35.2511185Z http.https://github.com/.extraheader
2026-08-03T11:32:35.2521797Z [command]/usr/bin/git config --local --unset-all http.https://github.com/.extraheader
2026-08-03T11:32:35.2556210Z [command]/usr/bin/git submodule foreach --recursive sh -c "git config --local --name-only --get-regexp 'http\.https\:\/\/github\.com\/\.extraheader' && git config --local --unset-all 'http.https://github.com/.extraheader' || :"
2026-08-03T11:32:35.2886834Z [command]/usr/bin/git config --local --name-only --get-regexp ^includeIf\.gitdir:
2026-08-03T11:32:35.2922091Z [command]/usr/bin/git submodule foreach --recursive git config --local --show-origin --name-only --get-regexp remote.origin.url
2026-08-03T11:32:35.3383524Z Cleaning up orphan processes
2026-08-03T11:32:35.3713129Z ##[warning]Node.js 20 is deprecated. The following actions target Node.js 20 but are being forced to run on Node.js 24: actions/checkout@v4, docker/login-action@0d4c9c5ea7693da7b068278f7b52bda2a190a446. For more information see: https://github.blog/changelog/2025-09-19-deprecation-of-node-20-on-github-actions-runners/
