2026-09-16T23:02:24.2158949Z Current runner version: '2.337.0'
2026-09-16T23:02:24.2193431Z ##[group]Runner Image Provisioner
2026-09-16T23:02:24.2194947Z Hosted Compute Agent
2026-09-16T23:02:24.2195622Z Version: 20260828.587
2026-09-16T23:02:24.2196324Z Commit: abac92662cab4cc7352de4f9f9d2e2419aad9c29
2026-09-16T23:02:24.2197205Z Build Date: 2026-08-28T16:44:25Z
2026-09-16T23:02:24.2197945Z Worker ID: {98976ae3-ef67-4c91-b086-6df3f50c5716}
2026-09-16T23:02:24.2198709Z Azure Region: westus3
2026-09-16T23:02:24.2199445Z ##[endgroup]
2026-09-16T23:02:24.2202146Z ##[group]Operating System
2026-09-16T23:02:24.2202956Z Ubuntu
2026-09-16T23:02:24.2203532Z 26.04.1
2026-09-16T23:02:24.2204498Z LTS
2026-09-16T23:02:24.2205258Z ##[endgroup]
2026-09-16T23:02:24.2205832Z ##[group]Runner Image
2026-09-16T23:02:24.2206510Z Image: ubuntu-26.04-arm
2026-09-16T23:02:24.2207202Z Version: 20260907.118.1
2026-09-16T23:02:24.2208742Z Included Software: https://github.com/actions/runner-images/blob/ubuntu26-arm64/20260907.118/images/ubuntu/Ubuntu2604-Arm64-Readme.md
2026-09-16T23:02:24.2210355Z Image Release: https://github.com/actions/runner-images/releases/tag/ubuntu26-arm64%2F20260907.118
2026-09-16T23:02:24.2211379Z ##[endgroup]
2026-09-16T23:02:24.2212624Z ##[group]GITHUB_TOKEN Permissions
2026-09-16T23:02:24.2216621Z Contents: read
2026-09-16T23:02:24.2217301Z Metadata: read
2026-09-16T23:02:24.2217899Z ##[endgroup]
2026-09-16T23:02:24.2221237Z Secret source: None
2026-09-16T23:02:24.2222231Z Cache mode: write
2026-09-16T23:02:24.2223381Z Prepare workflow directory
2026-09-16T23:02:24.2708427Z Prepare all required actions
2026-09-16T23:02:24.2760895Z Getting action download info
2026-09-16T23:02:24.6105084Z Download action repository 'docker/setup-buildx-action@37fe631027851001ddb9b187196cc803df7f5f0e' (SHA:37fe631027851001ddb9b187196cc803df7f5f0e)
2026-09-16T23:02:25.4310319Z Download action repository 'docker/bake-action@d3418bd7d0e9324001bca92fa8ba175ea7e6dc9b' (SHA:d3418bd7d0e9324001bca92fa8ba175ea7e6dc9b)
2026-09-16T23:02:26.1373783Z Complete job name: build (ubuntu-26.04-arm, binary)
2026-09-16T23:02:26.2289744Z ##[group]Run docker/setup-buildx-action@37fe631027851001ddb9b187196cc803df7f5f0e
2026-09-16T23:02:26.2291779Z with:
2026-09-16T23:02:26.2292398Z   version: edge
2026-09-16T23:02:26.2293067Z   driver-opts: image=moby/buildkit:latest
2026-09-16T23:02:26.2294194Z   buildkitd-flags: --debug
2026-09-16T23:02:26.2294943Z   driver: docker-container
2026-09-16T23:02:26.2295611Z   use: true
2026-09-16T23:02:26.2296186Z   keep-state: false
2026-09-16T23:02:26.2296803Z   cache-binary: true
2026-09-16T23:02:26.2297428Z   cleanup: true
2026-09-16T23:02:26.2298691Z env:
2026-09-16T23:02:26.2299279Z   DESTDIR: ./build
2026-09-16T23:02:26.2299928Z   SETUP_BUILDX_VERSION: edge
2026-09-16T23:02:26.2300695Z   SETUP_BUILDKIT_IMAGE: moby/buildkit:latest
2026-09-16T23:02:26.2301501Z ##[endgroup]
2026-09-16T23:02:26.3943736Z ##[group]Docker info
2026-09-16T23:02:26.3945415Z [command]/usr/bin/docker version
2026-09-16T23:02:27.4280951Z Client: Docker Engine - Community
2026-09-16T23:02:27.4281910Z  Version:           29.4.2
2026-09-16T23:02:27.4282318Z  API version:       1.54
2026-09-16T23:02:27.4282585Z  Go version:        go1.26.2
2026-09-16T23:02:27.4282848Z  Git commit:        055a478
2026-09-16T23:02:27.4283135Z  Built:             Fri May  1 10:25:06 2026
2026-09-16T23:02:27.4283437Z  OS/Arch:           linux/arm64
2026-09-16T23:02:27.4283713Z  Context:           default
2026-09-16T23:02:27.4284077Z 
2026-09-16T23:02:27.4284241Z Server: Docker Engine - Community
2026-09-16T23:02:27.4284532Z  Engine:
2026-09-16T23:02:27.4284775Z   Version:          29.4.2
2026-09-16T23:02:27.4285062Z   API version:      1.54 (minimum version 1.40)
2026-09-16T23:02:27.4285377Z   Go version:       go1.26.2
2026-09-16T23:02:27.4285655Z   Git commit:       d329809
2026-09-16T23:02:27.4286050Z   Built:            Fri May  1 10:25:06 2026
2026-09-16T23:02:27.4286371Z   OS/Arch:          linux/arm64
2026-09-16T23:02:27.4286640Z   Experimental:     false
2026-09-16T23:02:27.4286888Z  containerd:
2026-09-16T23:02:27.4287831Z   Version:          v2.3.4
2026-09-16T23:02:27.4288165Z   GitCommit:        db8809540e1a7a9da5d518876894933ff55692ab
2026-09-16T23:02:27.4289110Z  runc:
2026-09-16T23:02:27.4289353Z   Version:          1.5.1
2026-09-16T23:02:27.4289625Z   GitCommit:        v1.5.1-0-g8f2685a4
2026-09-16T23:02:27.4289907Z  docker-init:
2026-09-16T23:02:27.4290357Z   Version:          0.19.0
2026-09-16T23:02:27.4290828Z   GitCommit:        de40ad0
2026-09-16T23:02:27.4326452Z [command]/usr/bin/docker info
2026-09-16T23:02:29.8619248Z Client: Docker Engine - Community
2026-09-16T23:02:29.8619721Z  Version:    29.4.2
2026-09-16T23:02:29.8619947Z  Context:    default
2026-09-16T23:02:29.8620142Z  Debug Mode: false
2026-09-16T23:02:29.8620323Z  Plugins:
2026-09-16T23:02:29.8620508Z   buildx: Docker Buildx (Docker Inc.)
2026-09-16T23:02:29.8620745Z     Version:  v0.37.0
2026-09-16T23:02:29.8621002Z     Path:     /usr/libexec/docker/cli-plugins/docker-buildx
2026-09-16T23:02:29.8621311Z   compose: Docker Compose (Docker Inc.)
2026-09-16T23:02:29.8621646Z     Version:  v5.1.3
2026-09-16T23:02:29.8621898Z     Path:     /usr/libexec/docker/cli-plugins/docker-compose
2026-09-16T23:02:29.8622126Z 
2026-09-16T23:02:29.8622200Z Server:
2026-09-16T23:02:29.8622362Z  Containers: 0
2026-09-16T23:02:29.8622531Z   Running: 0
2026-09-16T23:02:29.8622855Z   Paused: 0
2026-09-16T23:02:29.8623068Z   Stopped: 0
2026-09-16T23:02:29.8623241Z  Images: 6
2026-09-16T23:02:29.8623407Z  Server Version: 29.4.2
2026-09-16T23:02:29.8623613Z  Storage Driver: overlayfs
2026-09-16T23:02:29.8624050Z   driver-type: io.containerd.snapshotter.v1
2026-09-16T23:02:29.8624346Z  Logging Driver: json-file
2026-09-16T23:02:29.8624560Z  Cgroup Driver: systemd
2026-09-16T23:02:29.8624756Z  Cgroup Version: 2
2026-09-16T23:02:29.8624944Z  Plugins:
2026-09-16T23:02:29.8625107Z   Volume: local
2026-09-16T23:02:29.8625326Z   Network: bridge host ipvlan macvlan null overlay
2026-09-16T23:02:29.8625701Z   Log: awslogs fluentd gcplogs gelf journald json-file local splunk syslog
2026-09-16T23:02:29.8626971Z  CDI spec directories:
2026-09-16T23:02:29.8627413Z   /etc/cdi
2026-09-16T23:02:29.8627763Z   /var/run/cdi
2026-09-16T23:02:29.8628151Z  Swarm: inactive
2026-09-16T23:02:29.8628432Z  Runtimes: io.containerd.runc.v2 runc
2026-09-16T23:02:29.8628834Z  Default Runtime: runc
2026-09-16T23:02:29.8629905Z  Init Binary: docker-init
2026-09-16T23:02:29.8630568Z  containerd version: db8809540e1a7a9da5d518876894933ff55692ab
2026-09-16T23:02:29.8631293Z  runc version: v1.5.1-0-g8f2685a4
2026-09-16T23:02:29.8631916Z  init version: de40ad0
2026-09-16T23:02:29.8632513Z  Security Options:
2026-09-16T23:02:29.8633027Z   apparmor
2026-09-16T23:02:29.8633442Z   seccomp
2026-09-16T23:02:29.8634265Z    Profile: builtin
2026-09-16T23:02:29.8634758Z   cgroupns
2026-09-16T23:02:29.8635248Z  Kernel Version: 7.0.0-1012-azure
2026-09-16T23:02:29.8635676Z  Operating System: Ubuntu 26.04.1 LTS
2026-09-16T23:02:29.8635987Z  OSType: linux
2026-09-16T23:02:29.8636457Z  Architecture: aarch64
2026-09-16T23:02:29.8636812Z  CPUs: 4
2026-09-16T23:02:29.8637191Z  Total Memory: 15.57GiB
2026-09-16T23:02:29.8637537Z  Name: runnervmgsnsd
2026-09-16T23:02:29.8637846Z  ID: bfb3c7b1-1c22-40d6-969f-e341d89beb16
2026-09-16T23:02:29.8638282Z  Docker Root Dir: /var/lib/docker
2026-09-16T23:02:29.8638649Z  Debug Mode: false
2026-09-16T23:02:29.8639014Z  Username: githubactions
2026-09-16T23:02:29.8639309Z  Experimental: false
2026-09-16T23:02:29.8639638Z  Insecure Registries:
2026-09-16T23:02:29.8643582Z   ::1/128
2026-09-16T23:02:29.8644216Z   127.0.0.0/8
2026-09-16T23:02:29.8644666Z  Live Restore Enabled: false
2026-09-16T23:02:29.8645014Z  Firewall Backend: iptables
2026-09-16T23:02:29.8645223Z 
2026-09-16T23:02:29.8646038Z ##[endgroup]
2026-09-16T23:02:29.9754324Z ##[group]Download buildx from GitHub Releases
2026-09-16T23:02:30.0064184Z Use 0.37.1 version spec cache key for v0.37.1
2026-09-16T23:02:30.2037056Z ##[warning]You've hit a rate limit, your rate limit will reset in 30 seconds
2026-09-16T23:02:30.2047488Z ##[warning]Failed to restore: Failed to GetCacheEntryDownloadURL: Rate limited: Failed request: (429) Too Many Requests: rate limit exceeded
2026-09-16T23:02:30.2049121Z Downloading https://github.com/docker/buildx/releases/download/v0.37.1/buildx-v0.37.1.linux-arm64
2026-09-16T23:02:30.7272586Z Copying /home/runner/work/_temp/51e3dcfe-e212-47b3-b481-77c0a6a9fea7 to /home/runner/.docker/buildx/.bin/0.37.1/linux-arm64/docker-buildx
2026-09-16T23:02:31.0452989Z Cached to /home/runner/.docker/buildx/.bin/0.37.1/linux-arm64/docker-buildx
2026-09-16T23:02:31.0454291Z ##[endgroup]
2026-09-16T23:02:31.0460659Z ##[group]Install buildx
2026-09-16T23:02:31.0461015Z Docker plugin mode
2026-09-16T23:02:31.2104593Z Fixing perms
2026-09-16T23:02:31.2105843Z Plugin path: /home/runner/.docker/cli-plugins/docker-buildx
2026-09-16T23:02:31.2106669Z ##[endgroup]
2026-09-16T23:02:31.2107263Z ##[group]Buildx version
2026-09-16T23:02:31.2141225Z [command]/usr/bin/docker buildx version
2026-09-16T23:02:31.2552705Z github.com/docker/buildx v0.37.1 0b265a9f62db554fa9aba6dd19e1bd5704bc7d8a
2026-09-16T23:02:31.2581402Z ##[endgroup]
2026-09-16T23:02:31.2851067Z ##[group]Inspecting default docker context
2026-09-16T23:02:31.3020628Z [
2026-09-16T23:02:31.3021191Z   {
2026-09-16T23:02:31.3021427Z     "Name": "default",
2026-09-16T23:02:31.3021685Z     "Metadata": {},
2026-09-16T23:02:31.3021963Z     "Endpoints": {
2026-09-16T23:02:31.3022188Z       "docker": {
2026-09-16T23:02:31.3022474Z         "Host": "unix:///var/run/docker.sock",
2026-09-16T23:02:31.3022872Z         "SkipTLSVerify": false
2026-09-16T23:02:31.3023135Z       }
2026-09-16T23:02:31.3023408Z     },
2026-09-16T23:02:31.3023621Z     "TLSMaterial": {},
2026-09-16T23:02:31.3024047Z     "Storage": {
2026-09-16T23:02:31.3024352Z       "MetadataPath": "<IN MEMORY>",
2026-09-16T23:02:31.3024718Z       "TLSPath": "<IN MEMORY>"
2026-09-16T23:02:31.3025013Z     }
2026-09-16T23:02:31.3025223Z   }
2026-09-16T23:02:31.3025451Z ]
2026-09-16T23:02:31.3025995Z ##[endgroup]
2026-09-16T23:02:31.3026853Z ##[group]Creating a new builder instance
2026-09-16T23:02:31.3959340Z [command]/usr/bin/docker buildx create --name builder-4a7bc595-951e-40dd-8970-e83b5e5d2786 --driver docker-container --driver-opt image=moby/buildkit:latest --buildkitd-flags --debug --use
2026-09-16T23:02:31.4518879Z builder-4a7bc595-951e-40dd-8970-e83b5e5d2786
2026-09-16T23:02:31.4548946Z ##[endgroup]
2026-09-16T23:02:31.4549545Z ##[group]Booting builder
2026-09-16T23:02:31.4581662Z [command]/usr/bin/docker buildx inspect --bootstrap --builder builder-4a7bc595-951e-40dd-8970-e83b5e5d2786
2026-09-16T23:02:31.5017060Z #1 [internal] booting buildkit
2026-09-16T23:02:31.6523804Z #1 pulling image moby/buildkit:latest
2026-09-16T23:02:33.6269083Z #1 pulling image moby/buildkit:latest 2.1s done
2026-09-16T23:02:34.1880977Z #1 creating container buildx_buildkit_builder-4a7bc595-951e-40dd-8970-e83b5e5d27860
2026-09-16T23:02:36.1118250Z #1 creating container buildx_buildkit_builder-4a7bc595-951e-40dd-8970-e83b5e5d27860 1.9s done
2026-09-16T23:02:36.1425629Z #1 DONE 4.6s
2026-09-16T23:02:36.1750147Z Name:          builder-4a7bc595-951e-40dd-8970-e83b5e5d2786
2026-09-16T23:02:36.1750707Z Driver:        docker-container
2026-09-16T23:02:36.1751910Z Last Activity: 2026-09-16 23:02:31 +0000 UTC
2026-09-16T23:02:36.1752144Z 
2026-09-16T23:02:36.1752221Z Nodes:
2026-09-16T23:02:36.1752655Z Name:                  builder-4a7bc595-951e-40dd-8970-e83b5e5d27860
2026-09-16T23:02:36.1753040Z Endpoint:              unix:///var/run/docker.sock
2026-09-16T23:02:36.1753461Z Driver Options:        image="moby/buildkit:latest"
2026-09-16T23:02:36.1753808Z Status:                running
2026-09-16T23:02:36.1754442Z BuildKit daemon flags: --debug --allow-insecure-entitlement=network.host
2026-09-16T23:02:36.1754974Z BuildKit version:      v0.33.0
2026-09-16T23:02:36.1755294Z Platforms:             linux/arm64, linux/arm/v7, linux/arm/v6
2026-09-16T23:02:36.1755662Z Labels:
2026-09-16T23:02:36.1755943Z  org.mobyproject.buildkit.worker.executor:         oci
2026-09-16T23:02:36.1756837Z  org.mobyproject.buildkit.worker.hostname:         4ab0a984cf63
2026-09-16T23:02:36.1757375Z  org.mobyproject.buildkit.worker.network:          host
2026-09-16T23:02:36.1757797Z  org.mobyproject.buildkit.worker.oci.process-mode: sandbox
2026-09-16T23:02:36.1758256Z  org.mobyproject.buildkit.worker.selinux.enabled:  false
2026-09-16T23:02:36.1758790Z  org.mobyproject.buildkit.worker.snapshotter:      overlayfs
2026-09-16T23:02:36.1759170Z GC Policy rule#0:
2026-09-16T23:02:36.1759475Z  All:            false
2026-09-16T23:02:36.1759832Z  Filters:        type==<INTERNAL_HOST> type==exec.cachemount type==source.git.checkout
2026-09-16T23:02:36.1760252Z  Keep Duration:  48h0m0s
2026-09-16T23:02:36.1760554Z  Max Used Space: 488.3MiB
2026-09-16T23:02:36.1760824Z GC Policy rule#1:
2026-09-16T23:02:36.1761141Z  All:            false
2026-09-16T23:02:36.1761379Z  Keep Duration:  1440h0m0s
2026-09-16T23:02:36.1761625Z  Reserved Space: 9.313GiB
2026-09-16T23:02:36.1761918Z  Max Used Space: 93.13GiB
2026-09-16T23:02:36.1762180Z  Min Free Space: 27.01GiB
2026-09-16T23:02:36.1762478Z GC Policy rule#2:
2026-09-16T23:02:36.1762716Z  All:            false
2026-09-16T23:02:36.1762954Z  Reserved Space: 9.313GiB
2026-09-16T23:02:36.1763235Z  Max Used Space: 93.13GiB
2026-09-16T23:02:36.1763498Z  Min Free Space: 27.01GiB
2026-09-16T23:02:36.1763790Z GC Policy rule#3:
2026-09-16T23:02:36.1764782Z  All:            true
2026-09-16T23:02:36.1765026Z  Reserved Space: 9.313GiB
2026-09-16T23:02:36.1765367Z  Max Used Space: 93.13GiB
2026-09-16T23:02:36.1765615Z  Min Free Space: 27.01GiB
2026-09-16T23:02:36.1788111Z ##[endgroup]
2026-09-16T23:02:36.2605215Z ##[group]Inspect builder
2026-09-16T23:02:36.2606562Z {
2026-09-16T23:02:36.2606812Z   "nodes": [
2026-09-16T23:02:36.2607184Z     {
2026-09-16T23:02:36.2607525Z       "name": "builder-4a7bc595-951e-40dd-8970-e83b5e5d27860",
2026-09-16T23:02:36.2607977Z       "endpoint": "unix:///var/run/docker.sock",
2026-09-16T23:02:36.2608321Z       "driver-opts": [
2026-09-16T23:02:36.2608980Z         "image=moby/buildkit:latest"
2026-09-16T23:02:36.2609331Z       ],
2026-09-16T23:02:36.2610187Z       "status": "running",
2026-09-16T23:02:36.2610964Z       "buildkitd-flags": "--debug --allow-insecure-entitlement=network.host",
2026-09-16T23:02:36.2611608Z       "buildkit": "v0.33.0",
2026-09-16T23:02:36.2612423Z       "platforms": "linux/arm64,linux/arm/v7,linux/arm/v6",
2026-09-16T23:02:36.2612852Z       "features": {
2026-09-16T23:02:36.2613192Z         "Automatically load images to the Docker Engine image store": true,
2026-09-16T23:02:36.2613673Z         "Cache export": true,
2026-09-16T23:02:36.2614244Z         "Direct push": true,
2026-09-16T23:02:36.2614523Z         "Docker exporter": true,
2026-09-16T23:02:36.2614883Z         "Multi-platform build": true,
2026-09-16T23:02:36.2615171Z         "OCI exporter": true
2026-09-16T23:02:36.2615438Z       },
2026-09-16T23:02:36.2615711Z       "labels": {
2026-09-16T23:02:36.2616004Z         "org.mobyproject.buildkit.worker.executor": "oci",
2026-09-16T23:02:36.2616486Z         "org.mobyproject.buildkit.worker.hostname": "4ab0a984cf63",
2026-09-16T23:02:36.2616921Z         "org.mobyproject.buildkit.worker.network": "host",
2026-09-16T23:02:36.2617414Z         "org.mobyproject.buildkit.worker.oci.process-mode": "sandbox",
2026-09-16T23:02:36.2617943Z         "org.mobyproject.buildkit.worker.selinux.enabled": "false",
2026-09-16T23:02:36.2618404Z         "org.mobyproject.buildkit.worker.snapshotter": "overlayfs"
2026-09-16T23:02:36.2618787Z       },
2026-09-16T23:02:36.2619005Z       "gcPolicy": [
2026-09-16T23:02:36.2619263Z         {
2026-09-16T23:02:36.2619511Z           "all": false,
2026-09-16T23:02:36.2619749Z           "filter": [
2026-09-16T23:02:36.2620134Z             "type==<INTERNAL_HOST> type==exec.cachemount type==source.git.checkout"
2026-09-16T23:02:36.2620540Z           ],
2026-09-16T23:02:36.2620798Z           "keepDuration": "48h0m0s",
2026-09-16T23:02:36.2621123Z           "maxUsedSpace": "488.3MiB"
2026-09-16T23:02:36.2621713Z         },
2026-09-16T23:02:36.2621908Z         {
2026-09-16T23:02:36.2622204Z           "all": false,
2026-09-16T23:02:36.2622457Z           "keepDuration": "1440h0m0s",
2026-09-16T23:02:36.2622768Z           "reservedSpace": "9.313GiB",
2026-09-16T23:02:36.2623071Z           "maxUsedSpace": "93.13GiB",
2026-09-16T23:02:36.2623371Z           "minFreeSpace": "27.01GiB"
2026-09-16T23:02:36.2623713Z         },
2026-09-16T23:02:36.2624345Z         {
2026-09-16T23:02:36.2624631Z           "all": false,
2026-09-16T23:02:36.2624897Z           "reservedSpace": "9.313GiB",
2026-09-16T23:02:36.2625187Z           "maxUsedSpace": "93.13GiB",
2026-09-16T23:02:36.2625567Z           "minFreeSpace": "27.01GiB"
2026-09-16T23:02:36.2625826Z         },
2026-09-16T23:02:36.2626032Z         {
2026-09-16T23:02:36.2626298Z           "all": true,
2026-09-16T23:02:36.2626540Z           "reservedSpace": "9.313GiB",
2026-09-16T23:02:36.2626943Z           "maxUsedSpace": "93.13GiB",
2026-09-16T23:02:36.2627229Z           "minFreeSpace": "27.01GiB"
2026-09-16T23:02:36.2627498Z         }
2026-09-16T23:02:36.2627749Z       ]
2026-09-16T23:02:36.2627944Z     }
2026-09-16T23:02:36.2628167Z   ],
2026-09-16T23:02:36.2628500Z   "name": "builder-4a7bc595-951e-40dd-8970-e83b5e5d2786",
2026-09-16T23:02:36.2628846Z   "driver": "docker-container",
2026-09-16T23:02:36.2629177Z   "lastActivity": "2026-09-16T23:02:31.000Z"
2026-09-16T23:02:36.2629474Z }
2026-09-16T23:02:36.2630026Z ##[endgroup]
2026-09-16T23:02:36.2630491Z ##[group]BuildKit version
2026-09-16T23:02:36.2630898Z builder-4a7bc595-951e-40dd-8970-e83b5e5d27860: v0.33.0
2026-09-16T23:02:36.2631398Z ##[endgroup]
2026-09-16T23:02:36.2872848Z ##[group]Run docker/bake-action@d3418bd7d0e9324001bca92fa8ba175ea7e6dc9b
2026-09-16T23:02:36.2873345Z with:
2026-09-16T23:02:36.2873704Z   targets: binary
2026-09-16T23:02:36.2874476Z   no-cache: false
2026-09-16T23:02:36.2874871Z   pull: false
2026-09-16T23:02:36.2875111Z   load: false
2026-09-16T23:02:36.2875339Z   push: false
2026-09-16T23:02:36.2877861Z   github-token: ***
2026-09-16T23:02:36.2878181Z env:
2026-09-16T23:02:36.2878396Z   DESTDIR: ./build
2026-09-16T23:02:36.2878774Z   SETUP_BUILDX_VERSION: edge
2026-09-16T23:02:36.2879075Z   SETUP_BUILDKIT_IMAGE: moby/buildkit:latest
2026-09-16T23:02:36.2879429Z ##[endgroup]
2026-09-16T23:02:36.4864365Z ##[group]GitHub Actions runtime token ACs
2026-09-16T23:02:36.4871880Z refs/pull/53703/merge: read/write
2026-09-16T23:02:36.4872192Z refs/heads/master: read
2026-09-16T23:02:36.4874655Z ##[endgroup]
2026-09-16T23:02:36.4875049Z ##[group]Docker info
2026-09-16T23:02:36.4909050Z [command]/usr/bin/docker version
2026-09-16T23:02:36.5097026Z Client: Docker Engine - Community
2026-09-16T23:02:36.5097876Z  Version:           29.4.2
2026-09-16T23:02:36.5098322Z  API version:       1.54
2026-09-16T23:02:36.5098826Z  Go version:        go1.26.2
2026-09-16T23:02:36.5099210Z  Git commit:        055a478
2026-09-16T23:02:36.5099605Z  Built:             Fri May  1 10:25:06 2026
2026-09-16T23:02:36.5100351Z  OS/Arch:           linux/arm64
2026-09-16T23:02:36.5100719Z  Context:           default
2026-09-16T23:02:36.5100956Z 
2026-09-16T23:02:36.5101234Z Server: Docker Engine - Community
2026-09-16T23:02:36.5101496Z  Engine:
2026-09-16T23:02:36.5101695Z   Version:          29.4.2
2026-09-16T23:02:36.5102019Z   API version:      1.54 (minimum version 1.40)
2026-09-16T23:02:36.5102332Z   Go version:       go1.26.2
2026-09-16T23:02:36.5102654Z   Git commit:       d329809
2026-09-16T23:02:36.5102931Z   Built:            Fri May  1 10:25:06 2026
2026-09-16T23:02:36.5103218Z   OS/Arch:          linux/arm64
2026-09-16T23:02:36.5103524Z   Experimental:     false
2026-09-16T23:02:36.5103767Z  containerd:
2026-09-16T23:02:36.5104307Z   Version:          v2.3.4
2026-09-16T23:02:36.5104628Z   GitCommit:        db8809540e1a7a9da5d518876894933ff55692ab
2026-09-16T23:02:36.5104951Z  runc:
2026-09-16T23:02:36.5105195Z   Version:          1.5.1
2026-09-16T23:02:36.5105445Z   GitCommit:        v1.5.1-0-g8f2685a4
2026-09-16T23:02:36.5106143Z  docker-init:
2026-09-16T23:02:36.5106420Z   Version:          0.19.0
2026-09-16T23:02:36.5106667Z   GitCommit:        de40ad0
2026-09-16T23:02:36.5131155Z [command]/usr/bin/docker info
2026-09-16T23:02:36.5490595Z Client: Docker Engine - Community
2026-09-16T23:02:36.5491226Z  Version:    29.4.2
2026-09-16T23:02:36.5491802Z  Context:    default
2026-09-16T23:02:36.5492180Z  Debug Mode: false
2026-09-16T23:02:36.5492533Z  Plugins:
2026-09-16T23:02:36.5493687Z   buildx: Docker Buildx (Docker Inc.)
2026-09-16T23:02:36.5494405Z     Version:  v0.37.1
2026-09-16T23:02:36.5495040Z     Path:     /home/runner/.docker/cli-plugins/docker-buildx
2026-09-16T23:02:36.5495522Z   compose: Docker Compose (Docker Inc.)
2026-09-16T23:02:36.5495929Z     Version:  v5.1.3
2026-09-16T23:02:36.5496490Z     Path:     /usr/libexec/docker/cli-plugins/docker-compose
2026-09-16T23:02:36.5496842Z 
2026-09-16T23:02:36.5497170Z Server:
2026-09-16T23:02:36.5497459Z  Containers: 1
2026-09-16T23:02:36.5497739Z   Running: 1
2026-09-16T23:02:36.5498007Z   Paused: 0
2026-09-16T23:02:36.5498259Z   Stopped: 0
2026-09-16T23:02:36.5498464Z  Images: 7
2026-09-16T23:02:36.5498717Z  Server Version: 29.4.2
2026-09-16T23:02:36.5498967Z  Storage Driver: overlayfs
2026-09-16T23:02:36.5499237Z   driver-type: io.containerd.snapshotter.v1
2026-09-16T23:02:36.5499653Z  Logging Driver: json-file
2026-09-16T23:02:36.5499909Z  Cgroup Driver: systemd
2026-09-16T23:02:36.5500195Z  Cgroup Version: 2
2026-09-16T23:02:36.5500419Z  Plugins:
2026-09-16T23:02:36.5500616Z   Volume: local
2026-09-16T23:02:36.5500972Z   Network: bridge host ipvlan macvlan null overlay
2026-09-16T23:02:36.5501874Z   Log: awslogs fluentd gcplogs gelf journald json-file local splunk syslog
2026-09-16T23:02:36.5502315Z  CDI spec directories:
2026-09-16T23:02:36.5502559Z   /etc/cdi
2026-09-16T23:02:36.5502764Z   /var/run/cdi
2026-09-16T23:02:36.5503074Z  Swarm: inactive
2026-09-16T23:02:36.5503317Z  Runtimes: io.containerd.runc.v2 runc
2026-09-16T23:02:36.5503628Z  Default Runtime: runc
2026-09-16T23:02:36.5504281Z  Init Binary: docker-init
2026-09-16T23:02:36.5504616Z  containerd version: db8809540e1a7a9da5d518876894933ff55692ab
2026-09-16T23:02:36.5505064Z  runc version: v1.5.1-0-g8f2685a4
2026-09-16T23:02:36.5505333Z  init version: de40ad0
2026-09-16T23:02:36.5505559Z  Security Options:
2026-09-16T23:02:36.5505823Z   apparmor
2026-09-16T23:02:36.5506026Z   seccomp
2026-09-16T23:02:36.5506320Z    Profile: builtin
2026-09-16T23:02:36.5506559Z   cgroupns
2026-09-16T23:02:36.5506763Z  Kernel Version: 7.0.0-1012-azure
2026-09-16T23:02:36.5507089Z  Operating System: Ubuntu 26.04.1 LTS
2026-09-16T23:02:36.5507366Z  OSType: linux
2026-09-16T23:02:36.5507648Z  Architecture: aarch64
2026-09-16T23:02:36.5507888Z  CPUs: 4
2026-09-16T23:02:36.5508095Z  Total Memory: 15.57GiB
2026-09-16T23:02:36.5508365Z  Name: runnervmgsnsd
2026-09-16T23:02:36.5508664Z  ID: bfb3c7b1-1c22-40d6-969f-e341d89beb16
2026-09-16T23:02:36.5508984Z  Docker Root Dir: /var/lib/docker
2026-09-16T23:02:36.5509257Z  Debug Mode: false
2026-09-16T23:02:36.5509504Z  Username: githubactions
2026-09-16T23:02:36.5509794Z  Experimental: false
2026-09-16T23:02:36.5510028Z  Insecure Registries:
2026-09-16T23:02:36.5510313Z   ::1/128
2026-09-16T23:02:36.5510557Z   127.0.0.0/8
2026-09-16T23:02:36.5510776Z  Live Restore Enabled: false
2026-09-16T23:02:36.5511069Z  Firewall Backend: iptables
2026-09-16T23:02:36.5511250Z 
2026-09-16T23:02:36.5511917Z ##[endgroup]
2026-09-16T23:02:36.5512569Z ##[group]Proxy configuration
2026-09-16T23:02:36.5512950Z No proxy configuration found
2026-09-16T23:02:36.5513467Z ##[endgroup]
2026-09-16T23:02:36.5988414Z ##[group]Buildx version
2026-09-16T23:02:36.6012032Z [command]/usr/bin/docker buildx version
2026-09-16T23:02:36.6399813Z github.com/docker/buildx v0.37.1 0b265a9f62db554fa9aba6dd19e1bd5704bc7d8a
2026-09-16T23:02:36.6426175Z ##[endgroup]
2026-09-16T23:02:36.6426703Z ##[group]Builder info
2026-09-16T23:02:36.7230276Z {
2026-09-16T23:02:36.7231087Z   "nodes": [
2026-09-16T23:02:36.7231273Z     {
2026-09-16T23:02:36.7232298Z       "name": "builder-4a7bc595-951e-40dd-8970-e83b5e5d27860",
2026-09-16T23:02:36.7232639Z       "endpoint": "unix:///var/run/docker.sock",
2026-09-16T23:02:36.7232903Z       "driver-opts": [
2026-09-16T23:02:36.7233109Z         "image=moby/buildkit:latest"
2026-09-16T23:02:36.7233325Z       ],
2026-09-16T23:02:36.7233486Z       "status": "running",
2026-09-16T23:02:36.7234345Z       "buildkitd-flags": "--debug --allow-insecure-entitlement=network.host",
2026-09-16T23:02:36.7234751Z       "buildkit": "v0.33.0",
2026-09-16T23:02:36.7235014Z       "platforms": "linux/arm64,linux/arm/v7,linux/arm/v6",
2026-09-16T23:02:36.7235300Z       "features": {
2026-09-16T23:02:36.7235587Z         "Automatically load images to the Docker Engine image store": true,
2026-09-16T23:02:36.7235926Z         "Cache export": true,
2026-09-16T23:02:36.7236137Z         "Direct push": true,
2026-09-16T23:02:36.7236350Z         "Docker exporter": true,
2026-09-16T23:02:36.7236577Z         "Multi-platform build": true,
2026-09-16T23:02:36.7236818Z         "OCI exporter": true
2026-09-16T23:02:36.7237015Z       },
2026-09-16T23:02:36.7237169Z       "labels": {
2026-09-16T23:02:36.7237403Z         "org.mobyproject.buildkit.worker.executor": "oci",
2026-09-16T23:02:36.7237774Z         "org.mobyproject.buildkit.worker.hostname": "4ab0a984cf63",
2026-09-16T23:02:36.7238152Z         "org.mobyproject.buildkit.worker.network": "host",
2026-09-16T23:02:36.7238539Z         "org.mobyproject.buildkit.worker.oci.process-mode": "sandbox",
2026-09-16T23:02:36.7238960Z         "org.mobyproject.buildkit.worker.selinux.enabled": "false",
2026-09-16T23:02:36.7239666Z         "org.mobyproject.buildkit.worker.snapshotter": "overlayfs"
2026-09-16T23:02:36.7239986Z       },
2026-09-16T23:02:36.7240142Z       "gcPolicy": [
2026-09-16T23:02:36.7240315Z         {
2026-09-16T23:02:36.7240470Z           "all": false,
2026-09-16T23:02:36.7240650Z           "filter": [
2026-09-16T23:02:36.7240940Z             "type==<INTERNAL_HOST> type==exec.cachemount type==source.git.checkout"
2026-09-16T23:02:36.7241286Z           ],
2026-09-16T23:02:36.7241458Z           "keepDuration": "48h0m0s",
2026-09-16T23:02:36.7241690Z           "maxUsedSpace": "488.3MiB"
2026-09-16T23:02:36.7241910Z         },
2026-09-16T23:02:36.7242060Z         {
2026-09-16T23:02:36.7242215Z           "all": false,
2026-09-16T23:02:36.7242420Z           "keepDuration": "1440h0m0s",
2026-09-16T23:02:36.7242657Z           "reservedSpace": "9.313GiB",
2026-09-16T23:02:36.7242893Z           "maxUsedSpace": "93.13GiB",
2026-09-16T23:02:36.7243123Z           "minFreeSpace": "27.01GiB"
2026-09-16T23:02:36.7243335Z         },
2026-09-16T23:02:36.7243492Z         {
2026-09-16T23:02:36.7243647Z           "all": false,
2026-09-16T23:02:36.7244192Z           "reservedSpace": "9.313GiB",
2026-09-16T23:02:36.7244467Z           "maxUsedSpace": "93.13GiB",
2026-09-16T23:02:36.7244701Z           "minFreeSpace": "27.01GiB"
2026-09-16T23:02:36.7244912Z         },
2026-09-16T23:02:36.7245067Z         {
2026-09-16T23:02:36.7245228Z           "all": true,
2026-09-16T23:02:36.7245419Z           "reservedSpace": "9.313GiB",
2026-09-16T23:02:36.7245653Z           "maxUsedSpace": "93.13GiB",
2026-09-16T23:02:36.7245882Z           "minFreeSpace": "27.01GiB"
2026-09-16T23:02:36.7246091Z         }
2026-09-16T23:02:36.7246239Z       ]
2026-09-16T23:02:36.7246386Z     }
2026-09-16T23:02:36.7246530Z   ],
2026-09-16T23:02:36.7246740Z   "name": "builder-4a7bc595-951e-40dd-8970-e83b5e5d2786",
2026-09-16T23:02:36.7247029Z   "driver": "docker-container",
2026-09-16T23:02:36.7247257Z   "lastActivity": "2026-09-16T23:02:31.000Z"
2026-09-16T23:02:36.7247493Z }
2026-09-16T23:02:36.7247857Z ##[endgroup]
2026-09-16T23:02:36.7248173Z ##[group]Parsing raw definition
2026-09-16T23:02:36.7256271Z [command]/usr/bin/docker buildx bake https://github.com/moby/moby.git#b019f4f1f46955593c7b74f4fd1c61bec4b22eab --print binary
2026-09-16T23:02:36.9632312Z #0 building with "builder-4a7bc595-951e-40dd-8970-e83b5e5d2786" instance using docker-container driver
2026-09-16T23:02:36.9633131Z 
2026-09-16T23:02:36.9633443Z #1 [internal] load git source https://github.com/moby/moby.git#b019f4f1f46955593c7b74f4fd1c61bec4b22eab
2026-09-16T23:02:36.9634229Z #1 0.012 Initialized empty Git repository in /var/lib/buildkit/runc-overlayfs/snapshots/snapshots/1/fs/
2026-09-16T23:02:36.9634823Z #1 0.015 fatal: Not a valid object name b019f4f1f46955593c7b74f4fd1c61bec4b22eab^{commit}
2026-09-16T23:02:57.7642903Z #1 20.97 From https://github.com/moby/moby
2026-09-16T23:02:57.7644322Z #1 20.97  * branch                  b019f4f1f46955593c7b74f4fd1c61bec4b22eab -> FETCH_HEAD
2026-09-16T23:02:57.9544824Z #1 20.98  * [new tag]               0.0.3                       -> 0.0.3
2026-09-16T23:02:57.9545702Z #1 20.98  * [new tag]               api/v1.52.0                 -> api/v1.52.0
2026-09-16T23:02:57.9546164Z #1 20.98  * [new tag]               api/v1.52.0-alpha.0         -> api/v1.52.0-alpha.0
2026-09-16T23:02:57.9546575Z #1 20.98  * [new tag]               api/v1.52.0-alpha.1         -> api/v1.52.0-alpha.1
2026-09-16T23:02:57.9546998Z #1 20.98  * [new tag]               api/v1.52.0-beta.0          -> api/v1.52.0-beta.0
2026-09-16T23:02:57.9547404Z #1 20.98  * [new tag]               api/v1.52.0-beta.1          -> api/v1.52.0-beta.1
2026-09-16T23:02:57.9547798Z #1 20.98  * [new tag]               api/v1.52.0-beta.2          -> api/v1.52.0-beta.2
2026-09-16T23:02:57.9548189Z #1 20.98  * [new tag]               api/v1.52.0-beta.3          -> api/v1.52.0-beta.3
2026-09-16T23:02:57.9548582Z #1 20.98  * [new tag]               api/v1.52.0-beta.4          -> api/v1.52.0-beta.4
2026-09-16T23:02:57.9549414Z #1 20.98  * [new tag]               api/v1.52.0-rc.1            -> api/v1.52.0-rc.1
2026-09-16T23:02:57.9549816Z #1 20.98  * [new tag]               api/v1.53.0                 -> api/v1.53.0
2026-09-16T23:02:57.9550197Z #1 20.98  * [new tag]               api/v1.53.0-rc.1            -> api/v1.53.0-rc.1
2026-09-16T23:02:57.9550577Z #1 20.98  * [new tag]               api/v1.53.0-rc.2            -> api/v1.53.0-rc.2
2026-09-16T23:02:57.9550965Z #1 20.98  * [new tag]               api/v1.54.0                 -> api/v1.54.0
2026-09-16T23:02:57.9551340Z #1 20.98  * [new tag]               api/v1.54.0-rc.1            -> api/v1.54.0-rc.1
2026-09-16T23:02:57.9551713Z #1 20.98  * [new tag]               api/v1.54.1                 -> api/v1.54.1
2026-09-16T23:02:57.9552073Z #1 20.98  * [new tag]               api/v1.54.2                 -> api/v1.54.2
2026-09-16T23:02:57.9552436Z #1 20.98  * [new tag]               api/v1.55.0                 -> api/v1.55.0
2026-09-16T23:02:57.9552812Z #1 20.98  * [new tag]               api/v1.55.0-rc.1            -> api/v1.55.0-rc.1
2026-09-16T23:02:57.9553189Z #1 20.98  * [new tag]               api/v1.56.0                 -> api/v1.56.0
2026-09-16T23:02:57.9553549Z #1 20.98  * [new tag]               autorun/1                   -> autorun/1
2026-09-16T23:02:57.9554134Z #1 20.98  * [new tag]               builder/1                   -> builder/1
2026-09-16T23:02:57.9554517Z #1 20.98  * [new tag]               builder/2                   -> builder/2
2026-09-16T23:02:57.9554883Z #1 20.98  * [new tag]               client/v0.1.0               -> client/v0.1.0
2026-09-16T23:02:57.9555278Z #1 20.98  * [new tag]               client/v0.1.0-alpha.0       -> client/v0.1.0-alpha.0
2026-09-16T23:02:57.9555689Z #1 20.98  * [new tag]               client/v0.1.0-beta.0        -> client/v0.1.0-beta.0
2026-09-16T23:02:57.9556097Z #1 20.98  * [new tag]               client/v0.1.0-beta.1        -> client/v0.1.0-beta.1
2026-09-16T23:02:57.9556501Z #1 20.98  * [new tag]               client/v0.1.0-beta.2        -> client/v0.1.0-beta.2
2026-09-16T23:02:57.9556907Z #1 20.98  * [new tag]               client/v0.1.0-beta.3        -> client/v0.1.0-beta.3
2026-09-16T23:02:57.9557304Z #1 20.98  * [new tag]               client/v0.1.0-rc.1          -> client/v0.1.0-rc.1
2026-09-16T23:02:57.9557690Z #1 20.98  * [new tag]               client/v0.2.0               -> client/v0.2.0
2026-09-16T23:02:57.9558427Z #1 20.98  * [new tag]               client/v0.2.1               -> client/v0.2.1
2026-09-16T23:02:57.9558797Z #1 20.98  * [new tag]               client/v0.2.2               -> client/v0.2.2
2026-09-16T23:02:57.9559178Z #1 20.98  * [new tag]               client/v0.2.2-rc.1          -> client/v0.2.2-rc.1
2026-09-16T23:02:57.9559811Z #1 20.98  * [new tag]               client/v0.2.2-rc.2          -> client/v0.2.2-rc.2
2026-09-16T23:02:57.9560214Z #1 20.98  * [new tag]               client/v0.2.3-rc.1          -> client/v0.2.3-rc.1
2026-09-16T23:02:57.9560603Z #1 20.98  * [new tag]               client/v0.3.0               -> client/v0.3.0
2026-09-16T23:02:57.9560973Z #1 20.98  * [new tag]               client/v0.4.0               -> client/v0.4.0
2026-09-16T23:02:57.9561338Z #1 20.98  * [new tag]               client/v0.4.1               -> client/v0.4.1
2026-09-16T23:02:57.9561708Z #1 20.98  * [new tag]               client/v0.5.0               -> client/v0.5.0
2026-09-16T23:02:57.9562088Z #1 20.98  * [new tag]               client/v0.5.0-rc.1          -> client/v0.5.0-rc.1
2026-09-16T23:02:57.9562480Z #1 20.98  * [new tag]               client/v0.5.1               -> client/v0.5.1
2026-09-16T23:02:57.9562851Z #1 20.98  * [new tag]               client/v0.6.0               -> client/v0.6.0
2026-09-16T23:02:57.9563223Z #1 20.98  * [new tag]               debian/0.1.1-1              -> debian/0.1.1-1
2026-09-16T23:02:57.9563602Z #1 20.98  * [new tag]               docker-v29.0.0              -> docker-v29.0.0
2026-09-16T23:02:57.9564252Z #1 20.98  * [new tag]               docker-v29.0.0-rc.1         -> docker-v29.0.0-rc.1
2026-09-16T23:02:57.9564927Z #1 20.98  * [new tag]               docker-v29.0.0-rc.2         -> docker-v29.0.0-rc.2
2026-09-16T23:02:57.9565361Z #1 20.98  * [new tag]               docker-v29.0.0-rc.3         -> docker-v29.0.0-rc.3
2026-09-16T23:02:57.9565763Z #1 20.98  * [new tag]               docker-v29.0.1              -> docker-v29.0.1
2026-09-16T23:02:57.9566161Z #1 20.98  * [new tag]               docker-v29.0.2              -> docker-v29.0.2
2026-09-16T23:02:57.9566549Z #1 20.98  * [new tag]               docker-v29.0.3              -> docker-v29.0.3
2026-09-16T23:02:57.9566926Z #1 20.98  * [new tag]               docker-v29.0.4              -> docker-v29.0.4
2026-09-16T23:02:57.9567305Z #1 20.98  * [new tag]               docker-v29.1.0              -> docker-v29.1.0
2026-09-16T23:02:57.9567695Z #1 20.98  * [new tag]               docker-v29.1.0-rc.1         -> docker-v29.1.0-rc.1
2026-09-16T23:02:57.9568087Z #1 20.98  * [new tag]               docker-v29.1.1              -> docker-v29.1.1
2026-09-16T23:02:57.9568470Z #1 20.98  * [new tag]               docker-v29.1.2              -> docker-v29.1.2
2026-09-16T23:02:57.9568846Z #1 20.98  * [new tag]               docker-v29.1.3              -> docker-v29.1.3
2026-09-16T23:02:57.9569224Z #1 20.98  * [new tag]               docker-v29.1.4              -> docker-v29.1.4
2026-09-16T23:02:57.9569601Z #1 20.98  * [new tag]               docker-v29.1.5              -> docker-v29.1.5
2026-09-16T23:02:57.9569982Z #1 20.98  * [new tag]               docker-v29.2.0              -> docker-v29.2.0
2026-09-16T23:02:57.9570371Z #1 20.98  * [new tag]               docker-v29.2.0-rc.1         -> docker-v29.2.0-rc.1
2026-09-16T23:02:57.9570777Z #1 20.98  * [new tag]               docker-v29.2.0-rc.2         -> docker-v29.2.0-rc.2
2026-09-16T23:02:57.9571171Z #1 20.98  * [new tag]               docker-v29.2.1              -> docker-v29.2.1
2026-09-16T23:02:57.9571552Z #1 20.98  * [new tag]               docker-v29.3.0              -> docker-v29.3.0
2026-09-16T23:02:57.9571948Z #1 20.98  * [new tag]               docker-v29.3.0-rc.1         -> docker-v29.3.0-rc.1
2026-09-16T23:02:57.9572348Z #1 20.98  * [new tag]               docker-v29.3.1              -> docker-v29.3.1
2026-09-16T23:02:57.9572734Z #1 20.98  * [new tag]               docker-v29.4.0              -> docker-v29.4.0
2026-09-16T23:02:57.9573130Z #1 20.98  * [new tag]               docker-v29.4.0-rc.1         -> docker-v29.4.0-rc.1
2026-09-16T23:02:57.9573778Z #1 20.98  * [new tag]               docker-v29.4.1              -> docker-v29.4.1
2026-09-16T23:02:57.9585818Z #1 20.98  * [new tag]               docker-v29.4.2              -> docker-v29.4.2
2026-09-16T23:02:57.9586228Z #1 20.98  * [new tag]               docker-v29.4.3              -> docker-v29.4.3
2026-09-16T23:02:57.9586610Z #1 20.98  * [new tag]               docker-v29.5.0              -> docker-v29.5.0
2026-09-16T23:02:57.9587001Z #1 20.98  * [new tag]               docker-v29.5.0-rc.1         -> docker-v29.5.0-rc.1
2026-09-16T23:02:57.9587409Z #1 20.98  * [new tag]               docker-v29.5.1              -> docker-v29.5.1
2026-09-16T23:02:57.9587787Z #1 20.98  * [new tag]               docker-v29.5.2              -> docker-v29.5.2
2026-09-16T23:02:57.9588164Z #1 20.98  * [new tag]               docker-v29.5.3              -> docker-v29.5.3
2026-09-16T23:02:57.9588544Z #1 20.98  * [new tag]               docker-v29.6.0              -> docker-v29.6.0
2026-09-16T23:02:57.9588939Z #1 20.98  * [new tag]               docker-v29.6.0-rc.1         -> docker-v29.6.0-rc.1
2026-09-16T23:02:57.9589330Z #1 20.98  * [new tag]               docker-v29.6.1              -> docker-v29.6.1
2026-09-16T23:02:57.9589709Z #1 20.98  * [new tag]               docker-v29.6.2              -> docker-v29.6.2
2026-09-16T23:02:57.9590093Z #1 20.98  * [new tag]               docker-v29.7.0              -> docker-v29.7.0
2026-09-16T23:02:57.9590482Z #1 20.98  * [new tag]               docker-v29.7.0-rc.1         -> docker-v29.7.0-rc.1
2026-09-16T23:02:57.9591139Z #1 20.98  * [new tag]               docker-v29.7.1              -> docker-v29.7.1
2026-09-16T23:02:57.9591553Z #1 20.98  * [new tag]               docker-v29.7.2              -> docker-v29.7.2
2026-09-16T23:02:57.9591934Z #1 20.98  * [new tag]               docker-v29.8.0              -> docker-v29.8.0
2026-09-16T23:02:57.9592321Z #1 20.98  * [new tag]               docker-v29.8.0-rc.1         -> docker-v29.8.0-rc.1
2026-09-16T23:02:57.9592718Z #1 20.98  * [new tag]               docker-v29.8.1              -> docker-v29.8.1
2026-09-16T23:02:57.9593134Z #1 20.98  * [new tag]               docs-v1.11.2-2016-06-10     -> docs-v1.11.2-2016-06-10
2026-09-16T23:02:57.9593565Z #1 20.98  * [new tag]               docs-v1.12.0-2016-07-28     -> docs-v1.12.0-2016-07-28
2026-09-16T23:02:57.9594301Z #1 20.98  * [new tag]               docs-v1.12.0-2016-07-29     -> docs-v1.12.0-2016-07-29
2026-09-16T23:02:57.9594739Z #1 20.98  * [new tag]               docs-v1.12.0-2016-08-03     -> docs-v1.12.0-2016-08-03
2026-09-16T23:02:57.9595176Z #1 20.98  * [new tag]               docs-v1.12.0-2016-08-03.1   -> docs-v1.12.0-2016-08-03.1
2026-09-16T23:02:57.9595604Z #1 20.98  * [new tag]               docs-v1.12.0-2016-08-09     -> docs-v1.12.0-2016-08-09
2026-09-16T23:02:57.9596042Z #1 20.98  * [new tag]               docs-v1.12.0-rc4-2016-07-15 -> docs-v1.12.0-rc4-2016-07-15
2026-09-16T23:02:57.9596476Z #1 20.98  * [new tag]               docs-v1.12.1-2016-08-12     -> docs-v1.12.1-2016-08-12
2026-09-16T23:02:57.9596889Z #1 20.98  * [new tag]               upstream/0.1.1              -> upstream/0.1.1
2026-09-16T23:02:57.9597270Z #1 20.98  * [new tag]               upstream/0.1.2              -> upstream/0.1.2
2026-09-16T23:02:57.9597647Z #1 20.98  * [new tag]               upstream/0.1.3              -> upstream/0.1.3
2026-09-16T23:02:57.9598024Z #1 20.98  * [new tag]               upstream/0.1.4              -> upstream/0.1.4
2026-09-16T23:02:57.9598380Z #1 20.98  * [new tag]               v0.1.0                      -> v0.1.0
2026-09-16T23:02:57.9598720Z #1 20.98  * [new tag]               v0.1.1                      -> v0.1.1
2026-09-16T23:02:57.9599059Z #1 20.98  * [new tag]               v0.1.2                      -> v0.1.2
2026-09-16T23:02:57.9599396Z #1 20.98  * [new tag]               v0.1.3                      -> v0.1.3
2026-09-16T23:02:57.9599737Z #1 20.98  * [new tag]               v0.1.4                      -> v0.1.4
2026-09-16T23:02:57.9600311Z #1 20.98  * [new tag]               v0.1.5                      -> v0.1.5
2026-09-16T23:02:57.9600644Z #1 20.98  * [new tag]               v0.1.6                      -> v0.1.6
2026-09-16T23:02:57.9600986Z #1 20.98  * [new tag]               v0.1.7                      -> v0.1.7
2026-09-16T23:02:57.9601320Z #1 20.98  * [new tag]               v0.1.8                      -> v0.1.8
2026-09-16T23:02:57.9601658Z #1 20.98  * [new tag]               v0.10.0                     -> v0.10.0
2026-09-16T23:02:57.9601998Z #1 20.98  * [new tag]               v0.11.0                     -> v0.11.0
2026-09-16T23:02:57.9602341Z #1 20.98  * [new tag]               v0.11.1                     -> v0.11.1
2026-09-16T23:02:57.9602676Z #1 20.98  * [new tag]               v0.12.0                     -> v0.12.0
2026-09-16T23:02:57.9603009Z #1 20.98  * [new tag]               v0.2.0                      -> v0.2.0
2026-09-16T23:02:57.9603340Z #1 20.98  * [new tag]               v0.2.1                      -> v0.2.1
2026-09-16T23:02:57.9603677Z #1 20.98  * [new tag]               v0.2.2                      -> v0.2.2
2026-09-16T23:02:57.9604288Z #1 20.98  * [new tag]               v0.3.0                      -> v0.3.0
2026-09-16T23:02:57.9604822Z #1 20.98  * [new tag]               v0.3.1                      -> v0.3.1
2026-09-16T23:02:57.9605155Z #1 20.98  * [new tag]               v0.3.2                      -> v0.3.2
2026-09-16T23:02:57.9605489Z #1 20.98  * [new tag]               v0.3.3                      -> v0.3.3
2026-09-16T23:02:57.9605822Z #1 20.98  * [new tag]               v0.3.4                      -> v0.3.4
2026-09-16T23:02:57.9606373Z #1 20.98  * [new tag]               v0.4.0                      -> v0.4.0
2026-09-16T23:02:57.9606727Z #1 20.98  * [new tag]               v0.4.1                      -> v0.4.1
2026-09-16T23:02:57.9607061Z #1 20.98  * [new tag]               v0.4.2                      -> v0.4.2
2026-09-16T23:02:57.9607396Z #1 20.98  * [new tag]               v0.4.3                      -> v0.4.3
2026-09-16T23:02:57.9607735Z #1 20.98  * [new tag]               v0.4.4                      -> v0.4.4
2026-09-16T23:02:57.9608069Z #1 20.98  * [new tag]               v0.4.5                      -> v0.4.5
2026-09-16T23:02:57.9608398Z #1 20.98  * [new tag]               v0.4.6                      -> v0.4.6
2026-09-16T23:02:57.9609023Z #1 20.98  * [new tag]               v0.4.7                      -> v0.4.7
2026-09-16T23:02:57.9609374Z #1 20.98  * [new tag]               v0.4.8                      -> v0.4.8
2026-09-16T23:02:57.9609709Z #1 20.98  * [new tag]               v0.5.0                      -> v0.5.0
2026-09-16T23:02:57.9610044Z #1 20.98  * [new tag]               v0.5.1                      -> v0.5.1
2026-09-16T23:02:57.9610376Z #1 20.98  * [new tag]               v0.5.2                      -> v0.5.2
2026-09-16T23:02:57.9610707Z #1 20.98  * [new tag]               v0.5.3                      -> v0.5.3
2026-09-16T23:02:57.9611039Z #1 20.98  * [new tag]               v0.6.0                      -> v0.6.0
2026-09-16T23:02:57.9611373Z #1 20.98  * [new tag]               v0.6.1                      -> v0.6.1
2026-09-16T23:02:57.9611703Z #1 20.98  * [new tag]               v0.6.2                      -> v0.6.2
2026-09-16T23:02:57.9612036Z #1 20.98  * [new tag]               v0.6.3                      -> v0.6.3
2026-09-16T23:02:57.9612366Z #1 20.98  * [new tag]               v0.6.4                      -> v0.6.4
2026-09-16T23:02:57.9612698Z #1 20.98  * [new tag]               v0.6.5                      -> v0.6.5
2026-09-16T23:02:57.9613027Z #1 20.98  * [new tag]               v0.6.6                      -> v0.6.6
2026-09-16T23:02:57.9613364Z #1 20.98  * [new tag]               v0.6.7                      -> v0.6.7
2026-09-16T23:02:57.9613696Z #1 20.98  * [new tag]               v0.7.0                      -> v0.7.0
2026-09-16T23:02:57.9614250Z #1 20.98  * [new tag]               v0.7.0-rc1                  -> v0.7.0-rc1
2026-09-16T23:02:57.9614611Z #1 20.98  * [new tag]               v0.7.0-rc2                  -> v0.7.0-rc2
2026-09-16T23:02:57.9615219Z #1 20.98  * [new tag]               v0.7.0-rc3                  -> v0.7.0-rc3
2026-09-16T23:02:57.9615577Z #1 20.98  * [new tag]               v0.7.0-rc4                  -> v0.7.0-rc4
2026-09-16T23:02:57.9615930Z #1 20.98  * [new tag]               v0.7.0-rc5                  -> v0.7.0-rc5
2026-09-16T23:02:57.9616285Z #1 20.98  * [new tag]               v0.7.0-rc6                  -> v0.7.0-rc6
2026-09-16T23:02:57.9616638Z #1 20.98  * [new tag]               v0.7.0-rc7                  -> v0.7.0-rc7
2026-09-16T23:02:57.9616987Z #1 20.98  * [new tag]               v0.7.1                      -> v0.7.1
2026-09-16T23:02:57.9617328Z #1 20.98  * [new tag]               v0.7.2                      -> v0.7.2
2026-09-16T23:02:57.9617661Z #1 20.98  * [new tag]               v0.7.3                      -> v0.7.3
2026-09-16T23:02:57.9617997Z #1 20.98  * [new tag]               v0.7.4                      -> v0.7.4
2026-09-16T23:02:57.9618328Z #1 20.98  * [new tag]               v0.7.5                      -> v0.7.5
2026-09-16T23:02:57.9618665Z #1 20.98  * [new tag]               v0.7.6                      -> v0.7.6
2026-09-16T23:02:57.9618995Z #1 20.98  * [new tag]               v0.8.0                      -> v0.8.0
2026-09-16T23:02:57.9619327Z #1 20.98  * [new tag]               v0.8.1                      -> v0.8.1
2026-09-16T23:02:57.9619657Z #1 20.98  * [new tag]               v0.9.0                      -> v0.9.0
2026-09-16T23:02:57.9619987Z #1 20.98  * [new tag]               v0.9.1                      -> v0.9.1
2026-09-16T23:02:57.9620482Z #1 20.98  * [new tag]               v1.0.0                      -> v1.0.0
2026-09-16T23:02:57.9620835Z #1 20.98  * [new tag]               v1.0.1                      -> v1.0.1
2026-09-16T23:02:57.9621179Z #1 20.98  * [new tag]               v1.1.0                      -> v1.1.0
2026-09-16T23:02:57.9621510Z #1 20.98  * [new tag]               v1.1.1                      -> v1.1.1
2026-09-16T23:02:57.9621841Z #1 20.98  * [new tag]               v1.1.2                      -> v1.1.2
2026-09-16T23:02:57.9622178Z #1 20.98  * [new tag]               v1.10.0                     -> v1.10.0
2026-09-16T23:02:57.9622526Z #1 20.98  * [new tag]               v1.10.0-rc1                 -> v1.10.0-rc1
2026-09-16T23:02:57.9622888Z #1 20.98  * [new tag]               v1.10.0-rc2                 -> v1.10.0-rc2
2026-09-16T23:02:57.9623245Z #1 20.98  * [new tag]               v1.10.0-rc3                 -> v1.10.0-rc3
2026-09-16T23:02:57.9623602Z #1 20.98  * [new tag]               v1.10.0-rc4                 -> v1.10.0-rc4
2026-09-16T23:02:57.9624156Z #1 20.98  * [new tag]               v1.10.1                     -> v1.10.1
2026-09-16T23:02:57.9624508Z #1 20.98  * [new tag]               v1.10.1-rc1                 -> v1.10.1-rc1
2026-09-16T23:02:57.9624857Z #1 20.98  * [new tag]               v1.10.2                     -> v1.10.2
2026-09-16T23:02:57.9625202Z #1 20.98  * [new tag]               v1.10.2-rc1                 -> v1.10.2-rc1
2026-09-16T23:02:57.9625554Z #1 20.98  * [new tag]               v1.10.3                     -> v1.10.3
2026-09-16T23:02:57.9625901Z #1 20.98  * [new tag]               v1.10.3-rc1                 -> v1.10.3-rc1
2026-09-16T23:02:57.9626257Z #1 20.98  * [new tag]               v1.10.3-rc2                 -> v1.10.3-rc2
2026-09-16T23:02:57.9626605Z #1 20.98  * [new tag]               v1.11.0                     -> v1.11.0
2026-09-16T23:02:57.9626957Z #1 20.98  * [new tag]               v1.11.0-rc1                 -> v1.11.0-rc1
2026-09-16T23:02:57.9627313Z #1 20.98  * [new tag]               v1.11.0-rc2                 -> v1.11.0-rc2
2026-09-16T23:02:57.9627677Z #1 20.98  * [new tag]               v1.11.0-rc3                 -> v1.11.0-rc3
2026-09-16T23:02:57.9628038Z #1 20.98  * [new tag]               v1.11.0-rc4                 -> v1.11.0-rc4
2026-09-16T23:02:57.9628391Z #1 20.98  * [new tag]               v1.11.0-rc5                 -> v1.11.0-rc5
2026-09-16T23:02:57.9628737Z #1 20.98  * [new tag]               v1.11.1                     -> v1.11.1
2026-09-16T23:02:57.9629386Z #1 20.98  * [new tag]               v1.11.1-rc1                 -> v1.11.1-rc1
2026-09-16T23:02:57.9629733Z #1 20.98  * [new tag]               v1.11.2                     -> v1.11.2
2026-09-16T23:02:57.9630086Z #1 20.98  * [new tag]               v1.11.2-rc1                 -> v1.11.2-rc1
2026-09-16T23:02:57.9630432Z #1 20.98  * [new tag]               v1.12.0                     -> v1.12.0
2026-09-16T23:02:57.9630779Z #1 20.98  * [new tag]               v1.12.0-rc1                 -> v1.12.0-rc1
2026-09-16T23:02:57.9631138Z #1 20.98  * [new tag]               v1.12.0-rc2                 -> v1.12.0-rc2
2026-09-16T23:02:57.9631493Z #1 20.98  * [new tag]               v1.12.0-rc3                 -> v1.12.0-rc3
2026-09-16T23:02:57.9631852Z #1 20.98  * [new tag]               v1.12.0-rc4                 -> v1.12.0-rc4
2026-09-16T23:02:57.9632209Z #1 20.98  * [new tag]               v1.12.0-rc5                 -> v1.12.0-rc5
2026-09-16T23:02:57.9632565Z #1 20.98  * [new tag]               v1.12.1                     -> v1.12.1
2026-09-16T23:02:57.9632911Z #1 20.98  * [new tag]               v1.12.1-rc1                 -> v1.12.1-rc1
2026-09-16T23:02:57.9633267Z #1 20.98  * [new tag]               v1.12.1-rc2                 -> v1.12.1-rc2
2026-09-16T23:02:57.9633614Z #1 20.98  * [new tag]               v1.12.2                     -> v1.12.2
2026-09-16T23:02:57.9634269Z #1 20.98  * [new tag]               v1.12.2-rc1                 -> v1.12.2-rc1
2026-09-16T23:02:57.9634637Z #1 20.98  * [new tag]               v1.12.2-rc2                 -> v1.12.2-rc2
2026-09-16T23:02:57.9635280Z #1 20.98  * [new tag]               v1.12.2-rc3                 -> v1.12.2-rc3
2026-09-16T23:02:57.9635648Z #1 20.98  * [new tag]               v1.12.3                     -> v1.12.3
2026-09-16T23:02:57.9635998Z #1 20.98  * [new tag]               v1.12.3-rc1                 -> v1.12.3-rc1
2026-09-16T23:02:57.9636345Z #1 20.98  * [new tag]               v1.12.4                     -> v1.12.4
2026-09-16T23:02:57.9636698Z #1 20.98  * [new tag]               v1.12.4-rc1                 -> v1.12.4-rc1
2026-09-16T23:02:57.9637044Z #1 20.98  * [new tag]               v1.12.5                     -> v1.12.5
2026-09-16T23:02:57.9637393Z #1 20.98  * [new tag]               v1.12.5-rc1                 -> v1.12.5-rc1
2026-09-16T23:02:57.9637738Z #1 20.98  * [new tag]               v1.12.6                     -> v1.12.6
2026-09-16T23:02:57.9638076Z #1 20.98  * [new tag]               v1.13.0                     -> v1.13.0
2026-09-16T23:02:57.9638430Z #1 20.98  * [new tag]               v1.13.0-rc1                 -> v1.13.0-rc1
2026-09-16T23:02:57.9638796Z #1 20.98  * [new tag]               v1.13.0-rc2                 -> v1.13.0-rc2
2026-09-16T23:02:57.9639156Z #1 20.98  * [new tag]               v1.13.0-rc3                 -> v1.13.0-rc3
2026-09-16T23:02:57.9639518Z #1 20.98  * [new tag]               v1.13.0-rc4                 -> v1.13.0-rc4
2026-09-16T23:02:57.9639874Z #1 20.98  * [new tag]               v1.13.0-rc5                 -> v1.13.0-rc5
2026-09-16T23:02:57.9640238Z #1 20.98  * [new tag]               v1.13.0-rc6                 -> v1.13.0-rc6
2026-09-16T23:02:57.9640594Z #1 20.98  * [new tag]               v1.13.0-rc7                 -> v1.13.0-rc7
2026-09-16T23:02:57.9640941Z #1 20.98  * [new tag]               v1.13.1                     -> v1.13.1
2026-09-16T23:02:57.9641287Z #1 20.98  * [new tag]               v1.13.1-rc1                 -> v1.13.1-rc1
2026-09-16T23:02:57.9641652Z #1 20.98  * [new tag]               v1.13.1-rc2                 -> v1.13.1-rc2
2026-09-16T23:02:57.9642007Z #1 20.98  * [new tag]               v1.2.0                      -> v1.2.0
2026-09-16T23:02:57.9642354Z #1 20.98  * [new tag]               v1.3.0                      -> v1.3.0
2026-09-16T23:02:57.9642698Z #1 20.98  * [new tag]               v1.3.1                      -> v1.3.1
2026-09-16T23:02:57.9643037Z #1 20.98  * [new tag]               v1.3.2                      -> v1.3.2
2026-09-16T23:02:57.9643822Z #1 20.98  * [new tag]               v1.3.3                      -> v1.3.3
2026-09-16T23:02:57.9644380Z #1 20.98  * [new tag]               v1.4.0                      -> v1.4.0
2026-09-16T23:02:57.9644721Z #1 20.98  * [new tag]               v1.4.1                      -> v1.4.1
2026-09-16T23:02:57.9645058Z #1 20.98  * [new tag]               v1.5.0                      -> v1.5.0
2026-09-16T23:02:57.9645402Z #1 20.98  * [new tag]               v1.5.0-rc1                  -> v1.5.0-rc1
2026-09-16T23:02:57.9645757Z #1 20.98  * [new tag]               v1.5.0-rc2                  -> v1.5.0-rc2
2026-09-16T23:02:57.9646116Z #1 20.98  * [new tag]               v1.5.0-rc3                  -> v1.5.0-rc3
2026-09-16T23:02:57.9646470Z #1 20.98  * [new tag]               v1.5.0-rc4                  -> v1.5.0-rc4
2026-09-16T23:02:57.9646855Z #1 20.98  * [new tag]               v1.6.0                      -> v1.6.0
2026-09-16T23:02:57.9647203Z #1 20.98  * [new tag]               v1.6.0-rc1                  -> v1.6.0-rc1
2026-09-16T23:02:57.9647561Z #1 20.98  * [new tag]               v1.6.0-rc2                  -> v1.6.0-rc2
2026-09-16T23:02:57.9647918Z #1 20.98  * [new tag]               v1.6.0-rc3                  -> v1.6.0-rc3
2026-09-16T23:02:57.9648271Z #1 20.98  * [new tag]               v1.6.0-rc4                  -> v1.6.0-rc4
2026-09-16T23:02:57.9648627Z #1 20.98  * [new tag]               v1.6.0-rc5                  -> v1.6.0-rc5
2026-09-16T23:02:57.9648985Z #1 20.98  * [new tag]               v1.6.0-rc6                  -> v1.6.0-rc6
2026-09-16T23:02:57.9649566Z #1 20.98  * [new tag]               v1.6.0-rc7                  -> v1.6.0-rc7
2026-09-16T23:02:57.9649935Z #1 20.98  * [new tag]               v1.6.1                      -> v1.6.1
2026-09-16T23:02:57.9650278Z #1 20.98  * [new tag]               v1.6.2                      -> v1.6.2
2026-09-16T23:02:57.9650614Z #1 20.98  * [new tag]               v1.7.0                      -> v1.7.0
2026-09-16T23:02:57.9650959Z #1 20.98  * [new tag]               v1.7.0-rc1                  -> v1.7.0-rc1
2026-09-16T23:02:57.9651319Z #1 20.98  * [new tag]               v1.7.0-rc2                  -> v1.7.0-rc2
2026-09-16T23:02:57.9651673Z #1 20.98  * [new tag]               v1.7.0-rc3                  -> v1.7.0-rc3
2026-09-16T23:02:57.9652029Z #1 20.98  * [new tag]               v1.7.0-rc4                  -> v1.7.0-rc4
2026-09-16T23:02:57.9652383Z #1 20.98  * [new tag]               v1.7.0-rc5                  -> v1.7.0-rc5
2026-09-16T23:02:57.9652733Z #1 20.98  * [new tag]               v1.7.1                      -> v1.7.1
2026-09-16T23:02:57.9653093Z #1 20.98  * [new tag]               v1.7.1-rc1                  -> v1.7.1-rc1
2026-09-16T23:02:57.9653448Z #1 20.98  * [new tag]               v1.7.1-rc2                  -> v1.7.1-rc2
2026-09-16T23:02:57.9653802Z #1 20.98  * [new tag]               v1.7.1-rc3                  -> v1.7.1-rc3
2026-09-16T23:02:57.9654370Z #1 20.98  * [new tag]               v1.8.0                      -> v1.8.0
2026-09-16T23:02:57.9654730Z #1 20.98  * [new tag]               v1.8.0-rc1                  -> v1.8.0-rc1
2026-09-16T23:02:57.9655086Z #1 20.98  * [new tag]               v1.8.0-rc2                  -> v1.8.0-rc2
2026-09-16T23:02:57.9655445Z #1 20.98  * [new tag]               v1.8.0-rc3                  -> v1.8.0-rc3
2026-09-16T23:02:57.9655792Z #1 20.98  * [new tag]               v1.8.1                      -> v1.8.1
2026-09-16T23:02:57.9656137Z #1 20.98  * [new tag]               v1.8.2                      -> v1.8.2
2026-09-16T23:02:57.9656482Z #1 20.98  * [new tag]               v1.8.2-rc1                  -> v1.8.2-rc1
2026-09-16T23:02:57.9656835Z #1 20.98  * [new tag]               v1.8.3                      -> v1.8.3
2026-09-16T23:02:57.9657174Z #1 20.98  * [new tag]               v1.9.0                      -> v1.9.0
2026-09-16T23:02:57.9657518Z #1 20.98  * [new tag]               v1.9.0-rc1                  -> v1.9.0-rc1
2026-09-16T23:02:57.9657873Z #1 20.98  * [new tag]               v1.9.0-rc2                  -> v1.9.0-rc2
2026-09-16T23:02:57.9658509Z #1 20.98  * [new tag]               v1.9.0-rc3                  -> v1.9.0-rc3
2026-09-16T23:02:57.9658872Z #1 20.98  * [new tag]               v1.9.0-rc4                  -> v1.9.0-rc4
2026-09-16T23:02:57.9659230Z #1 20.98  * [new tag]               v1.9.0-rc5                  -> v1.9.0-rc5
2026-09-16T23:02:57.9659577Z #1 20.98  * [new tag]               v1.9.1                      -> v1.9.1
2026-09-16T23:02:57.9659920Z #1 20.98  * [new tag]               v1.9.1-rc1                  -> v1.9.1-rc1
2026-09-16T23:02:57.9660281Z #1 20.98  * [new tag]               v17.03.0-ce                 -> v17.03.0-ce
2026-09-16T23:02:57.9660651Z #1 20.98  * [new tag]               v17.03.0-ce-rc1             -> v17.03.0-ce-rc1
2026-09-16T23:02:57.9661019Z #1 20.98  * [new tag]               v17.03.1-ce                 -> v17.03.1-ce
2026-09-16T23:02:57.9661384Z #1 20.98  * [new tag]               v17.03.1-ce-rc1             -> v17.03.1-ce-rc1
2026-09-16T23:02:57.9661756Z #1 20.98  * [new tag]               v17.03.2-ce                 -> v17.03.2-ce
2026-09-16T23:02:57.9662132Z #1 20.98  * [new tag]               v17.03.2-ce-rc1             -> v17.03.2-ce-rc1
2026-09-16T23:02:57.9662498Z #1 20.98  * [new tag]               v17.04.0-ce                 -> v17.04.0-ce
2026-09-16T23:02:57.9662861Z #1 20.98  * [new tag]               v17.04.0-ce-rc1             -> v17.04.0-ce-rc1
2026-09-16T23:02:57.9663237Z #1 20.98  * [new tag]               v17.04.0-ce-rc2             -> v17.04.0-ce-rc2
2026-09-16T23:02:57.9663608Z #1 20.98  * [new tag]               v17.05.0-ce                 -> v17.05.0-ce
2026-09-16T23:02:57.9664416Z #1 20.98  * [new tag]               v17.05.0-ce-rc1             -> v17.05.0-ce-rc1
2026-09-16T23:02:57.9664820Z #1 20.98  * [new tag]               v17.05.0-ce-rc2             -> v17.05.0-ce-rc2
2026-09-16T23:02:57.9665197Z #1 20.98  * [new tag]               v17.05.0-ce-rc3             -> v17.05.0-ce-rc3
2026-09-16T23:02:57.9665568Z #1 20.98  * [new tag]               v17.06.0-ce                 -> v17.06.0-ce
2026-09-16T23:02:57.9665937Z #1 20.98  * [new tag]               v17.06.0-ce-rc1             -> v17.06.0-ce-rc1
2026-09-16T23:02:57.9666310Z #1 20.98  * [new tag]               v17.06.0-ce-rc2             -> v17.06.0-ce-rc2
2026-09-16T23:02:57.9666681Z #1 20.98  * [new tag]               v17.06.0-ce-rc3             -> v17.06.0-ce-rc3
2026-09-16T23:02:57.9667051Z #1 20.98  * [new tag]               v17.06.0-ce-rc4             -> v17.06.0-ce-rc4
2026-09-16T23:02:57.9667426Z #1 20.98  * [new tag]               v17.06.0-ce-rc5             -> v17.06.0-ce-rc5
2026-09-16T23:02:57.9667794Z #1 20.98  * [new tag]               v17.06.1-ce                 -> v17.06.1-ce
2026-09-16T23:02:57.9668166Z #1 20.98  * [new tag]               v17.06.1-ce-rc1             -> v17.06.1-ce-rc1
2026-09-16T23:02:57.9668539Z #1 20.98  * [new tag]               v17.06.1-ce-rc2             -> v17.06.1-ce-rc2
2026-09-16T23:02:57.9668911Z #1 20.98  * [new tag]               v17.06.1-ce-rc3             -> v17.06.1-ce-rc3
2026-09-16T23:02:57.9669288Z #1 20.98  * [new tag]               v17.06.1-ce-rc4             -> v17.06.1-ce-rc4
2026-09-16T23:02:57.9669656Z #1 20.98  * [new tag]               v17.06.2-ce                 -> v17.06.2-ce
2026-09-16T23:02:57.9670024Z #1 20.98  * [new tag]               v17.06.2-ce-rc1             -> v17.06.2-ce-rc1
2026-09-16T23:02:57.9670392Z #1 20.98  * [new tag]               v17.07.0-ce                 -> v17.07.0-ce
2026-09-16T23:02:57.9670754Z #1 20.98  * [new tag]               v17.07.0-ce-rc1             -> v17.07.0-ce-rc1
2026-09-16T23:02:57.9671135Z #1 20.98  * [new tag]               v17.07.0-ce-rc2             -> v17.07.0-ce-rc2
2026-09-16T23:02:57.9671510Z #1 20.98  * [new tag]               v17.07.0-ce-rc3             -> v17.07.0-ce-rc3
2026-09-16T23:02:57.9671885Z #1 20.98  * [new tag]               v17.07.0-ce-rc4             -> v17.07.0-ce-rc4
2026-09-16T23:02:57.9672252Z #1 20.98  * [new tag]               v17.09.0-ce                 -> v17.09.0-ce
2026-09-16T23:02:57.9672887Z #1 20.98  * [new tag]               v17.09.0-ce-rc1             -> v17.09.0-ce-rc1
2026-09-16T23:02:57.9673264Z #1 20.98  * [new tag]               v17.09.0-ce-rc2             -> v17.09.0-ce-rc2
2026-09-16T23:02:57.9673640Z #1 20.98  * [new tag]               v17.09.0-ce-rc3             -> v17.09.0-ce-rc3
2026-09-16T23:02:57.9674246Z #1 20.98  * [new tag]               v17.09.1-ce                 -> v17.09.1-ce
2026-09-16T23:02:57.9674702Z #1 20.98  * [new tag]               v17.09.1-ce-rc1             -> v17.09.1-ce-rc1
2026-09-16T23:02:57.9675078Z #1 20.98  * [new tag]               v17.10.0-ce                 -> v17.10.0-ce
2026-09-16T23:02:57.9675446Z #1 20.98  * [new tag]               v17.10.0-ce-rc1             -> v17.10.0-ce-rc1
2026-09-16T23:02:57.9675817Z #1 20.98  * [new tag]               v17.10.0-ce-rc2             -> v17.10.0-ce-rc2
2026-09-16T23:02:57.9676182Z #1 20.98  * [new tag]               v17.11.0-ce                 -> v17.11.0-ce
2026-09-16T23:02:57.9676545Z #1 20.98  * [new tag]               v17.11.0-ce-rc1             -> v17.11.0-ce-rc1
2026-09-16T23:02:57.9676926Z #1 20.98  * [new tag]               v17.11.0-ce-rc2             -> v17.11.0-ce-rc2
2026-09-16T23:02:57.9677300Z #1 20.98  * [new tag]               v17.11.0-ce-rc3             -> v17.11.0-ce-rc3
2026-09-16T23:02:57.9677682Z #1 20.98  * [new tag]               v17.11.0-ce-rc4             -> v17.11.0-ce-rc4
2026-09-16T23:02:57.9678050Z #1 20.98  * [new tag]               v17.12.0-ce                 -> v17.12.0-ce
2026-09-16T23:02:57.9678414Z #1 20.98  * [new tag]               v17.12.0-ce-rc1             -> v17.12.0-ce-rc1
2026-09-16T23:02:57.9679025Z #1 20.98  * [new tag]               v17.12.0-ce-rc2             -> v17.12.0-ce-rc2
2026-09-16T23:02:57.9679458Z #1 20.98  * [new tag]               v17.12.0-ce-rc3             -> v17.12.0-ce-rc3
2026-09-16T23:02:57.9679837Z #1 20.98  * [new tag]               v17.12.0-ce-rc4             -> v17.12.0-ce-rc4
2026-09-16T23:02:57.9680204Z #1 20.98  * [new tag]               v17.12.1-ce                 -> v17.12.1-ce
2026-09-16T23:02:57.9680577Z #1 20.98  * [new tag]               v17.12.1-ce-rc1             -> v17.12.1-ce-rc1
2026-09-16T23:02:57.9680950Z #1 20.98  * [new tag]               v17.12.1-ce-rc2             -> v17.12.1-ce-rc2
2026-09-16T23:02:57.9681318Z #1 20.98  * [new tag]               v18.01.0-ce                 -> v18.01.0-ce
2026-09-16T23:02:57.9681682Z #1 20.98  * [new tag]               v18.01.0-ce-rc1             -> v18.01.0-ce-rc1
2026-09-16T23:02:57.9682048Z #1 20.98  * [new tag]               v18.02.0-ce                 -> v18.02.0-ce
2026-09-16T23:02:57.9682414Z #1 20.98  * [new tag]               v18.02.0-ce-rc1             -> v18.02.0-ce-rc1
2026-09-16T23:02:57.9682789Z #1 20.98  * [new tag]               v18.02.0-ce-rc2             -> v18.02.0-ce-rc2
2026-09-16T23:02:57.9683158Z #1 20.98  * [new tag]               v18.03.0-ce                 -> v18.03.0-ce
2026-09-16T23:02:57.9683531Z #1 20.98  * [new tag]               v18.03.0-ce-rc1             -> v18.03.0-ce-rc1
2026-09-16T23:02:57.9684256Z #1 20.98  * [new tag]               v18.03.0-ce-rc2             -> v18.03.0-ce-rc2
2026-09-16T23:02:57.9684638Z #1 20.98  * [new tag]               v18.03.0-ce-rc3             -> v18.03.0-ce-rc3
2026-09-16T23:02:57.9685019Z #1 20.98  * [new tag]               v18.03.0-ce-rc4             -> v18.03.0-ce-rc4
2026-09-16T23:02:57.9685395Z #1 20.98  * [new tag]               v18.03.1-ce                 -> v18.03.1-ce
2026-09-16T23:02:57.9685760Z #1 20.98  * [new tag]               v18.03.1-ce-rc1             -> v18.03.1-ce-rc1
2026-09-16T23:02:57.9686141Z #1 20.98  * [new tag]               v18.03.1-ce-rc2             -> v18.03.1-ce-rc2
2026-09-16T23:02:57.9686525Z #1 20.98  * [new tag]               v18.04.0-ce                 -> v18.04.0-ce
2026-09-16T23:02:57.9686900Z #1 20.98  * [new tag]               v18.04.0-ce-rc1             -> v18.04.0-ce-rc1
2026-09-16T23:02:57.9687276Z #1 20.98  * [new tag]               v18.04.0-ce-rc2             -> v18.04.0-ce-rc2
2026-09-16T23:02:57.9687917Z #1 20.98  * [new tag]               v18.05.0-ce                 -> v18.05.0-ce
2026-09-16T23:02:57.9688285Z #1 20.98  * [new tag]               v18.05.0-ce-rc1             -> v18.05.0-ce-rc1
2026-09-16T23:02:57.9688654Z #1 20.98  * [new tag]               v18.06.0-ce                 -> v18.06.0-ce
2026-09-16T23:02:57.9689020Z #1 20.98  * [new tag]               v18.06.0-ce-rc1             -> v18.06.0-ce-rc1
2026-09-16T23:02:57.9689394Z #1 20.98  * [new tag]               v18.06.0-ce-rc2             -> v18.06.0-ce-rc2
2026-09-16T23:02:57.9689772Z #1 20.98  * [new tag]               v18.06.0-ce-rc3             -> v18.06.0-ce-rc3
2026-09-16T23:02:57.9690145Z #1 20.98  * [new tag]               v18.06.1-ce                 -> v18.06.1-ce
2026-09-16T23:02:57.9690515Z #1 20.98  * [new tag]               v18.06.1-ce-rc1             -> v18.06.1-ce-rc1
2026-09-16T23:02:57.9690900Z #1 20.98  * [new tag]               v18.06.1-ce-rc2             -> v18.06.1-ce-rc2
2026-09-16T23:02:57.9691271Z #1 20.98  * [new tag]               v18.06.2-ce                 -> v18.06.2-ce
2026-09-16T23:02:57.9691632Z #1 20.98  * [new tag]               v18.06.3-ce                 -> v18.06.3-ce
2026-09-16T23:02:57.9691989Z #1 20.98  * [new tag]               v18.09.0                    -> v18.09.0
2026-09-16T23:02:57.9692351Z #1 20.98  * [new tag]               v18.09.0-beta3              -> v18.09.0-beta3
2026-09-16T23:02:57.9692745Z #1 20.98  * [new tag]               v18.09.0-beta5              -> v18.09.0-beta5
2026-09-16T23:02:57.9693303Z #1 20.98  * [new tag]               v18.09.0-ce-beta1           -> v18.09.0-ce-beta1
2026-09-16T23:02:57.9694049Z #1 20.98  * [new tag]               v18.09.0-ce-tp0             -> v18.09.0-ce-tp0
2026-09-16T23:02:57.9694494Z #1 20.98  * [new tag]               v18.09.0-ce-tp3             -> v18.09.0-ce-tp3
2026-09-16T23:02:57.9694962Z #1 20.98  * [new tag]               v18.09.0-ce-tp4             -> v18.09.0-ce-tp4
2026-09-16T23:02:57.9695359Z #1 20.98  * [new tag]               v18.09.0-ce-tp5             -> v18.09.0-ce-tp5
2026-09-16T23:02:57.9695743Z #1 20.98  * [new tag]               v18.09.0-ce-tp6             -> v18.09.0-ce-tp6
2026-09-16T23:02:57.9696117Z #1 20.98  * [new tag]               v18.09.0-rc1                -> v18.09.0-rc1
2026-09-16T23:02:57.9696480Z #1 20.98  * [new tag]               v18.09.1                    -> v18.09.1
2026-09-16T23:02:57.9696841Z #1 20.98  * [new tag]               v18.09.1-beta1              -> v18.09.1-beta1
2026-09-16T23:02:57.9697213Z #1 20.98  * [new tag]               v18.09.1-beta2              -> v18.09.1-beta2
2026-09-16T23:02:57.9697584Z #1 20.98  * [new tag]               v18.09.1-rc1                -> v18.09.1-rc1
2026-09-16T23:02:57.9697940Z #1 20.98  * [new tag]               v18.09.2                    -> v18.09.2
2026-09-16T23:02:57.9698283Z #1 20.98  * [new tag]               v18.09.3                    -> v18.09.3
2026-09-16T23:02:57.9698632Z #1 20.98  * [new tag]               v18.09.3-rc1                -> v18.09.3-rc1
2026-09-16T23:02:57.9698989Z #1 20.98  * [new tag]               v18.09.4                    -> v18.09.4
2026-09-16T23:02:57.9699348Z #1 20.98  * [new tag]               v18.09.4-rc1                -> v18.09.4-rc1
2026-09-16T23:02:57.9699701Z #1 20.98  * [new tag]               v18.09.5                    -> v18.09.5
2026-09-16T23:02:57.9700053Z #1 20.98  * [new tag]               v18.09.5-rc1                -> v18.09.5-rc1
2026-09-16T23:02:57.9700409Z #1 20.98  * [new tag]               v18.09.6                    -> v18.09.6
2026-09-16T23:02:57.9700759Z #1 20.98  * [new tag]               v18.09.6-rc1                -> v18.09.6-rc1
2026-09-16T23:02:57.9701119Z #1 20.98  * [new tag]               v18.09.7                    -> v18.09.7
2026-09-16T23:02:57.9701473Z #1 20.98  * [new tag]               v18.09.7-rc1                -> v18.09.7-rc1
2026-09-16T23:02:57.9701825Z #1 20.98  * [new tag]               v18.09.8                    -> v18.09.8
2026-09-16T23:02:57.9702175Z #1 20.98  * [new tag]               v18.09.9                    -> v18.09.9
2026-09-16T23:02:57.9702766Z #1 20.98  * [new tag]               v18.09.9-rc1                -> v18.09.9-rc1
2026-09-16T23:02:57.9703123Z #1 20.98  * [new tag]               v19.03.0                    -> v19.03.0
2026-09-16T23:02:57.9703484Z #1 20.98  * [new tag]               v19.03.0-beta1              -> v19.03.0-beta1
2026-09-16T23:02:57.9704011Z #1 20.98  * [new tag]               v19.03.0-beta2              -> v19.03.0-beta2
2026-09-16T23:02:57.9704388Z #1 20.98  * [new tag]               v19.03.0-beta3              -> v19.03.0-beta3
2026-09-16T23:02:57.9704762Z #1 20.98  * [new tag]               v19.03.0-beta4              -> v19.03.0-beta4
2026-09-16T23:02:57.9705128Z #1 20.98  * [new tag]               v19.03.0-beta5              -> v19.03.0-beta5
2026-09-16T23:02:57.9705496Z #1 20.98  * [new tag]               v19.03.0-rc2                -> v19.03.0-rc2
2026-09-16T23:02:57.9705882Z #1 20.98  * [new tag]               v19.03.0-rc3                -> v19.03.0-rc3
2026-09-16T23:02:57.9706242Z #1 20.98  * [new tag]               v19.03.1                    -> v19.03.1
2026-09-16T23:02:57.9706586Z #1 20.98  * [new tag]               v19.03.10                   -> v19.03.10
2026-09-16T23:02:57.9706935Z #1 20.98  * [new tag]               v19.03.11                   -> v19.03.11
2026-09-16T23:02:57.9707283Z #1 20.98  * [new tag]               v19.03.12                   -> v19.03.12
2026-09-16T23:02:57.9707627Z #1 20.98  * [new tag]               v19.03.13                   -> v19.03.13
2026-09-16T23:02:57.9708194Z #1 20.98  * [new tag]               v19.03.13-beta1             -> v19.03.13-beta1
2026-09-16T23:02:57.9708582Z #1 20.98  * [new tag]               v19.03.13-beta2             -> v19.03.13-beta2
2026-09-16T23:02:57.9708946Z #1 20.98  * [new tag]               v19.03.14                   -> v19.03.14
2026-09-16T23:02:57.9709294Z #1 20.98  * [new tag]               v19.03.15                   -> v19.03.15
2026-09-16T23:02:57.9709641Z #1 20.98  * [new tag]               v19.03.2                    -> v19.03.2
2026-09-16T23:02:57.9710008Z #1 20.98  * [new tag]               v19.03.2-beta1              -> v19.03.2-beta1
2026-09-16T23:02:57.9710376Z #1 20.98  * [new tag]               v19.03.2-rc1                -> v19.03.2-rc1
2026-09-16T23:02:57.9710731Z #1 20.98  * [new tag]               v19.03.3                    -> v19.03.3
2026-09-16T23:02:57.9711087Z #1 20.98  * [new tag]               v19.03.3-beta1              -> v19.03.3-beta1
2026-09-16T23:02:57.9711455Z #1 20.98  * [new tag]               v19.03.3-beta2              -> v19.03.3-beta2
2026-09-16T23:02:57.9711822Z #1 20.98  * [new tag]               v19.03.3-rc1                -> v19.03.3-rc1
2026-09-16T23:02:57.9712177Z #1 20.98  * [new tag]               v19.03.4                    -> v19.03.4
2026-09-16T23:02:57.9712534Z #1 20.98  * [new tag]               v19.03.4-rc1                -> v19.03.4-rc1
2026-09-16T23:02:57.9712893Z #1 20.98  * [new tag]               v19.03.5                    -> v19.03.5
2026-09-16T23:02:57.9713252Z #1 20.98  * [new tag]               v19.03.5-beta1              -> v19.03.5-beta1
2026-09-16T23:02:57.9713621Z #1 20.98  * [new tag]               v19.03.5-beta2              -> v19.03.5-beta2
2026-09-16T23:02:57.9714269Z #1 20.98  * [new tag]               v19.03.5-rc1                -> v19.03.5-rc1
2026-09-16T23:02:57.9714633Z #1 20.98  * [new tag]               v19.03.6                    -> v19.03.6
2026-09-16T23:02:57.9714981Z #1 20.98  * [new tag]               v19.03.6-rc1                -> v19.03.6-rc1
2026-09-16T23:02:57.9715345Z #1 20.98  * [new tag]               v19.03.6-rc2                -> v19.03.6-rc2
2026-09-16T23:02:57.9715696Z #1 20.98  * [new tag]               v19.03.7                    -> v19.03.7
2026-09-16T23:02:57.9716042Z #1 20.98  * [new tag]               v19.03.8                    -> v19.03.8
2026-09-16T23:02:57.9716380Z #1 20.98  * [new tag]               v19.03.9                    -> v19.03.9
2026-09-16T23:02:57.9716735Z #1 20.98  * [new tag]               v2.0.0-beta.0               -> v2.0.0-beta.0
2026-09-16T23:02:57.9717457Z #1 20.98  * [new tag]               v2.0.0-beta.1               -> v2.0.0-beta.1
2026-09-16T23:02:57.9717831Z #1 20.98  * [new tag]               v2.0.0-beta.10              -> v2.0.0-beta.10
2026-09-16T23:02:57.9718199Z #1 20.98  * [new tag]               v2.0.0-beta.11              -> v2.0.0-beta.11
2026-09-16T23:02:57.9718571Z #1 20.98  * [new tag]               v2.0.0-beta.12              -> v2.0.0-beta.12
2026-09-16T23:02:57.9718944Z #1 20.98  * [new tag]               v2.0.0-beta.13              -> v2.0.0-beta.13
2026-09-16T23:02:57.9719317Z #1 20.98  * [new tag]               v2.0.0-beta.14              -> v2.0.0-beta.14
2026-09-16T23:02:57.9719685Z #1 20.98  * [new tag]               v2.0.0-beta.15              -> v2.0.0-beta.15
2026-09-16T23:02:57.9720055Z #1 20.98  * [new tag]               v2.0.0-beta.16              -> v2.0.0-beta.16
2026-09-16T23:02:57.9720423Z #1 20.98  * [new tag]               v2.0.0-beta.17              -> v2.0.0-beta.17
2026-09-16T23:02:57.9720797Z #1 20.98  * [new tag]               v2.0.0-beta.18              -> v2.0.0-beta.18
2026-09-16T23:02:57.9721170Z #1 20.98  * [new tag]               v2.0.0-beta.19              -> v2.0.0-beta.19
2026-09-16T23:02:57.9721541Z #1 20.98  * [new tag]               v2.0.0-beta.2               -> v2.0.0-beta.2
2026-09-16T23:02:57.9721915Z #1 20.98  * [new tag]               v2.0.0-beta.20              -> v2.0.0-beta.20
2026-09-16T23:02:57.9722286Z #1 20.98  * [new tag]               v2.0.0-beta.21              -> v2.0.0-beta.21
2026-09-16T23:02:57.9722855Z #1 20.98  * [new tag]               v2.0.0-beta.22              -> v2.0.0-beta.22
2026-09-16T23:02:57.9723240Z #1 20.98  * [new tag]               v2.0.0-beta.23              -> v2.0.0-beta.23
2026-09-16T23:02:57.9723606Z #1 20.98  * [new tag]               v2.0.0-beta.24              -> v2.0.0-beta.24
2026-09-16T23:02:57.9724149Z #1 20.98  * [new tag]               v2.0.0-beta.3               -> v2.0.0-beta.3
2026-09-16T23:02:57.9724526Z #1 20.98  * [new tag]               v2.0.0-beta.4               -> v2.0.0-beta.4
2026-09-16T23:02:57.9724892Z #1 20.98  * [new tag]               v2.0.0-beta.5               -> v2.0.0-beta.5
2026-09-16T23:02:57.9725270Z #1 20.98  * [new tag]               v2.0.0-beta.6               -> v2.0.0-beta.6
2026-09-16T23:02:57.9725636Z #1 20.98  * [new tag]               v2.0.0-beta.7               -> v2.0.0-beta.7
2026-09-16T23:02:57.9726005Z #1 20.98  * [new tag]               v2.0.0-beta.8               -> v2.0.0-beta.8
2026-09-16T23:02:57.9726372Z #1 20.98  * [new tag]               v2.0.0-beta.9               -> v2.0.0-beta.9
2026-09-16T23:02:57.9726728Z #1 20.98  * [new tag]               v20.10.0                    -> v20.10.0
2026-09-16T23:02:57.9727085Z #1 20.98  * [new tag]               v20.10.0-beta1              -> v20.10.0-beta1
2026-09-16T23:02:57.9727449Z #1 20.98  * [new tag]               v20.10.0-rc1                -> v20.10.0-rc1
2026-09-16T23:02:57.9727808Z #1 20.98  * [new tag]               v20.10.0-rc2                -> v20.10.0-rc2
2026-09-16T23:02:57.9728173Z #1 20.98  * [new tag]               v20.10.1                    -> v20.10.1
2026-09-16T23:02:57.9728519Z #1 20.98  * [new tag]               v20.10.10                   -> v20.10.10
2026-09-16T23:02:57.9728874Z #1 20.98  * [new tag]               v20.10.10-rc1               -> v20.10.10-rc1
2026-09-16T23:02:57.9729231Z #1 20.98  * [new tag]               v20.10.11                   -> v20.10.11
2026-09-16T23:02:57.9729578Z #1 20.98  * [new tag]               v20.10.12                   -> v20.10.12
2026-09-16T23:02:57.9729926Z #1 20.98  * [new tag]               v20.10.13                   -> v20.10.13
2026-09-16T23:02:57.9730273Z #1 20.98  * [new tag]               v20.10.14                   -> v20.10.14
2026-09-16T23:02:57.9730622Z #1 20.98  * [new tag]               v20.10.15                   -> v20.10.15
2026-09-16T23:02:57.9730974Z #1 20.98  * [new tag]               v20.10.16                   -> v20.10.16
2026-09-16T23:02:57.9731603Z #1 20.98  * [new tag]               v20.10.17                   -> v20.10.17
2026-09-16T23:02:57.9731949Z #1 20.98  * [new tag]               v20.10.18                   -> v20.10.18
2026-09-16T23:02:57.9732295Z #1 20.98  * [new tag]               v20.10.19                   -> v20.10.19
2026-09-16T23:02:57.9732641Z #1 20.98  * [new tag]               v20.10.2                    -> v20.10.2
2026-09-16T23:02:57.9732986Z #1 20.98  * [new tag]               v20.10.20                   -> v20.10.20
2026-09-16T23:02:57.9733331Z #1 20.98  * [new tag]               v20.10.21                   -> v20.10.21
2026-09-16T23:02:57.9733678Z #1 20.98  * [new tag]               v20.10.22                   -> v20.10.22
2026-09-16T23:02:57.9734202Z #1 20.98  * [new tag]               v20.10.23                   -> v20.10.23
2026-09-16T23:02:57.9734549Z #1 20.98  * [new tag]               v20.10.24                   -> v20.10.24
2026-09-16T23:02:57.9734893Z #1 20.98  * [new tag]               v20.10.25                   -> v20.10.25
2026-09-16T23:02:57.9735245Z #1 20.98  * [new tag]               v20.10.26                   -> v20.10.26
2026-09-16T23:02:57.9735589Z #1 20.98  * [new tag]               v20.10.27                   -> v20.10.27
2026-09-16T23:02:57.9735933Z #1 20.98  * [new tag]               v20.10.3                    -> v20.10.3
2026-09-16T23:02:57.9736276Z #1 20.98  * [new tag]               v20.10.4                    -> v20.10.4
2026-09-16T23:02:57.9736617Z #1 20.98  * [new tag]               v20.10.5                    -> v20.10.5
2026-09-16T23:02:57.9737164Z #1 20.98  * [new tag]               v20.10.6                    -> v20.10.6
2026-09-16T23:02:57.9737524Z #1 20.98  * [new tag]               v20.10.7                    -> v20.10.7
2026-09-16T23:02:57.9737865Z #1 20.98  * [new tag]               v20.10.8                    -> v20.10.8
2026-09-16T23:02:57.9738206Z #1 20.98  * [new tag]               v20.10.9                    -> v20.10.9
2026-09-16T23:02:57.9738563Z #1 20.98  * [new tag]               v22.06.0-beta.0             -> v22.06.0-beta.0
2026-09-16T23:02:57.9738924Z #1 20.98  * [new tag]               v23.0.0                     -> v23.0.0
2026-09-16T23:02:57.9739282Z #1 20.98  * [new tag]               v23.0.0-beta.1              -> v23.0.0-beta.1
2026-09-16T23:02:57.9739650Z #1 20.98  * [new tag]               v23.0.0-rc.1                -> v23.0.0-rc.1
2026-09-16T23:02:57.9740016Z #1 20.98  * [new tag]               v23.0.0-rc.2                -> v23.0.0-rc.2
2026-09-16T23:02:57.9740373Z #1 20.98  * [new tag]               v23.0.0-rc.3                -> v23.0.0-rc.3
2026-09-16T23:02:57.9740733Z #1 20.98  * [new tag]               v23.0.0-rc.4                -> v23.0.0-rc.4
2026-09-16T23:02:57.9741082Z #1 20.98  * [new tag]               v23.0.1                     -> v23.0.1
2026-09-16T23:02:57.9741424Z #1 20.98  * [new tag]               v23.0.10                    -> v23.0.10
2026-09-16T23:02:57.9741764Z #1 20.98  * [new tag]               v23.0.11                    -> v23.0.11
2026-09-16T23:02:57.9742111Z #1 20.98  * [new tag]               v23.0.12                    -> v23.0.12
2026-09-16T23:02:57.9742453Z #1 20.98  * [new tag]               v23.0.13                    -> v23.0.13
2026-09-16T23:02:57.9742800Z #1 20.98  * [new tag]               v23.0.14                    -> v23.0.14
2026-09-16T23:02:57.9743148Z #1 20.98  * [new tag]               v23.0.15                    -> v23.0.15
2026-09-16T23:02:57.9743496Z #1 20.98  * [new tag]               v23.0.16                    -> v23.0.16
2026-09-16T23:02:57.9743990Z #1 20.98  * [new tag]               v23.0.17                    -> v23.0.17
2026-09-16T23:02:57.9744345Z #1 20.98  * [new tag]               v23.0.18                    -> v23.0.18
2026-09-16T23:02:57.9744685Z #1 20.98  * [new tag]               v23.0.2                     -> v23.0.2
2026-09-16T23:02:57.9745023Z #1 20.98  * [new tag]               v23.0.3                     -> v23.0.3
2026-09-16T23:02:57.9745359Z #1 20.98  * [new tag]               v23.0.4                     -> v23.0.4
2026-09-16T23:02:57.9745946Z #1 20.98  * [new tag]               v23.0.5                     -> v23.0.5
2026-09-16T23:02:57.9746282Z #1 20.98  * [new tag]               v23.0.6                     -> v23.0.6
2026-09-16T23:02:57.9746615Z #1 20.98  * [new tag]               v23.0.7                     -> v23.0.7
2026-09-16T23:02:57.9746946Z #1 20.98  * [new tag]               v23.0.8                     -> v23.0.8
2026-09-16T23:02:57.9747278Z #1 20.98  * [new tag]               v23.0.9                     -> v23.0.9
2026-09-16T23:02:57.9747617Z #1 20.98  * [new tag]               v24.0.0                     -> v24.0.0
2026-09-16T23:02:57.9747970Z #1 20.98  * [new tag]               v24.0.0-beta.1              -> v24.0.0-beta.1
2026-09-16T23:02:57.9748343Z #1 20.98  * [new tag]               v24.0.0-beta.2              -> v24.0.0-beta.2
2026-09-16T23:02:57.9748717Z #1 20.98  * [new tag]               v24.0.0-rc.1                -> v24.0.0-rc.1
2026-09-16T23:02:57.9749081Z #1 20.98  * [new tag]               v24.0.0-rc.2                -> v24.0.0-rc.2
2026-09-16T23:02:57.9749445Z #1 20.98  * [new tag]               v24.0.0-rc.3                -> v24.0.0-rc.3
2026-09-16T23:02:57.9749803Z #1 20.98  * [new tag]               v24.0.0-rc.4                -> v24.0.0-rc.4
2026-09-16T23:02:57.9750151Z #1 20.98  * [new tag]               v24.0.1                     -> v24.0.1
2026-09-16T23:02:57.9750490Z #1 20.98  * [new tag]               v24.0.2                     -> v24.0.2
2026-09-16T23:02:57.9750827Z #1 20.98  * [new tag]               v24.0.3                     -> v24.0.3
2026-09-16T23:02:57.9751354Z #1 20.98  * [new tag]               v24.0.4                     -> v24.0.4
2026-09-16T23:02:57.9751713Z #1 20.98  * [new tag]               v24.0.5                     -> v24.0.5
2026-09-16T23:02:57.9752048Z #1 20.98  * [new tag]               v24.0.6                     -> v24.0.6
2026-09-16T23:02:57.9752380Z #1 20.98  * [new tag]               v24.0.7                     -> v24.0.7
2026-09-16T23:02:57.9752721Z #1 20.98  * [new tag]               v24.0.8                     -> v24.0.8
2026-09-16T23:02:57.9753055Z #1 20.98  * [new tag]               v24.0.9                     -> v24.0.9
2026-09-16T23:02:57.9753390Z #1 20.98  * [new tag]               v25.0.0                     -> v25.0.0
2026-09-16T23:02:57.9753743Z #1 20.98  * [new tag]               v25.0.0-beta.1              -> v25.0.0-beta.1
2026-09-16T23:02:57.9754291Z #1 20.98  * [new tag]               v25.0.0-beta.2              -> v25.0.0-beta.2
2026-09-16T23:02:57.9754671Z #1 20.98  * [new tag]               v25.0.0-beta.3              -> v25.0.0-beta.3
2026-09-16T23:02:57.9755042Z #1 20.98  * [new tag]               v25.0.0-rc.1                -> v25.0.0-rc.1
2026-09-16T23:02:57.9755402Z #1 20.98  * [new tag]               v25.0.0-rc.2                -> v25.0.0-rc.2
2026-09-16T23:02:57.9755761Z #1 20.98  * [new tag]               v25.0.0-rc.3                -> v25.0.0-rc.3
2026-09-16T23:02:57.9756112Z #1 20.98  * [new tag]               v25.0.1                     -> v25.0.1
2026-09-16T23:02:57.9756457Z #1 20.98  * [new tag]               v25.0.10                    -> v25.0.10
2026-09-16T23:02:57.9756800Z #1 20.98  * [new tag]               v25.0.11                    -> v25.0.11
2026-09-16T23:02:57.9757141Z #1 20.98  * [new tag]               v25.0.12                    -> v25.0.12
2026-09-16T23:02:57.9757484Z #1 20.98  * [new tag]               v25.0.13                    -> v25.0.13
2026-09-16T23:02:57.9757824Z #1 20.98  * [new tag]               v25.0.14                    -> v25.0.14
2026-09-16T23:02:57.9758172Z #1 20.98  * [new tag]               v25.0.15                    -> v25.0.15
2026-09-16T23:02:57.9758516Z #1 20.98  * [new tag]               v25.0.16                    -> v25.0.16
2026-09-16T23:02:57.9758856Z #1 20.98  * [new tag]               v25.0.17                    -> v25.0.17
2026-09-16T23:02:57.9759194Z #1 20.98  * [new tag]               v25.0.2                     -> v25.0.2
2026-09-16T23:02:57.9759779Z #1 20.98  * [new tag]               v25.0.3                     -> v25.0.3
2026-09-16T23:02:57.9760122Z #1 20.98  * [new tag]               v25.0.4                     -> v25.0.4
2026-09-16T23:02:57.9760462Z #1 20.98  * [new tag]               v25.0.5                     -> v25.0.5
2026-09-16T23:02:57.9760797Z #1 20.98  * [new tag]               v25.0.6                     -> v25.0.6
2026-09-16T23:02:57.9761133Z #1 20.98  * [new tag]               v25.0.7                     -> v25.0.7
2026-09-16T23:02:57.9761468Z #1 20.98  * [new tag]               v25.0.8                     -> v25.0.8
2026-09-16T23:02:57.9761811Z #1 20.98  * [new tag]               v25.0.9                     -> v25.0.9
2026-09-16T23:02:57.9762144Z #1 20.98  * [new tag]               v26.0.0                     -> v26.0.0
2026-09-16T23:02:57.9762492Z #1 20.98  * [new tag]               v26.0.0-rc1                 -> v26.0.0-rc1
2026-09-16T23:02:57.9762849Z #1 20.98  * [new tag]               v26.0.0-rc2                 -> v26.0.0-rc2
2026-09-16T23:02:57.9763218Z #1 20.98  * [new tag]               v26.0.0-rc3                 -> v26.0.0-rc3
2026-09-16T23:02:57.9763563Z #1 20.98  * [new tag]               v26.0.1                     -> v26.0.1
2026-09-16T23:02:57.9764077Z #1 20.98  * [new tag]               v26.0.2                     -> v26.0.2
2026-09-16T23:02:57.9764419Z #1 20.98  * [new tag]               v26.1.0                     -> v26.1.0
2026-09-16T23:02:57.9764753Z #1 20.98  * [new tag]               v26.1.1                     -> v26.1.1
2026-09-16T23:02:57.9765088Z #1 20.98  * [new tag]               v26.1.2                     -> v26.1.2
2026-09-16T23:02:57.9765633Z #1 20.98  * [new tag]               v26.1.3                     -> v26.1.3
2026-09-16T23:02:57.9765987Z #1 20.98  * [new tag]               v26.1.4                     -> v26.1.4
2026-09-16T23:02:57.9766327Z #1 20.98  * [new tag]               v26.1.5                     -> v26.1.5
2026-09-16T23:02:57.9766695Z #1 20.98  * [new tag]               v27.0.0-rc.1                -> v27.0.0-rc.1
2026-09-16T23:02:57.9767063Z #1 20.98  * [new tag]               v27.0.0-rc.2                -> v27.0.0-rc.2
2026-09-16T23:02:57.9767415Z #1 20.98  * [new tag]               v27.0.1                     -> v27.0.1
2026-09-16T23:02:57.9767761Z #1 20.98  * [new tag]               v27.0.1-rc.1                -> v27.0.1-rc.1
2026-09-16T23:02:57.9768107Z #1 20.98  * [new tag]               v27.0.2                     -> v27.0.2
2026-09-16T23:02:57.9768443Z #1 20.98  * [new tag]               v27.0.3                     -> v27.0.3
2026-09-16T23:02:57.9768787Z #1 20.98  * [new tag]               v27.1.0                     -> v27.1.0
2026-09-16T23:02:57.9769129Z #1 20.98  * [new tag]               v27.1.1                     -> v27.1.1
2026-09-16T23:02:57.9769464Z #1 20.98  * [new tag]               v27.1.2                     -> v27.1.2
2026-09-16T23:02:57.9769797Z #1 20.98  * [new tag]               v27.2.0                     -> v27.2.0
2026-09-16T23:02:57.9770148Z #1 20.98  * [new tag]               v27.2.0-rc.1                -> v27.2.0-rc.1
2026-09-16T23:02:57.9770506Z #1 20.98  * [new tag]               v27.2.1                     -> v27.2.1
2026-09-16T23:02:57.9770847Z #1 20.98  * [new tag]               v27.3.0                     -> v27.3.0
2026-09-16T23:02:57.9771196Z #1 20.98  * [new tag]               v27.3.0-rc.1                -> v27.3.0-rc.1
2026-09-16T23:02:57.9771557Z #1 20.98  * [new tag]               v27.3.0-rc.2                -> v27.3.0-rc.2
2026-09-16T23:02:57.9771909Z #1 20.98  * [new tag]               v27.3.1                     -> v27.3.1
2026-09-16T23:02:57.9772252Z #1 20.98  * [new tag]               v27.4.0                     -> v27.4.0
2026-09-16T23:02:57.9772605Z #1 20.98  * [new tag]               v27.4.0-rc.1                -> v27.4.0-rc.1
2026-09-16T23:02:57.9772969Z #1 20.98  * [new tag]               v27.4.0-rc.2                -> v27.4.0-rc.2
2026-09-16T23:02:57.9773332Z #1 20.98  * [new tag]               v27.4.0-rc.3                -> v27.4.0-rc.3
2026-09-16T23:02:57.9774078Z #1 20.98  * [new tag]               v27.4.0-rc.4                -> v27.4.0-rc.4
2026-09-16T23:02:57.9774516Z #1 20.98  * [new tag]               v27.4.1                     -> v27.4.1
2026-09-16T23:02:57.9774857Z #1 20.98  * [new tag]               v27.5.0                     -> v27.5.0
2026-09-16T23:02:57.9775215Z #1 20.98  * [new tag]               v27.5.0-rc.1                -> v27.5.0-rc.1
2026-09-16T23:02:57.9775575Z #1 20.98  * [new tag]               v27.5.0-rc.2                -> v27.5.0-rc.2
2026-09-16T23:02:57.9775923Z #1 20.98  * [new tag]               v27.5.1                     -> v27.5.1
2026-09-16T23:02:57.9776266Z #1 20.98  * [new tag]               v28.0.0                     -> v28.0.0
2026-09-16T23:02:57.9776614Z #1 20.98  * [new tag]               v28.0.0-rc.1                -> v28.0.0-rc.1
2026-09-16T23:02:57.9776972Z #1 20.98  * [new tag]               v28.0.0-rc.2                -> v28.0.0-rc.2
2026-09-16T23:02:57.9777329Z #1 20.98  * [new tag]               v28.0.0-rc.3                -> v28.0.0-rc.3
2026-09-16T23:02:57.9777681Z #1 20.98  * [new tag]               v28.0.1                     -> v28.0.1
2026-09-16T23:02:57.9778026Z #1 20.98  * [new tag]               v28.0.2                     -> v28.0.2
2026-09-16T23:02:57.9778364Z #1 20.98  * [new tag]               v28.0.3                     -> v28.0.3
2026-09-16T23:02:57.9778700Z #1 20.98  * [new tag]               v28.0.4                     -> v28.0.4
2026-09-16T23:02:57.9779035Z #1 20.98  * [new tag]               v28.1.0                     -> v28.1.0
2026-09-16T23:02:57.9779676Z #1 20.98  * [new tag]               v28.1.0-rc.1                -> v28.1.0-rc.1
2026-09-16T23:02:57.9780061Z #1 20.98  * [new tag]               v28.1.0-rc.2                -> v28.1.0-rc.2
2026-09-16T23:02:57.9780411Z #1 20.98  * [new tag]               v28.1.1                     -> v28.1.1
2026-09-16T23:02:57.9780750Z #1 20.98  * [new tag]               v28.2.0                     -> v28.2.0
2026-09-16T23:02:57.9781102Z #1 20.98  * [new tag]               v28.2.0-rc.1                -> v28.2.0-rc.1
2026-09-16T23:02:57.9781466Z #1 20.98  * [new tag]               v28.2.0-rc.2                -> v28.2.0-rc.2
2026-09-16T23:02:57.9781970Z #1 20.98  * [new tag]               v28.2.1                     -> v28.2.1
2026-09-16T23:02:57.9782309Z #1 20.98  * [new tag]               v28.2.2                     -> v28.2.2
2026-09-16T23:02:57.9782645Z #1 20.98  * [new tag]               v28.3.0                     -> v28.3.0
2026-09-16T23:02:57.9782994Z #1 20.98  * [new tag]               v28.3.0-rc.1                -> v28.3.0-rc.1
2026-09-16T23:02:57.9783359Z #1 20.98  * [new tag]               v28.3.0-rc.2                -> v28.3.0-rc.2
2026-09-16T23:02:57.9783712Z #1 20.98  * [new tag]               v28.3.1                     -> v28.3.1
2026-09-16T23:02:57.9784229Z #1 20.98  * [new tag]               v28.3.2                     -> v28.3.2
2026-09-16T23:02:57.9784569Z #1 20.98  * [new tag]               v28.3.3                     -> v28.3.3
2026-09-16T23:02:57.9784911Z #1 20.98  * [new tag]               v28.4.0                     -> v28.4.0
2026-09-16T23:02:57.9785260Z #1 20.98  * [new tag]               v28.4.0-rc.1                -> v28.4.0-rc.1
2026-09-16T23:02:57.9785620Z #1 20.98  * [new tag]               v28.4.0-rc.2                -> v28.4.0-rc.2
2026-09-16T23:02:57.9785967Z #1 20.98  * [new tag]               v28.5.0                     -> v28.5.0
2026-09-16T23:02:57.9786314Z #1 20.98  * [new tag]               v28.5.0-rc.1                -> v28.5.0-rc.1
2026-09-16T23:02:57.9786662Z #1 20.98  * [new tag]               v28.5.1                     -> v28.5.1
2026-09-16T23:02:57.9787026Z #1 20.98  * [new tag]               v28.5.2                     -> v28.5.2
2026-09-16T23:02:57.9787431Z #1 20.98  * [new tag]               xdocs-v1.10-09-05-2016      -> xdocs-v1.10-09-05-2016
2026-09-16T23:02:57.9787864Z #1 20.98  * [new tag]               xdocs-v1.10-28-mar-2016     -> xdocs-v1.10-28-mar-2016
2026-09-16T23:02:57.9788228Z #1 21.01 b019f4f1f46955593c7b74f4fd1c61bec4b22eab
2026-09-16T23:02:58.5849706Z #1 DONE 21.8s
2026-09-16T23:02:58.6503201Z {
2026-09-16T23:02:58.6503933Z   "group": {
2026-09-16T23:02:58.6504198Z     "default": {
2026-09-16T23:02:58.6504378Z       "targets": [
2026-09-16T23:02:58.6504555Z         "binary"
2026-09-16T23:02:58.6504720Z       ]
2026-09-16T23:02:58.6504865Z     }
2026-09-16T23:02:58.6505012Z   },
2026-09-16T23:02:58.6505158Z   "target": {
2026-09-16T23:02:58.6505356Z     "binary": {
2026-09-16T23:02:58.6505713Z       "context": "https://github.com/moby/moby.git#b019f4f1f46955593c7b74f4fd1c61bec4b22eab",
2026-09-16T23:02:58.6506149Z       "dockerfile": "Dockerfile",
2026-09-16T23:02:58.6506367Z       "args": {
2026-09-16T23:02:58.6506558Z         "BUILDKIT_CONTEXT_KEEP_GIT_DIR": "1",
2026-09-16T23:02:58.6506820Z         "DEFAULT_PRODUCT_LICENSE": "",
2026-09-16T23:02:58.6507057Z         "DOCKER_BUILDTAGS": "",
2026-09-16T23:02:58.6507270Z         "DOCKER_DEBUG": "",
2026-09-16T23:02:58.6507474Z         "DOCKER_LDFLAGS": "",
2026-09-16T23:02:58.6507702Z         "DOCKER_STATIC": "1",
2026-09-16T23:02:58.6507939Z         "PACKAGER_NAME": "",
2026-09-16T23:02:58.6508148Z         "PLATFORM": "",
2026-09-16T23:02:58.6508339Z         "PRODUCT": "",
2026-09-16T23:02:58.6508533Z         "VERSION": ""
2026-09-16T23:02:58.6508709Z       },
2026-09-16T23:02:58.6508870Z       "target": "binary",
2026-09-16T23:02:58.6509063Z       "output": [
2026-09-16T23:02:58.6509229Z         {
2026-09-16T23:02:58.6509390Z           "dest": "./build",
2026-09-16T23:02:58.6509595Z           "type": "local"
2026-09-16T23:02:58.6509782Z         }
2026-09-16T23:02:58.6510319Z       ]
2026-09-16T23:02:58.6510491Z     }
2026-09-16T23:02:58.6510638Z   }
2026-09-16T23:02:58.6510783Z }
2026-09-16T23:02:58.6547757Z ##[endgroup]
2026-09-16T23:02:58.7921050Z ##[group]Bake definition
2026-09-16T23:02:58.7934917Z [command]/usr/bin/docker buildx bake https://github.com/moby/moby.git#b019f4f1f46955593c7b74f4fd1c61bec4b22eab --allow fs=* --metadata-file /home/runner/work/_temp/docker-actions-toolkit-Ygj9nH/bake-metadata-375f4fe623.json --set binary.attest=type=provenance,mode=max,builder-id=https://github.com/moby/moby/actions/runs/35160471879/attempts/1 binary --print
2026-09-16T23:02:58.8694443Z #0 building with "builder-4a7bc595-951e-40dd-8970-e83b5e5d2786" instance using docker-container driver
2026-09-16T23:02:58.8695201Z 
2026-09-16T23:02:58.8695615Z #1 [internal] load git source https://github.com/moby/moby.git#b019f4f1f46955593c7b74f4fd1c61bec4b22eab
2026-09-16T23:02:58.8840091Z #1 CACHED
2026-09-16T23:02:58.8840559Z {
2026-09-16T23:02:58.8840762Z   "group": {
2026-09-16T23:02:58.8840968Z     "default": {
2026-09-16T23:02:58.8841144Z       "targets": [
2026-09-16T23:02:58.8841314Z         "binary"
2026-09-16T23:02:58.8841479Z       ]
2026-09-16T23:02:58.8841625Z     }
2026-09-16T23:02:58.8841769Z   },
2026-09-16T23:02:58.8841916Z   "target": {
2026-09-16T23:02:58.8842086Z     "binary": {
2026-09-16T23:02:58.8842252Z       "attest": [
2026-09-16T23:02:58.8842434Z         {
2026-09-16T23:02:58.8842771Z           "builder-id": "https://github.com/moby/moby/actions/runs/35160471879/attempts/1",
2026-09-16T23:02:58.8843147Z           "mode": "max",
2026-09-16T23:02:58.8843551Z           "type": "provenance"
2026-09-16T23:02:58.8847403Z         }
2026-09-16T23:02:58.8850378Z       ],
2026-09-16T23:02:58.8851205Z       "context": "https://github.com/moby/moby.git#b019f4f1f46955593c7b74f4fd1c61bec4b22eab",
2026-09-16T23:02:58.8851775Z       "dockerfile": "Dockerfile",
2026-09-16T23:02:58.8852129Z       "args": {
2026-09-16T23:02:58.8852419Z         "BUILDKIT_CONTEXT_KEEP_GIT_DIR": "1",
2026-09-16T23:02:58.8852785Z         "DEFAULT_PRODUCT_LICENSE": "",
2026-09-16T23:02:58.8853108Z         "DOCKER_BUILDTAGS": "",
2026-09-16T23:02:58.8853414Z         "DOCKER_DEBUG": "",
2026-09-16T23:02:58.8853697Z         "DOCKER_LDFLAGS": "",
2026-09-16T23:02:58.8854147Z         "DOCKER_STATIC": "1",
2026-09-16T23:02:58.8854448Z         "PACKAGER_NAME": "",
2026-09-16T23:02:58.8854750Z         "PLATFORM": "",
2026-09-16T23:02:58.8855451Z         "PRODUCT": "",
2026-09-16T23:02:58.8855728Z         "VERSION": ""
2026-09-16T23:02:58.8856247Z       },
2026-09-16T23:02:58.8856454Z       "target": "binary",
2026-09-16T23:02:58.8856658Z       "output": [
2026-09-16T23:02:58.8856830Z         {
2026-09-16T23:02:58.8856994Z           "dest": "./build",
2026-09-16T23:02:58.8857363Z           "type": "local"
2026-09-16T23:02:58.8857573Z         }
2026-09-16T23:02:58.8857727Z       ]
2026-09-16T23:02:58.8857874Z     }
2026-09-16T23:02:58.8858022Z   }
2026-09-16T23:02:58.8858167Z }
2026-09-16T23:02:58.8913088Z ##[endgroup]
2026-09-16T23:02:58.8929235Z [command]/usr/bin/docker buildx bake https://github.com/moby/moby.git#b019f4f1f46955593c7b74f4fd1c61bec4b22eab --allow fs=* --metadata-file /home/runner/work/_temp/docker-actions-toolkit-Ygj9nH/bake-metadata-375f4fe623.json --set binary.attest=type=provenance,mode=max,builder-id=https://github.com/moby/moby/actions/runs/35160471879/attempts/1 binary
2026-09-16T23:02:59.1614154Z #0 building with "builder-4a7bc595-951e-40dd-8970-e83b5e5d2786" instance using docker-container driver
2026-09-16T23:02:59.1614821Z 
2026-09-16T23:02:59.1615245Z #1 [internal] load git source https://github.com/moby/moby.git#b019f4f1f46955593c7b74f4fd1c61bec4b22eab
2026-09-16T23:02:59.1615700Z #1 CACHED
2026-09-16T23:02:59.1621904Z 
2026-09-16T23:02:59.1622400Z #2 [internal] load git source https://github.com/moby/moby.git#b019f4f1f46955593c7b74f4fd1c61bec4b22eab
2026-09-16T23:02:59.1623058Z #2 0.008 Initialized empty Git repository in /var/lib/buildkit/runc-overlayfs/snapshots/snapshots/3/fs/.git/
2026-09-16T23:02:59.1624304Z #2 0.010 commit
2026-09-16T23:03:01.1933611Z #2 2.193 From file:///var/lib/buildkit/runc-overlayfs/snapshots/snapshots/1/fs
2026-09-16T23:03:01.1934717Z #2 2.193  * branch            refs/buildkit/1mqcfgce2bondza6k0o0ghqw1 -> FETCH_HEAD
2026-09-16T23:03:01.9931663Z #2 2.993 HEAD is now at b019f4f Merge 8ee3360195bcbd01da16b0ff2d1e501deae3e3c9 into 1b02d260ef9d7f3e80df84642f23ea866bf51e6c
2026-09-16T23:03:02.1702333Z #2 DONE 3.0s
2026-09-16T23:03:02.1702500Z 
2026-09-16T23:03:02.1702754Z #3 resolve image config for docker-image://docker.io/docker/dockerfile:1
2026-09-16T23:03:02.3538158Z #3 ...
2026-09-16T23:03:02.3538336Z 
2026-09-16T23:03:02.3538508Z #4 [auth] docker/dockerfile:pull token for registry-1.docker.io
2026-09-16T23:03:02.3538821Z #4 DONE 0.0s
2026-09-16T23:03:02.5039756Z 
2026-09-16T23:03:02.5040216Z #3 resolve image config for docker-image://docker.io/docker/dockerfile:1
2026-09-16T23:03:02.8428731Z #3 DONE 0.8s
2026-09-16T23:03:03.0006337Z 
2026-09-16T23:03:03.0007200Z #5 docker-image://docker.io/docker/dockerfile:1@sha256:ecfaec9ed6d810b56388c508f4121597bfbba70d41a6dfeee4d8cad5f295fc32
2026-09-16T23:03:03.0008028Z #5 resolve docker.io/docker/dockerfile:1@sha256:ecfaec9ed6d810b56388c508f4121597bfbba70d41a6dfeee4d8cad5f295fc32 done
2026-09-16T23:03:03.0009338Z #5 sha256:48ca54f0226d3b90064659efd4391d107ad948df73aed877309530e6f3ef19df 13.01MB / 13.01MB 0.1s done
2026-09-16T23:03:03.1245588Z #5 extracting sha256:48ca54f0226d3b90064659efd4391d107ad948df73aed877309530e6f3ef19df 0.1s done
2026-09-16T23:03:03.1247353Z #5 DONE 0.2s
2026-09-16T23:03:03.1247517Z 
2026-09-16T23:03:03.1248715Z #6 [internal] load metadata for docker.io/library/golang:1.26.8-trixie
2026-09-16T23:03:03.2434144Z #6 ...
2026-09-16T23:03:03.2434332Z 
2026-09-16T23:03:03.2434503Z #7 [auth] library/golang:pull token for registry-1.docker.io
2026-09-16T23:03:03.2434805Z #7 DONE 0.0s
2026-09-16T23:03:03.3938257Z 
2026-09-16T23:03:03.3938972Z #8 [auth] tonistiigi/xx:pull token for registry-1.docker.io
2026-09-16T23:03:03.3939351Z #8 DONE 0.0s
2026-09-16T23:03:03.3939464Z 
2026-09-16T23:03:03.3939603Z #9 [internal] load metadata for docker.io/tonistiigi/xx:1.9.0
2026-09-16T23:03:03.6989372Z #9 ...
2026-09-16T23:03:03.6989765Z 
2026-09-16T23:03:03.6990415Z #6 [internal] load metadata for docker.io/library/golang:1.26.8-trixie
2026-09-16T23:03:03.6990906Z #6 DONE 0.6s
2026-09-16T23:03:03.9224585Z 
2026-09-16T23:03:03.9225616Z #9 [internal] load metadata for docker.io/tonistiigi/xx:1.9.0
2026-09-16T23:03:03.9225957Z #9 DONE 0.6s
2026-09-16T23:03:05.1763633Z 
2026-09-16T23:03:05.1765890Z #10 [xx 1/1] FROM docker.io/tonistiigi/xx:1.9.0@sha256:c64defb9ed5a91eacb37f96ccc3d4cd72521c4bd18d5442905b95e2226b0e707
2026-09-16T23:03:05.1766691Z #10 resolve docker.io/tonistiigi/xx:1.9.0@sha256:c64defb9ed5a91eacb37f96ccc3d4cd72521c4bd18d5442905b95e2226b0e707 done
2026-09-16T23:03:05.1767390Z #10 sha256:64c1651c839051d1f9be192cc64b8139fd88dd0db7c0fddbf6d6e567e910b342 17.70kB / 17.70kB 0.1s done
2026-09-16T23:03:05.1768041Z #10 extracting sha256:64c1651c839051d1f9be192cc64b8139fd88dd0db7c0fddbf6d6e567e910b342 done
2026-09-16T23:03:05.1768443Z #10 DONE 0.1s
2026-09-16T23:03:05.1768545Z 
2026-09-16T23:03:05.1768894Z #11 [base 1/5] FROM docker.io/library/golang:1.26.8-trixie@sha256:771f3162219f7a66bb6be3fea1ba31f418932946a99ad9eac26ffd555dfcf393
2026-09-16T23:03:05.1769681Z #11 resolve docker.io/library/golang:1.26.8-trixie@sha256:771f3162219f7a66bb6be3fea1ba31f418932946a99ad9eac26ffd555dfcf393 done
2026-09-16T23:03:05.1770390Z #11 sha256:7b2a1ba2f788b7fe48210b5eb086a895fab1755971bebacf0281b37b7a736419 126B / 126B 0.1s done
2026-09-16T23:03:05.3056617Z #11 sha256:4f4fb700ef54461cfa02571ae0db9a0dc1e0cdb5577484a6d75e68dc38e8acc1 32B / 32B 0.2s done
2026-09-16T23:03:05.3057432Z #11 sha256:51fb0b9b10a77a100f12ca35704e0bf2e54f625945c6087b132491dec45b4ed6 0B / 64.22MB 0.2s
2026-09-16T23:03:05.3058290Z #11 sha256:0c14b51f2006a299731c3f3c181f7210b95a7136a95fde8eb641a9063429d2a9 0B / 98.49MB 0.2s
2026-09-16T23:03:05.4212919Z #11 sha256:51fb0b9b10a77a100f12ca35704e0bf2e54f625945c6087b132491dec45b4ed6 40.89MB / 64.22MB 0.3s
2026-09-16T23:03:05.4214777Z #11 sha256:0c14b51f2006a299731c3f3c181f7210b95a7136a95fde8eb641a9063429d2a9 47.19MB / 98.49MB 0.3s
2026-09-16T23:03:05.4215445Z #11 sha256:42fd700369b465b3f57ff668eea94fc0b0e67029df25a71600d2c522a452406d 13.63MB / 67.60MB 0.2s
2026-09-16T23:03:05.5226936Z #11 sha256:51fb0b9b10a77a100f12ca35704e0bf2e54f625945c6087b132491dec45b4ed6 64.22MB / 64.22MB 0.5s
2026-09-16T23:03:05.5228001Z #11 sha256:42fd700369b465b3f57ff668eea94fc0b0e67029df25a71600d2c522a452406d 53.48MB / 67.60MB 0.3s
2026-09-16T23:03:05.5228633Z #11 sha256:7fa3c72c6402ef534e043b1dca6fc0ab99e044c333c7679d2508eac3817a8570 25.03MB / 25.03MB 0.2s
2026-09-16T23:03:05.6268328Z #11 sha256:0c14b51f2006a299731c3f3c181f7210b95a7136a95fde8eb641a9063429d2a9 78.64MB / 98.49MB 0.5s
2026-09-16T23:03:05.6269391Z #11 sha256:42fd700369b465b3f57ff668eea94fc0b0e67029df25a71600d2c522a452406d 67.60MB / 67.60MB 0.5s
2026-09-16T23:03:05.7529756Z #11 sha256:0c14b51f2006a299731c3f3c181f7210b95a7136a95fde8eb641a9063429d2a9 98.49MB / 98.49MB 0.6s
2026-09-16T23:03:06.2265964Z #11 sha256:7fa3c72c6402ef534e043b1dca6fc0ab99e044c333c7679d2508eac3817a8570 25.03MB / 25.03MB 0.9s done
2026-09-16T23:03:06.3787560Z #11 sha256:51fb0b9b10a77a100f12ca35704e0bf2e54f625945c6087b132491dec45b4ed6 64.22MB / 64.22MB 1.2s done
2026-09-16T23:03:06.3790273Z #11 sha256:0c14b51f2006a299731c3f3c181f7210b95a7136a95fde8eb641a9063429d2a9 98.49MB / 98.49MB 1.1s done
2026-09-16T23:03:06.3792368Z #11 sha256:42fd700369b465b3f57ff668eea94fc0b0e67029df25a71600d2c522a452406d 67.60MB / 67.60MB 1.1s done
2026-09-16T23:03:06.3794651Z #11 sha256:7f50a08a25277c02b8dfc99818a21e12083215981e0aa03cb07cb74c9116f205 33.55MB / 49.70MB 0.2s
2026-09-16T23:03:06.5274963Z #11 sha256:7f50a08a25277c02b8dfc99818a21e12083215981e0aa03cb07cb74c9116f205 49.70MB / 49.70MB 0.3s
2026-09-16T23:03:06.7217073Z #11 sha256:7f50a08a25277c02b8dfc99818a21e12083215981e0aa03cb07cb74c9116f205 49.70MB / 49.70MB 0.3s done
2026-09-16T23:03:06.7217893Z #11 extracting sha256:7f50a08a25277c02b8dfc99818a21e12083215981e0aa03cb07cb74c9116f205
2026-09-16T23:03:07.0559204Z #11 ...
2026-09-16T23:03:07.0559594Z 
2026-09-16T23:03:07.0560179Z #12 [gowinres 1/2] ADD https://github.com/tc-hib/go-winres.git?ref=v0.3.1&keep-git-dir=1 /go/src/github.com/tc-hib/go-winres
2026-09-16T23:03:07.0561673Z #12 0.470 680a280b748f922282c10e6cbc355e19742d45a9	refs/tags/v0.3.1
2026-09-16T23:03:07.0562829Z #12 0.729 Initialized empty Git repository in /var/lib/buildkit/runc-overlayfs/snapshots/snapshots/8/fs/
2026-09-16T23:03:07.0563452Z #12 1.450 From https://github.com/tc-hib/go-winres
2026-09-16T23:03:07.0563996Z #12 1.450  * [new tag]         v0.3.1     -> v0.3.1
2026-09-16T23:03:07.0564392Z #12 1.453 680a280b748f922282c10e6cbc355e19742d45a9
2026-09-16T23:03:07.0564952Z #12 1.466 Initialized empty Git repository in /var/lib/buildkit/runc-overlayfs/snapshots/snapshots/10/fs/.git/
2026-09-16T23:03:07.0565490Z #12 1.470 commit
2026-09-16T23:03:07.0565871Z #12 1.517 From file:///var/lib/buildkit/runc-overlayfs/snapshots/snapshots/8/fs
2026-09-16T23:03:07.0566335Z #12 1.517  * [new tag]         v0.3.1     -> v0.3.1
2026-09-16T23:03:07.0566694Z #12 1.517  * [new tag]         v0.3.1     -> v0.3.1
2026-09-16T23:03:07.0567116Z #12 1.526 HEAD is now at 680a280 Merge pull request #9 from kmahyyg/main
2026-09-16T23:03:07.0567512Z #12 DONE 2.0s
2026-09-16T23:03:07.2067446Z 
2026-09-16T23:03:07.2068380Z #11 [base 1/5] FROM docker.io/library/golang:1.26.8-trixie@sha256:771f3162219f7a66bb6be3fea1ba31f418932946a99ad9eac26ffd555dfcf393
2026-09-16T23:03:07.3010854Z #11 extracting sha256:7f50a08a25277c02b8dfc99818a21e12083215981e0aa03cb07cb74c9116f205 0.7s done
2026-09-16T23:03:07.3011470Z #11 DONE 2.3s
2026-09-16T23:03:07.4514445Z 
2026-09-16T23:03:07.4515901Z #11 [base 1/5] FROM docker.io/library/golang:1.26.8-trixie@sha256:771f3162219f7a66bb6be3fea1ba31f418932946a99ad9eac26ffd555dfcf393
2026-09-16T23:03:07.4516615Z #11 extracting sha256:7fa3c72c6402ef534e043b1dca6fc0ab99e044c333c7679d2508eac3817a8570
2026-09-16T23:03:07.5872950Z #11 extracting sha256:7fa3c72c6402ef534e043b1dca6fc0ab99e044c333c7679d2508eac3817a8570 0.3s done
2026-09-16T23:03:07.5873495Z #11 DONE 2.6s
2026-09-16T23:03:07.7379573Z 
2026-09-16T23:03:07.7380375Z #11 [base 1/5] FROM docker.io/library/golang:1.26.8-trixie@sha256:771f3162219f7a66bb6be3fea1ba31f418932946a99ad9eac26ffd555dfcf393
2026-09-16T23:03:07.7381091Z #11 extracting sha256:42fd700369b465b3f57ff668eea94fc0b0e67029df25a71600d2c522a452406d
2026-09-16T23:03:08.5930743Z #11 extracting sha256:42fd700369b465b3f57ff668eea94fc0b0e67029df25a71600d2c522a452406d 1.0s done
2026-09-16T23:03:08.5931379Z #11 DONE 3.6s
2026-09-16T23:03:08.7433498Z 
2026-09-16T23:03:08.7434553Z #11 [base 1/5] FROM docker.io/library/golang:1.26.8-trixie@sha256:771f3162219f7a66bb6be3fea1ba31f418932946a99ad9eac26ffd555dfcf393
2026-09-16T23:03:08.7443227Z #11 extracting sha256:0c14b51f2006a299731c3f3c181f7210b95a7136a95fde8eb641a9063429d2a9
2026-09-16T23:03:09.6589402Z #11 extracting sha256:0c14b51f2006a299731c3f3c181f7210b95a7136a95fde8eb641a9063429d2a9 1.1s done
2026-09-16T23:03:09.6589870Z #11 DONE 4.6s
2026-09-16T23:03:09.8097850Z 
2026-09-16T23:03:09.8100669Z #11 [base 1/5] FROM docker.io/library/golang:1.26.8-trixie@sha256:771f3162219f7a66bb6be3fea1ba31f418932946a99ad9eac26ffd555dfcf393
2026-09-16T23:03:09.8101385Z #11 extracting sha256:51fb0b9b10a77a100f12ca35704e0bf2e54f625945c6087b132491dec45b4ed6
2026-09-16T23:03:11.5325648Z #11 extracting sha256:51fb0b9b10a77a100f12ca35704e0bf2e54f625945c6087b132491dec45b4ed6 1.9s done
2026-09-16T23:03:11.5326669Z #11 DONE 6.5s
2026-09-16T23:03:11.6912014Z 
2026-09-16T23:03:11.6912758Z #11 [base 1/5] FROM docker.io/library/golang:1.26.8-trixie@sha256:771f3162219f7a66bb6be3fea1ba31f418932946a99ad9eac26ffd555dfcf393
2026-09-16T23:03:11.6913494Z #11 extracting sha256:7b2a1ba2f788b7fe48210b5eb086a895fab1755971bebacf0281b37b7a736419 done
2026-09-16T23:03:11.6914212Z #11 extracting sha256:4f4fb700ef54461cfa02571ae0db9a0dc1e0cdb5577484a6d75e68dc38e8acc1 done
2026-09-16T23:03:11.6914654Z #11 DONE 6.5s
2026-09-16T23:03:11.6914769Z 
2026-09-16T23:03:11.6914877Z #13 [base 2/5] COPY --from=xx / /
2026-09-16T23:03:15.1069326Z #13 DONE 3.6s
2026-09-16T23:03:15.2707443Z 
2026-09-16T23:03:15.2708268Z #14 [base 3/5] RUN go telemetry off && [ "$(go telemetry)" = "off" ] || { echo "Failed to disable Go telemetry"; exit 1; }
2026-09-16T23:03:15.2708750Z #14 DONE 0.0s
2026-09-16T23:03:15.2711186Z 
2026-09-16T23:03:15.2711548Z #15 [base 4/5] RUN echo 'Binary::apt::APT::Keep-Downloaded-Packages "true";' > /etc/apt/apt.conf.d/keep-cache
2026-09-16T23:03:15.2711997Z #15 DONE 0.0s
2026-09-16T23:03:15.2712101Z 
2026-09-16T23:03:15.2712324Z #16 [base 5/5] RUN apt-get update && apt-get install --no-install-recommends -y file
2026-09-16T23:03:15.2712791Z #16 0.082 Get:1 http://deb.debian.org/debian trixie InRelease [140 kB]
2026-09-16T23:03:15.3864310Z #16 0.106 Get:2 http://deb.debian.org/debian trixie-updates InRelease [47.3 kB]
2026-09-16T23:03:15.3865291Z #16 0.116 Get:3 http://deb.debian.org/debian-security trixie-security InRelease [43.4 kB]
2026-09-16T23:03:15.3866023Z #16 0.127 Get:4 http://deb.debian.org/debian trixie/main arm64 Packages [9614 kB]
2026-09-16T23:03:15.3866758Z #16 0.197 Get:5 http://deb.debian.org/debian trixie-updates/main arm64 Packages [4424 B]
2026-09-16T23:03:15.5369633Z #16 0.197 Get:6 http://deb.debian.org/debian-security trixie-security/main arm64 Packages [263 kB]
2026-09-16T23:03:16.0348073Z #16 0.846 Fetched 10.1 MB in 1s (12.7 MB/s)
2026-09-16T23:03:16.5168183Z #16 0.846 Reading package lists...
2026-09-16T23:03:17.0078744Z #16 1.342 Reading package lists...
2026-09-16T23:03:17.1725109Z #16 1.827 Building dependency tree...
2026-09-16T23:03:17.3230022Z #16 1.983 Reading state information...
2026-09-16T23:03:17.3909521Z #16 2.202 The following additional packages will be installed:
2026-09-16T23:03:17.5025249Z #16 2.203   libmagic-mgc libmagic1t64
2026-09-16T23:03:17.5025965Z #16 2.222 The following NEW packages will be installed:
2026-09-16T23:03:17.5027562Z #16 2.223   file libmagic-mgc libmagic1t64
2026-09-16T23:03:17.5028891Z #16 2.278 0 upgraded, 3 newly installed, 0 to remove and 34 not upgraded.
2026-09-16T23:03:17.5030040Z #16 2.278 Need to get 485 kB of archives.
2026-09-16T23:03:17.5030439Z #16 2.278 After this operation, 10.8 MB of additional disk space will be used.
2026-09-16T23:03:17.5030989Z #16 2.278 Get:1 http://deb.debian.org/debian trixie/main arm64 libmagic-mgc arm64 1:5.46-5 [338 kB]
2026-09-16T23:03:17.5031587Z #16 2.313 Get:2 http://deb.debian.org/debian trixie/main arm64 libmagic1t64 arm64 1:5.46-5 [103 kB]
2026-09-16T23:03:17.6248795Z #16 2.314 Get:3 http://deb.debian.org/debian trixie/main arm64 file arm64 1:5.46-5 [43.7 kB]
2026-09-16T23:03:17.6249520Z #16 2.435 debconf: unable to initialize frontend: Dialog
2026-09-16T23:03:17.6250013Z #16 2.435 debconf: (TERM is not set, so the dialog frontend is not usable.)
2026-09-16T23:03:17.6250475Z #16 2.435 debconf: falling back to frontend: Readline
2026-09-16T23:03:17.7847065Z #16 2.441 debconf: unable to initialize frontend: Readline
2026-09-16T23:03:17.7849816Z #16 2.441 debconf: (This frontend requires a controlling tty.)
2026-09-16T23:03:17.7850580Z #16 2.441 debconf: falling back to frontend: Teletype
2026-09-16T23:03:17.7851112Z #16 2.445 debconf: unable to initialize frontend: Teletype
2026-09-16T23:03:17.7851472Z #16 2.445 debconf: (This frontend requires a controlling tty.)
2026-09-16T23:03:17.7851851Z #16 2.445 debconf: falling back to frontend: Noninteractive
2026-09-16T23:03:18.1669104Z #16 2.978 Fetched 485 kB in 0s (6107 kB/s)
2026-09-16T23:03:18.2791676Z #16 2.990 Selecting previously unselected package libmagic-mgc.
2026-09-16T23:03:18.2792365Z #16 2.990 (Reading database ... 
2026-09-16T23:03:18.2792645Z (Reading database ... 5%
2026-09-16T23:03:18.2792949Z (Reading database ... 10%
2026-09-16T23:03:18.2793217Z (Reading database ... 15%
2026-09-16T23:03:18.2793515Z (Reading database ... 20%
2026-09-16T23:03:18.2793805Z (Reading database ... 25%
2026-09-16T23:03:18.2794271Z (Reading database ... 30%
2026-09-16T23:03:18.2794635Z (Reading database ... 35%
2026-09-16T23:03:18.2794902Z (Reading database ... 40%
2026-09-16T23:03:18.2795187Z (Reading database ... 45%
2026-09-16T23:03:18.2795471Z (Reading database ... 50%
2026-09-16T23:03:18.2795722Z (Reading database ... 55%
2026-09-16T23:03:18.2795965Z (Reading database ... 60%
2026-09-16T23:03:18.2796265Z (Reading database ... 65%
2026-09-16T23:03:18.2796895Z (Reading database ... 70%
2026-09-16T23:03:18.2797189Z (Reading database ... 75%
2026-09-16T23:03:18.2797450Z (Reading database ... 80%
2026-09-16T23:03:18.2797725Z (Reading database ... 85%
2026-09-16T23:03:18.2798019Z (Reading database ... 90%
2026-09-16T23:03:18.2798302Z (Reading database ... 95%
2026-09-16T23:03:18.2798576Z (Reading database ... 100%
2026-09-16T23:03:18.2798939Z (Reading database ... 16877 files and directories currently installed.)
2026-09-16T23:03:18.2799414Z #16 2.997 Preparing to unpack .../libmagic-mgc_1%3a5.46-5_arm64.deb ...
2026-09-16T23:03:18.2799854Z #16 2.998 Unpacking libmagic-mgc (1:5.46-5) ...
2026-09-16T23:03:18.2800281Z #16 3.040 Selecting previously unselected package libmagic1t64:arm64.
2026-09-16T23:03:18.2800770Z #16 3.042 Preparing to unpack .../libmagic1t64_1%3a5.46-5_arm64.deb ...
2026-09-16T23:03:18.2801182Z #16 3.043 Unpacking libmagic1t64:arm64 (1:5.46-5) ...
2026-09-16T23:03:18.2801542Z #16 3.069 Selecting previously unselected package file.
2026-09-16T23:03:18.2801968Z #16 3.071 Preparing to unpack .../file_1%3a5.46-5_arm64.deb ...
2026-09-16T23:03:18.2802353Z #16 3.072 Unpacking file (1:5.46-5) ...
2026-09-16T23:03:18.2802652Z #16 3.090 Setting up libmagic-mgc (1:5.46-5) ...
2026-09-16T23:03:18.4160168Z #16 3.093 Setting up libmagic1t64:arm64 (1:5.46-5) ...
2026-09-16T23:03:18.4161540Z #16 3.096 Setting up file (1:5.46-5) ...
2026-09-16T23:03:18.5902761Z #16 3.098 Processing triggers for libc-bin (2.41-12+deb13u3) ...
2026-09-16T23:03:18.5903571Z #16 DONE 3.2s
2026-09-16T23:03:18.5903719Z 
2026-09-16T23:03:18.5904719Z #17 [gowinres 1/2] ADD https://github.com/tc-hib/go-winres.git?ref=v0.3.1&keep-git-dir=1 /go/src/github.com/tc-hib/go-winres
2026-09-16T23:03:18.5905401Z #17 DONE 0.0s
2026-09-16T23:03:18.5905529Z 
2026-09-16T23:03:18.5906583Z #18 [gowinres 2/2] RUN --mount=type=cache,target=/root/.cache/go-build     --mount=type=cache,target=/go/pkg/mod         cd /go/src/github.com/tc-hib/go-winres &&         GOBIN=/build CGO_ENABLED=0 go install .      && /build/go-winres --help
2026-09-16T23:03:18.5987093Z #18 0.159 go: downloading github.com/tc-hib/winres v0.1.6
2026-09-16T23:03:18.7477601Z #18 0.159 go: downloading github.com/urfave/cli/v2 v2.3.0
2026-09-16T23:03:18.7478169Z #18 0.308 go: downloading github.com/nfnt/resize v0.0.0-20180221191011-83c6a9932646
2026-09-16T23:03:18.9254152Z #18 0.308 go: downloading golang.org/x/image v0.0.0-20210220032944-ac19c3e999fb
2026-09-16T23:03:18.9254762Z #18 0.322 go: downloading github.com/cpuguy83/go-md2man/v2 v2.0.0
2026-09-16T23:03:18.9255496Z #18 0.335 go: downloading github.com/russross/blackfriday/v2 v2.1.0
2026-09-16T23:03:24.1687404Z #18 5.729 NAME:
2026-09-16T23:03:24.1687898Z #18 5.729    go-winres - A tool for embedding resources in Windows executables
2026-09-16T23:03:24.1688303Z #18 5.729 
2026-09-16T23:03:24.1688572Z #18 5.729 USAGE:
2026-09-16T23:03:24.1688979Z #18 5.729    go-winres [global options] command [command options] [arguments...]
2026-09-16T23:03:24.1689405Z #18 5.729 
2026-09-16T23:03:24.3198988Z #18 5.729 COMMANDS:
2026-09-16T23:03:24.3199690Z #18 5.729    init     Create an initial ./winres/winres.json
2026-09-16T23:03:24.3200095Z #18 5.729    make     Make syso files for the "go build" command
2026-09-16T23:03:24.3200627Z #18 5.729    simply   Make syso files for the "go build" command (simplified)
2026-09-16T23:03:24.3201134Z #18 5.729    extract  Extract all resources from an executable
2026-09-16T23:03:24.3201553Z #18 5.729    patch    Replace resources in an executable file (exe, dll)
2026-09-16T23:03:24.3202059Z #18 5.729    help, h  Shows a list of commands or help for one command
2026-09-16T23:03:24.3202439Z #18 5.729 
2026-09-16T23:03:24.3202694Z #18 5.729 GLOBAL OPTIONS:
2026-09-16T23:03:24.3203071Z #18 5.729    --help, -h  show help (default: false)
2026-09-16T23:03:24.6830459Z #18 DONE 6.2s
2026-09-16T23:03:25.0372296Z 
2026-09-16T23:03:25.0373309Z #19 [build 1/6] COPY --from=gowinres /build/ /usr/local/bin/
2026-09-16T23:03:25.1508331Z #19 DONE 0.0s
2026-09-16T23:03:25.1509210Z 
2026-09-16T23:03:25.1509370Z #20 [build 2/6] WORKDIR /usr/src/moby
2026-09-16T23:03:25.1509673Z #20 DONE 0.0s
2026-09-16T23:03:25.1509787Z 
2026-09-16T23:03:25.1510815Z #21 [build 3/6] RUN --mount=type=cache,sharing=locked,id=moby-build-aptlib,target=/var/lib/apt     --mount=type=cache,sharing=locked,id=moby-build-aptcache,target=/var/cache/apt         apt-get update && apt-get install --no-install-recommends -y             clang             lld             llvm             icoutils
2026-09-16T23:03:25.1512086Z #21 0.068 Get:1 http://deb.debian.org/debian trixie InRelease [140 kB]
2026-09-16T23:03:25.3622694Z #21 0.077 Get:2 http://deb.debian.org/debian trixie-updates InRelease [47.3 kB]
2026-09-16T23:03:25.3623573Z #21 0.077 Get:3 http://deb.debian.org/debian-security trixie-security InRelease [43.4 kB]
2026-09-16T23:03:25.3624822Z #21 0.090 Get:4 http://deb.debian.org/debian trixie/main arm64 Packages [9614 kB]
2026-09-16T23:03:25.3625542Z #21 0.129 Get:5 http://deb.debian.org/debian trixie-updates/main arm64 Packages [4424 B]
2026-09-16T23:03:25.3626386Z #21 0.129 Get:6 http://deb.debian.org/debian-security trixie-security/main arm64 Packages [263 kB]
2026-09-16T23:03:25.8722220Z #21 0.790 Fetched 10.1 MB in 1s (13.9 MB/s)
2026-09-16T23:03:26.3787837Z #21 0.790 Reading package lists...
2026-09-16T23:03:26.8884431Z #21 1.314 Reading package lists...
2026-09-16T23:03:27.0728585Z #21 1.816 Building dependency tree...
2026-09-16T23:03:27.2985179Z #21 2.216 The following additional packages will be installed:
2026-09-16T23:03:27.4504587Z #21 2.216   clang-19 libclang-common-19-dev libclang-cpp19 libclang1-19 libclone-perl
2026-09-16T23:03:27.4506205Z #21 2.216   libencode-locale-perl libfile-listing-perl libgc1 libhtml-parser-perl
2026-09-16T23:03:27.4507236Z #21 2.216   libhtml-tagset-perl libhtml-tree-perl libhttp-cookies-perl libhttp-date-perl
2026-09-16T23:03:27.4507950Z #21 2.216   libhttp-message-perl libhttp-negotiate-perl libio-html-perl
2026-09-16T23:03:27.4508553Z #21 2.216   libio-socket-ssl-perl libllvm19 liblwp-mediatypes-perl
2026-09-16T23:03:27.4509273Z #21 2.216   liblwp-protocol-https-perl libnet-http-perl libnet-ssleay-perl
2026-09-16T23:03:27.4509939Z #21 2.216   libobjc-14-dev libobjc4 libpfm4 libpng16-16t64 libtimedate-perl
2026-09-16T23:03:27.4510665Z #21 2.216   libtry-tiny-perl liburi-perl libwww-perl libwww-robotrules-perl libxml2
2026-09-16T23:03:27.4511367Z #21 2.216   libz3-4 lld-19 llvm-19 llvm-19-linker-tools llvm-19-runtime llvm-runtime
2026-09-16T23:03:27.4511894Z #21 2.217   perl-openssl-defaults
2026-09-16T23:03:27.4512393Z #21 2.218 Suggested packages:
2026-09-16T23:03:27.4512846Z #21 2.218   clang-19-doc wasi-libc libterm-readline-gnu-perl
2026-09-16T23:03:27.4513529Z #21 2.218   | libterm-readline-perl-perl libdata-dump-perl libcrypt-ssleay-perl
2026-09-16T23:03:27.4514472Z #21 2.218   libsub-name-perl libbusiness-isbn-perl libmime-base32-perl
2026-09-16T23:03:27.4515087Z #21 2.218   libregexp-ipv6-perl libauthen-ntlm-perl llvm-19-doc debhelper
2026-09-16T23:03:27.4515769Z #21 2.218 Recommended packages:
2026-09-16T23:03:27.4516281Z #21 2.218   llvm-19-dev clang-tools-19 libclang-rt-19-dev libhtml-format-perl
2026-09-16T23:03:27.4516898Z #21 2.218   libio-compress-brotli-perl libdata-dump-perl libhtml-form-perl
2026-09-16T23:03:27.4517633Z #21 2.218   libhttp-daemon-perl libmailtools-perl binfmt-support | systemd
2026-09-16T23:03:27.5065682Z #21 2.424 The following NEW packages will be installed:
2026-09-16T23:03:27.6504482Z #21 2.424   clang clang-19 icoutils libclang-common-19-dev libclang-cpp19 libclang1-19
2026-09-16T23:03:27.6506138Z #21 2.424   libclone-perl libencode-locale-perl libfile-listing-perl libgc1
2026-09-16T23:03:27.6507088Z #21 2.424   libhtml-parser-perl libhtml-tagset-perl libhtml-tree-perl
2026-09-16T23:03:27.6507673Z #21 2.424   libhttp-cookies-perl libhttp-date-perl libhttp-message-perl
2026-09-16T23:03:27.6508196Z #21 2.424   libhttp-negotiate-perl libio-html-perl libio-socket-ssl-perl libllvm19
2026-09-16T23:03:27.6508880Z #21 2.424   liblwp-mediatypes-perl liblwp-protocol-https-perl libnet-http-perl
2026-09-16T23:03:27.6510293Z #21 2.424   libnet-ssleay-perl libobjc-14-dev libobjc4 libpfm4 libpng16-16t64
2026-09-16T23:03:27.6510872Z #21 2.424   libtimedate-perl libtry-tiny-perl liburi-perl libwww-perl
2026-09-16T23:03:27.6511364Z #21 2.424   libwww-robotrules-perl libxml2 libz3-4 lld lld-19 llvm llvm-19
2026-09-16T23:03:27.6511928Z #21 2.425   llvm-19-linker-tools llvm-19-runtime llvm-runtime perl-openssl-defaults
2026-09-16T23:03:27.6512489Z #21 2.457 0 upgraded, 43 newly installed, 0 to remove and 34 not upgraded.
2026-09-16T23:03:27.6512921Z #21 2.457 Need to get 71.0 MB of archives.
2026-09-16T23:03:27.6513380Z #21 2.457 After this operation, 366 MB of additional disk space will be used.
2026-09-16T23:03:27.6514224Z #21 2.457 Get:1 http://deb.debian.org/debian trixie/main arm64 libxml2 arm64 2.12.7+dfsg+really2.9.14-2.1+deb13u3 [631 kB]
2026-09-16T23:03:27.6514976Z #21 2.467 Get:2 http://deb.debian.org/debian trixie/main arm64 libz3-4 arm64 4.13.3-1 [7507 kB]
2026-09-16T23:03:27.6515624Z #21 2.490 Get:3 http://deb.debian.org/debian trixie/main arm64 libllvm19 arm64 1:19.1.7-3+b1 [23.3 MB]
2026-09-16T23:03:27.6516324Z #21 2.568 Get:4 http://deb.debian.org/debian trixie/main arm64 libclang-cpp19 arm64 1:19.1.7-3+b1 [12.0 MB]
2026-09-16T23:03:27.7506142Z #21 2.600 Get:5 http://deb.debian.org/debian trixie/main arm64 libgc1 arm64 1:8.2.8-1 [241 kB]
2026-09-16T23:03:27.7506873Z #21 2.601 Get:6 http://deb.debian.org/debian trixie/main arm64 libobjc4 arm64 14.2.0-19 [39.4 kB]
2026-09-16T23:03:27.7509326Z #21 2.662 Get:7 http://deb.debian.org/debian trixie/main arm64 libobjc-14-dev arm64 14.2.0-19 [166 kB]
2026-09-16T23:03:27.7510129Z #21 2.663 Get:8 http://deb.debian.org/debian trixie/main arm64 libclang-common-19-dev arm64 1:19.1.7-3+b1 [740 kB]
2026-09-16T23:03:27.7510903Z #21 2.665 Get:9 http://deb.debian.org/debian trixie/main arm64 llvm-19-linker-tools arm64 1:19.1.7-3+b1 [1100 kB]
2026-09-16T23:03:27.7511715Z #21 2.668 Get:10 http://deb.debian.org/debian trixie/main arm64 libclang1-19 arm64 1:19.1.7-3+b1 [6866 kB]
2026-09-16T23:03:27.8869282Z #21 2.686 Get:11 http://deb.debian.org/debian trixie/main arm64 clang-19 arm64 1:19.1.7-3+b1 [113 kB]
2026-09-16T23:03:27.8870229Z #21 2.686 Get:12 http://deb.debian.org/debian trixie/main arm64 clang arm64 1:19.0-63 [6244 B]
2026-09-16T23:03:27.8871665Z #21 2.687 Get:13 http://deb.debian.org/debian trixie/main arm64 libencode-locale-perl all 1.05-3 [12.9 kB]
2026-09-16T23:03:27.8872431Z #21 2.687 Get:14 http://deb.debian.org/debian trixie/main arm64 libtimedate-perl all 2.3300-2 [39.3 kB]
2026-09-16T23:03:27.8873420Z #21 2.687 Get:15 http://deb.debian.org/debian trixie/main arm64 libhttp-date-perl all 6.06-1 [10.7 kB]
2026-09-16T23:03:27.8874351Z #21 2.687 Get:16 http://deb.debian.org/debian trixie/main arm64 libfile-listing-perl all 6.16-1 [12.4 kB]
2026-09-16T23:03:27.8875027Z #21 2.687 Get:17 http://deb.debian.org/debian trixie/main arm64 libhtml-tagset-perl all 3.24-1 [14.7 kB]
2026-09-16T23:03:27.8875742Z #21 2.688 Get:18 http://deb.debian.org/debian trixie/main arm64 liburi-perl all 5.30-1 [105 kB]
2026-09-16T23:03:27.8876425Z #21 2.688 Get:19 http://deb.debian.org/debian trixie/main arm64 libhtml-parser-perl arm64 3.83-2~deb13u1 [97.3 kB]
2026-09-16T23:03:27.8877186Z #21 2.691 Get:20 http://deb.debian.org/debian trixie/main arm64 libhtml-tree-perl all 5.07-3 [211 kB]
2026-09-16T23:03:27.8877872Z #21 2.692 Get:21 http://deb.debian.org/debian trixie/main arm64 libclone-perl arm64 0.47-1+b1 [13.7 kB]
2026-09-16T23:03:27.8878511Z #21 2.692 Get:22 http://deb.debian.org/debian trixie/main arm64 libio-html-perl all 1.004-3 [16.2 kB]
2026-09-16T23:03:27.8879242Z #21 2.693 Get:23 http://deb.debian.org/debian trixie/main arm64 liblwp-mediatypes-perl all 6.04-2 [20.2 kB]
2026-09-16T23:03:27.8879922Z #21 2.694 Get:24 http://deb.debian.org/debian trixie/main arm64 libhttp-message-perl all 7.00-2 [79.8 kB]
2026-09-16T23:03:27.8880658Z #21 2.694 Get:25 http://deb.debian.org/debian trixie/main arm64 libhttp-cookies-perl all 6.11-1 [19.1 kB]
2026-09-16T23:03:27.8881718Z #21 2.694 Get:26 http://deb.debian.org/debian trixie/main arm64 libhttp-negotiate-perl all 6.01-2 [13.1 kB]
2026-09-16T23:03:27.8882399Z #21 2.694 Get:27 http://deb.debian.org/debian trixie/main arm64 perl-openssl-defaults arm64 7+b2 [6712 B]
2026-09-16T23:03:27.8883154Z #21 2.696 Get:28 http://deb.debian.org/debian trixie/main arm64 libnet-ssleay-perl arm64 1.94-3 [323 kB]
2026-09-16T23:03:27.8884030Z #21 2.700 Get:29 http://deb.debian.org/debian trixie/main arm64 libio-socket-ssl-perl all 2.089-1 [223 kB]
2026-09-16T23:03:27.8884832Z #21 2.701 Get:30 http://deb.debian.org/debian trixie/main arm64 libnet-http-perl all 6.23-1 [23.9 kB]
2026-09-16T23:03:27.8885530Z #21 2.701 Get:31 http://deb.debian.org/debian trixie/main arm64 liblwp-protocol-https-perl all 6.14-1 [10.8 kB]
2026-09-16T23:03:27.8886208Z #21 2.702 Get:32 http://deb.debian.org/debian trixie/main arm64 libtry-tiny-perl all 0.32-1 [22.9 kB]
2026-09-16T23:03:27.8886909Z #21 2.702 Get:33 http://deb.debian.org/debian trixie/main arm64 libwww-robotrules-perl all 6.02-1 [12.9 kB]
2026-09-16T23:03:27.8887618Z #21 2.705 Get:34 http://deb.debian.org/debian trixie/main arm64 libwww-perl all 6.78-1 [183 kB]
2026-09-16T23:03:27.8888290Z #21 2.708 Get:35 http://deb.debian.org/debian trixie/main arm64 libpng16-16t64 arm64 1.6.48-1+deb13u5 [275 kB]
2026-09-16T23:03:27.8888957Z #21 2.709 Get:36 http://deb.debian.org/debian trixie/main arm64 icoutils arm64 0.32.3-6 [62.9 kB]
2026-09-16T23:03:27.8889608Z #21 2.711 Get:37 http://deb.debian.org/debian trixie/main arm64 libpfm4 arm64 4.13.0+git99-gc5587f9-1 [73.1 kB]
2026-09-16T23:03:27.8890501Z #21 2.715 Get:38 http://deb.debian.org/debian trixie/main arm64 lld-19 arm64 1:19.1.7-3+b1 [1239 kB]
2026-09-16T23:03:27.8891153Z #21 2.720 Get:39 http://deb.debian.org/debian trixie/main arm64 lld arm64 1:19.0-63 [5896 B]
2026-09-16T23:03:27.8891838Z #21 2.721 Get:40 http://deb.debian.org/debian trixie/main arm64 llvm-19-runtime arm64 1:19.1.7-3+b1 [504 kB]
2026-09-16T23:03:27.8892511Z #21 2.723 Get:41 http://deb.debian.org/debian trixie/main arm64 llvm-runtime arm64 1:19.0-63 [5904 B]
2026-09-16T23:03:27.8893145Z #21 2.727 Get:42 http://deb.debian.org/debian trixie/main arm64 llvm-19 arm64 1:19.1.7-3+b1 [14.7 MB]
2026-09-16T23:03:27.8893780Z #21 2.804 Get:43 http://deb.debian.org/debian trixie/main arm64 llvm arm64 1:19.0-63 [8332 B]
2026-09-16T23:03:28.0159560Z #21 2.933 debconf: unable to initialize frontend: Dialog
2026-09-16T23:03:28.0160545Z #21 2.933 debconf: (TERM is not set, so the dialog frontend is not usable.)
2026-09-16T23:03:28.0161250Z #21 2.933 debconf: falling back to frontend: Readline
2026-09-16T23:03:28.1770322Z #21 2.939 debconf: unable to initialize frontend: Readline
2026-09-16T23:03:28.1771190Z #21 2.939 debconf: (This frontend requires a controlling tty.)
2026-09-16T23:03:28.1771608Z #21 2.939 debconf: falling back to frontend: Teletype
2026-09-16T23:03:28.1771994Z #21 2.944 debconf: unable to initialize frontend: Teletype
2026-09-16T23:03:28.1772462Z #21 2.944 debconf: (This frontend requires a controlling tty.)
2026-09-16T23:03:28.1772900Z #21 2.944 debconf: falling back to frontend: Noninteractive
2026-09-16T23:03:29.0495129Z #21 3.967 Fetched 71.0 MB in 0s (194 MB/s)
2026-09-16T23:03:29.2653059Z #21 3.981 Selecting previously unselected package libxml2:arm64.
2026-09-16T23:03:29.2653598Z #21 3.981 (Reading database ... 
2026-09-16T23:03:29.2654345Z (Reading database ... 5%
2026-09-16T23:03:29.2654668Z (Reading database ... 10%
2026-09-16T23:03:29.2654942Z (Reading database ... 15%
2026-09-16T23:03:29.2655318Z (Reading database ... 20%
2026-09-16T23:03:29.2655586Z (Reading database ... 25%
2026-09-16T23:03:29.2655908Z (Reading database ... 30%
2026-09-16T23:03:29.2656187Z (Reading database ... 35%
2026-09-16T23:03:29.2656448Z (Reading database ... 40%
2026-09-16T23:03:29.2656802Z (Reading database ... 45%
2026-09-16T23:03:29.2657090Z (Reading database ... 50%
2026-09-16T23:03:29.2657370Z (Reading database ... 55%
2026-09-16T23:03:29.2657644Z (Reading database ... 60%
2026-09-16T23:03:29.2658271Z (Reading database ... 65%
2026-09-16T23:03:29.2658624Z (Reading database ... 70%
2026-09-16T23:03:29.2658888Z (Reading database ... 75%
2026-09-16T23:03:29.2659139Z (Reading database ... 80%
2026-09-16T23:03:29.2659450Z (Reading database ... 85%
2026-09-16T23:03:29.2659712Z (Reading database ... 90%
2026-09-16T23:03:29.2660027Z (Reading database ... 95%
2026-09-16T23:03:29.2660334Z (Reading database ... 100%
2026-09-16T23:03:29.2660688Z (Reading database ... 16912 files and directories currently installed.)
2026-09-16T23:03:29.2661311Z #21 3.988 Preparing to unpack .../00-libxml2_2.12.7+dfsg+really2.9.14-2.1+deb13u3_arm64.deb ...
2026-09-16T23:03:29.2661878Z #21 3.990 Unpacking libxml2:arm64 (2.12.7+dfsg+really2.9.14-2.1+deb13u3) ...
2026-09-16T23:03:29.2662426Z #21 4.029 Selecting previously unselected package libz3-4:arm64.
2026-09-16T23:03:29.2662875Z #21 4.031 Preparing to unpack .../01-libz3-4_4.13.3-1_arm64.deb ...
2026-09-16T23:03:29.2663263Z #21 4.032 Unpacking libz3-4:arm64 (4.13.3-1) ...
2026-09-16T23:03:29.4340263Z #21 4.351 Selecting previously unselected package libllvm19:arm64.
2026-09-16T23:03:29.5877984Z #21 4.353 Preparing to unpack .../02-libllvm19_1%3a19.1.7-3+b1_arm64.deb ...
2026-09-16T23:03:29.5884659Z #21 4.354 Unpacking libllvm19:arm64 (1:19.1.7-3+b1) ...
2026-09-16T23:03:29.9847041Z #21 4.902 Selecting previously unselected package libclang-cpp19.
2026-09-16T23:03:30.1383755Z #21 4.904 Preparing to unpack .../03-libclang-cpp19_1%3a19.1.7-3+b1_arm64.deb ...
2026-09-16T23:03:30.1384654Z #21 4.905 Unpacking libclang-cpp19 (1:19.1.7-3+b1) ...
2026-09-16T23:03:30.3094228Z #21 5.227 Selecting previously unselected package libgc1:arm64.
2026-09-16T23:03:30.4443170Z #21 5.228 Preparing to unpack .../04-libgc1_1%3a8.2.8-1_arm64.deb ...
2026-09-16T23:03:30.4443643Z #21 5.230 Unpacking libgc1:arm64 (1:8.2.8-1) ...
2026-09-16T23:03:30.4444354Z #21 5.251 Selecting previously unselected package libobjc4:arm64.
2026-09-16T23:03:30.4444817Z #21 5.253 Preparing to unpack .../05-libobjc4_14.2.0-19_arm64.deb ...
2026-09-16T23:03:30.4445241Z #21 5.254 Unpacking libobjc4:arm64 (14.2.0-19) ...
2026-09-16T23:03:30.4445772Z #21 5.269 Selecting previously unselected package libobjc-14-dev:arm64.
2026-09-16T23:03:30.4446250Z #21 5.270 Preparing to unpack .../06-libobjc-14-dev_14.2.0-19_arm64.deb ...
2026-09-16T23:03:30.4446672Z #21 5.271 Unpacking libobjc-14-dev:arm64 (14.2.0-19) ...
2026-09-16T23:03:30.4447204Z #21 5.294 Selecting previously unselected package libclang-common-19-dev:arm64.
2026-09-16T23:03:30.4447755Z #21 5.296 Preparing to unpack .../07-libclang-common-19-dev_1%3a19.1.7-3+b1_arm64.deb ...
2026-09-16T23:03:30.4448380Z #21 5.297 Unpacking libclang-common-19-dev:arm64 (1:19.1.7-3+b1) ...
2026-09-16T23:03:30.4448858Z #21 5.362 Selecting previously unselected package llvm-19-linker-tools.
2026-09-16T23:03:30.6642937Z #21 5.364 Preparing to unpack .../08-llvm-19-linker-tools_1%3a19.1.7-3+b1_arm64.deb ...
2026-09-16T23:03:30.6643772Z #21 5.365 Unpacking llvm-19-linker-tools (1:19.1.7-3+b1) ...
2026-09-16T23:03:30.6644400Z #21 5.428 Selecting previously unselected package libclang1-19.
2026-09-16T23:03:30.6644919Z #21 5.430 Preparing to unpack .../09-libclang1-19_1%3a19.1.7-3+b1_arm64.deb ...
2026-09-16T23:03:30.6645364Z #21 5.431 Unpacking libclang1-19 (1:19.1.7-3+b1) ...
2026-09-16T23:03:30.7797086Z #21 5.697 Selecting previously unselected package clang-19.
2026-09-16T23:03:30.8860350Z #21 5.699 Preparing to unpack .../10-clang-19_1%3a19.1.7-3+b1_arm64.deb ...
2026-09-16T23:03:30.8861201Z #21 5.700 Unpacking clang-19 (1:19.1.7-3+b1) ...
2026-09-16T23:03:30.8861619Z #21 5.718 Selecting previously unselected package clang.
2026-09-16T23:03:30.8862056Z #21 5.720 Preparing to unpack .../11-clang_1%3a19.0-63_arm64.deb ...
2026-09-16T23:03:30.8862491Z #21 5.721 Unpacking clang (1:19.0-63) ...
2026-09-16T23:03:30.8862908Z #21 5.736 Selecting previously unselected package libencode-locale-perl.
2026-09-16T23:03:30.8863429Z #21 5.737 Preparing to unpack .../12-libencode-locale-perl_1.05-3_all.deb ...
2026-09-16T23:03:30.8866081Z #21 5.738 Unpacking libencode-locale-perl (1.05-3) ...
2026-09-16T23:03:30.8866510Z #21 5.752 Selecting previously unselected package libtimedate-perl.
2026-09-16T23:03:30.8867117Z #21 5.753 Preparing to unpack .../13-libtimedate-perl_2.3300-2_all.deb ...
2026-09-16T23:03:30.8867604Z #21 5.754 Unpacking libtimedate-perl (2.3300-2) ...
2026-09-16T23:03:30.8868042Z #21 5.771 Selecting previously unselected package libhttp-date-perl.
2026-09-16T23:03:30.8868517Z #21 5.773 Preparing to unpack .../14-libhttp-date-perl_6.06-1_all.deb ...
2026-09-16T23:03:30.8868940Z #21 5.775 Unpacking libhttp-date-perl (6.06-1) ...
2026-09-16T23:03:30.8869396Z #21 5.788 Selecting previously unselected package libfile-listing-perl.
2026-09-16T23:03:30.8869911Z #21 5.789 Preparing to unpack .../15-libfile-listing-perl_6.16-1_all.deb ...
2026-09-16T23:03:30.8870327Z #21 5.791 Unpacking libfile-listing-perl (6.16-1) ...
2026-09-16T23:03:30.8871096Z #21 5.803 Selecting previously unselected package libhtml-tagset-perl.
2026-09-16T23:03:30.9867448Z #21 5.805 Preparing to unpack .../16-libhtml-tagset-perl_3.24-1_all.deb ...
2026-09-16T23:03:30.9868417Z #21 5.806 Unpacking libhtml-tagset-perl (3.24-1) ...
2026-09-16T23:03:30.9868838Z #21 5.820 Selecting previously unselected package liburi-perl.
2026-09-16T23:03:30.9869279Z #21 5.822 Preparing to unpack .../17-liburi-perl_5.30-1_all.deb ...
2026-09-16T23:03:30.9869807Z #21 5.823 Unpacking liburi-perl (5.30-1) ...
2026-09-16T23:03:30.9870217Z #21 5.842 Selecting previously unselected package libhtml-parser-perl:arm64.
2026-09-16T23:03:30.9871175Z #21 5.844 Preparing to unpack .../18-libhtml-parser-perl_3.83-2~deb13u1_arm64.deb ...
2026-09-16T23:03:30.9871691Z #21 5.845 Unpacking libhtml-parser-perl:arm64 (3.83-2~deb13u1) ...
2026-09-16T23:03:30.9872169Z #21 5.862 Selecting previously unselected package libhtml-tree-perl.
2026-09-16T23:03:30.9872764Z #21 5.864 Preparing to unpack .../19-libhtml-tree-perl_5.07-3_all.deb ...
2026-09-16T23:03:30.9873195Z #21 5.865 Unpacking libhtml-tree-perl (5.07-3) ...
2026-09-16T23:03:30.9873661Z #21 5.886 Selecting previously unselected package libclone-perl:arm64.
2026-09-16T23:03:30.9874317Z #21 5.888 Preparing to unpack .../20-libclone-perl_0.47-1+b1_arm64.deb ...
2026-09-16T23:03:30.9874781Z #21 5.889 Unpacking libclone-perl:arm64 (0.47-1+b1) ...
2026-09-16T23:03:30.9876051Z #21 5.902 Selecting previously unselected package libio-html-perl.
2026-09-16T23:03:30.9876544Z #21 5.904 Preparing to unpack .../21-libio-html-perl_1.004-3_all.deb ...
2026-09-16T23:03:31.0870983Z #21 5.905 Unpacking libio-html-perl (1.004-3) ...
2026-09-16T23:03:31.0871904Z #21 5.919 Selecting previously unselected package liblwp-mediatypes-perl.
2026-09-16T23:03:31.0872499Z #21 5.921 Preparing to unpack .../22-liblwp-mediatypes-perl_6.04-2_all.deb ...
2026-09-16T23:03:31.0873555Z #21 5.922 Unpacking liblwp-mediatypes-perl (6.04-2) ...
2026-09-16T23:03:31.0875187Z #21 5.936 Selecting previously unselected package libhttp-message-perl.
2026-09-16T23:03:31.0876036Z #21 5.938 Preparing to unpack .../23-libhttp-message-perl_7.00-2_all.deb ...
2026-09-16T23:03:31.0876649Z #21 5.939 Unpacking libhttp-message-perl (7.00-2) ...
2026-09-16T23:03:31.0877083Z #21 5.955 Selecting previously unselected package libhttp-cookies-perl.
2026-09-16T23:03:31.0877686Z #21 5.956 Preparing to unpack .../24-libhttp-cookies-perl_6.11-1_all.deb ...
2026-09-16T23:03:31.0878117Z #21 5.957 Unpacking libhttp-cookies-perl (6.11-1) ...
2026-09-16T23:03:31.0878583Z #21 5.970 Selecting previously unselected package libhttp-negotiate-perl.
2026-09-16T23:03:31.0879202Z #21 5.972 Preparing to unpack .../25-libhttp-negotiate-perl_6.01-2_all.deb ...
2026-09-16T23:03:31.0879660Z #21 5.973 Unpacking libhttp-negotiate-perl (6.01-2) ...
2026-09-16T23:03:31.0880177Z #21 5.986 Selecting previously unselected package perl-openssl-defaults:arm64.
2026-09-16T23:03:31.0880694Z #21 5.988 Preparing to unpack .../26-perl-openssl-defaults_7+b2_arm64.deb ...
2026-09-16T23:03:31.0881179Z #21 5.989 Unpacking perl-openssl-defaults:arm64 (7+b2) ...
2026-09-16T23:03:31.0882011Z #21 6.002 Selecting previously unselected package libnet-ssleay-perl:arm64.
2026-09-16T23:03:31.0882509Z #21 6.004 Preparing to unpack .../27-libnet-ssleay-perl_1.94-3_arm64.deb ...
2026-09-16T23:03:31.0883009Z #21 6.005 Unpacking libnet-ssleay-perl:arm64 (1.94-3) ...
2026-09-16T23:03:31.1872044Z #21 6.031 Selecting previously unselected package libio-socket-ssl-perl.
2026-09-16T23:03:31.1873084Z #21 6.033 Preparing to unpack .../28-libio-socket-ssl-perl_2.089-1_all.deb ...
2026-09-16T23:03:31.1874996Z #21 6.034 Unpacking libio-socket-ssl-perl (2.089-1) ...
2026-09-16T23:03:31.1875785Z #21 6.055 Selecting previously unselected package libnet-http-perl.
2026-09-16T23:03:31.1876615Z #21 6.057 Preparing to unpack .../29-libnet-http-perl_6.23-1_all.deb ...
2026-09-16T23:03:31.1880864Z #21 6.058 Unpacking libnet-http-perl (6.23-1) ...
2026-09-16T23:03:31.1881326Z #21 6.072 Selecting previously unselected package liblwp-protocol-https-perl.
2026-09-16T23:03:31.1882019Z #21 6.073 Preparing to unpack .../30-liblwp-protocol-https-perl_6.14-1_all.deb ...
2026-09-16T23:03:31.1882553Z #21 6.075 Unpacking liblwp-protocol-https-perl (6.14-1) ...
2026-09-16T23:03:31.1883052Z #21 6.087 Selecting previously unselected package libtry-tiny-perl.
2026-09-16T23:03:31.1883512Z #21 6.089 Preparing to unpack .../31-libtry-tiny-perl_0.32-1_all.deb ...
2026-09-16T23:03:31.1884119Z #21 6.090 Unpacking libtry-tiny-perl (0.32-1) ...
2026-09-16T23:03:31.1884625Z #21 6.103 Selecting previously unselected package libwww-robotrules-perl.
2026-09-16T23:03:31.1885478Z #21 6.105 Preparing to unpack .../32-libwww-robotrules-perl_6.02-1_all.deb ...
2026-09-16T23:03:31.2910875Z #21 6.106 Unpacking libwww-robotrules-perl (6.02-1) ...
2026-09-16T23:03:31.2911696Z #21 6.119 Selecting previously unselected package libwww-perl.
2026-09-16T23:03:31.2912286Z #21 6.121 Preparing to unpack .../33-libwww-perl_6.78-1_all.deb ...
2026-09-16T23:03:31.2912689Z #21 6.122 Unpacking libwww-perl (6.78-1) ...
2026-09-16T23:03:31.2913111Z #21 6.144 Selecting previously unselected package libpng16-16t64:arm64.
2026-09-16T23:03:31.2913642Z #21 6.146 Preparing to unpack .../34-libpng16-16t64_1.6.48-1+deb13u5_arm64.deb ...
2026-09-16T23:03:31.2914247Z #21 6.147 Unpacking libpng16-16t64:arm64 (1.6.48-1+deb13u5) ...
2026-09-16T23:03:31.2914639Z #21 6.169 Selecting previously unselected package icoutils.
2026-09-16T23:03:31.2915166Z #21 6.170 Preparing to unpack .../35-icoutils_0.32.3-6_arm64.deb ...
2026-09-16T23:03:31.2915549Z #21 6.172 Unpacking icoutils (0.32.3-6) ...
2026-09-16T23:03:31.2916005Z #21 6.189 Selecting previously unselected package libpfm4:arm64.
2026-09-16T23:03:31.2916483Z #21 6.190 Preparing to unpack .../36-libpfm4_4.13.0+git99-gc5587f9-1_arm64.deb ...
2026-09-16T23:03:31.2917036Z #21 6.191 Unpacking libpfm4:arm64 (4.13.0+git99-gc5587f9-1) ...
2026-09-16T23:03:31.2917481Z #21 6.208 Selecting previously unselected package lld-19.
2026-09-16T23:03:31.4153818Z #21 6.210 Preparing to unpack .../37-lld-19_1%3a19.1.7-3+b1_arm64.deb ...
2026-09-16T23:03:31.4154596Z #21 6.211 Unpacking lld-19 (1:19.1.7-3+b1) ...
2026-09-16T23:03:31.4155119Z #21 6.280 Selecting previously unselected package lld:arm64.
2026-09-16T23:03:31.4155530Z #21 6.282 Preparing to unpack .../38-lld_1%3a19.0-63_arm64.deb ...
2026-09-16T23:03:31.4155948Z #21 6.283 Unpacking lld:arm64 (1:19.0-63) ...
2026-09-16T23:03:31.4156317Z #21 6.296 Selecting previously unselected package llvm-19-runtime.
2026-09-16T23:03:31.4156848Z #21 6.298 Preparing to unpack .../39-llvm-19-runtime_1%3a19.1.7-3+b1_arm64.deb ...
2026-09-16T23:03:31.4157350Z #21 6.299 Unpacking llvm-19-runtime (1:19.1.7-3+b1) ...
2026-09-16T23:03:31.4157764Z #21 6.333 Selecting previously unselected package llvm-runtime:arm64.
2026-09-16T23:03:31.5842890Z #21 6.334 Preparing to unpack .../40-llvm-runtime_1%3a19.0-63_arm64.deb ...
2026-09-16T23:03:31.5843418Z #21 6.335 Unpacking llvm-runtime:arm64 (1:19.0-63) ...
2026-09-16T23:03:31.5843803Z #21 6.348 Selecting previously unselected package llvm-19.
2026-09-16T23:03:31.5844963Z #21 6.349 Preparing to unpack .../41-llvm-19_1%3a19.1.7-3+b1_arm64.deb ...
2026-09-16T23:03:31.5845377Z #21 6.351 Unpacking llvm-19 (1:19.1.7-3+b1) ...
2026-09-16T23:03:31.8364344Z #21 6.754 Selecting previously unselected package llvm.
2026-09-16T23:03:31.9378308Z #21 6.756 Preparing to unpack .../42-llvm_1%3a19.0-63_arm64.deb ...
2026-09-16T23:03:31.9379039Z #21 6.758 Unpacking llvm (1:19.0-63) ...
2026-09-16T23:03:31.9380715Z #21 6.784 Setting up libclang-common-19-dev:arm64 (1:19.1.7-3+b1) ...
2026-09-16T23:03:31.9381375Z #21 6.786 Setting up libclone-perl:arm64 (0.47-1+b1) ...
2026-09-16T23:03:31.9381799Z #21 6.789 Setting up libhtml-tagset-perl (3.24-1) ...
2026-09-16T23:03:31.9382292Z #21 6.791 Setting up liblwp-mediatypes-perl (6.04-2) ...
2026-09-16T23:03:31.9382697Z #21 6.793 Setting up libtry-tiny-perl (0.32-1) ...
2026-09-16T23:03:31.9383081Z #21 6.795 Setting up perl-openssl-defaults:arm64 (7+b2) ...
2026-09-16T23:03:31.9383560Z #21 6.797 Setting up libencode-locale-perl (1.05-3) ...
2026-09-16T23:03:31.9384094Z #21 6.799 Setting up libz3-4:arm64 (4.13.3-1) ...
2026-09-16T23:03:31.9384555Z #21 6.801 Setting up libpfm4:arm64 (4.13.0+git99-gc5587f9-1) ...
2026-09-16T23:03:31.9384975Z #21 6.803 Setting up libpng16-16t64:arm64 (1.6.48-1+deb13u5) ...
2026-09-16T23:03:31.9385351Z #21 6.805 Setting up libio-html-perl (1.004-3) ...
2026-09-16T23:03:31.9385742Z #21 6.808 Setting up libgc1:arm64 (1:8.2.8-1) ...
2026-09-16T23:03:31.9386089Z #21 6.810 Setting up libtimedate-perl (2.3300-2) ...
2026-09-16T23:03:31.9386876Z #21 6.812 Setting up libxml2:arm64 (2.12.7+dfsg+really2.9.14-2.1+deb13u3) ...
2026-09-16T23:03:31.9387427Z #21 6.814 Setting up liburi-perl (5.30-1) ...
2026-09-16T23:03:31.9387786Z #21 6.816 Setting up libnet-ssleay-perl:arm64 (1.94-3) ...
2026-09-16T23:03:31.9388217Z #21 6.819 Setting up libllvm19:arm64 (1:19.1.7-3+b1) ...
2026-09-16T23:03:31.9388623Z #21 6.821 Setting up libhttp-date-perl (6.06-1) ...
2026-09-16T23:03:31.9388983Z #21 6.823 Setting up libfile-listing-perl (6.16-1) ...
2026-09-16T23:03:31.9389412Z #21 6.825 Setting up libclang1-19 (1:19.1.7-3+b1) ...
2026-09-16T23:03:31.9389769Z #21 6.827 Setting up libnet-http-perl (6.23-1) ...
2026-09-16T23:03:31.9390207Z #21 6.829 Setting up libobjc4:arm64 (14.2.0-19) ...
2026-09-16T23:03:31.9390608Z #21 6.831 Setting up libobjc-14-dev:arm64 (14.2.0-19) ...
2026-09-16T23:03:31.9390978Z #21 6.834 Setting up libwww-robotrules-perl (6.02-1) ...
2026-09-16T23:03:31.9391446Z #21 6.836 Setting up libhtml-parser-perl:arm64 (3.83-2~deb13u1) ...
2026-09-16T23:03:31.9391872Z #21 6.838 Setting up llvm-19-linker-tools (1:19.1.7-3+b1) ...
2026-09-16T23:03:31.9392290Z #21 6.840 Setting up llvm-19-runtime (1:19.1.7-3+b1) ...
2026-09-16T23:03:31.9392687Z #21 6.844 Setting up lld-19 (1:19.1.7-3+b1) ...
2026-09-16T23:03:31.9393039Z #21 6.846 Setting up libio-socket-ssl-perl (2.089-1) ...
2026-09-16T23:03:31.9393449Z #21 6.849 Setting up libclang-cpp19 (1:19.1.7-3+b1) ...
2026-09-16T23:03:31.9394023Z #21 6.851 Setting up libhttp-message-perl (7.00-2) ...
2026-09-16T23:03:31.9394480Z #21 6.853 Setting up libhttp-negotiate-perl (6.01-2) ...
2026-09-16T23:03:31.9394908Z #21 6.855 Setting up libhttp-cookies-perl (6.11-1) ...
2026-09-16T23:03:32.1225273Z #21 6.858 Setting up lld:arm64 (1:19.0-63) ...
2026-09-16T23:03:32.1226022Z #21 6.860 Setting up libhtml-tree-perl (5.07-3) ...
2026-09-16T23:03:32.1226388Z #21 6.862 Setting up clang-19 (1:19.1.7-3+b1) ...
2026-09-16T23:03:32.1226701Z #21 6.865 Setting up clang (1:19.0-63) ...
2026-09-16T23:03:32.1227115Z #21 6.874 Setting up llvm-runtime:arm64 (1:19.0-63) ...
2026-09-16T23:03:32.1227537Z #21 6.877 Setting up llvm-19 (1:19.1.7-3+b1) ...
2026-09-16T23:03:32.1227886Z #21 6.879 Setting up llvm (1:19.0-63) ...
2026-09-16T23:03:32.1228231Z #21 6.882 Setting up liblwp-protocol-https-perl (6.14-1) ...
2026-09-16T23:03:32.1228588Z #21 6.884 Setting up libwww-perl (6.78-1) ...
2026-09-16T23:03:32.1228955Z #21 6.887 Setting up icoutils (0.32.3-6) ...
2026-09-16T23:03:32.1229358Z #21 6.889 Processing triggers for libc-bin (2.41-12+deb13u3) ...
2026-09-16T23:03:33.2241069Z #21 DONE 8.1s
2026-09-16T23:03:33.3751852Z 
2026-09-16T23:03:33.3753819Z #22 [build 4/6] RUN --mount=type=cache,sharing=locked,id=moby-build-aptlib,target=/var/lib/apt     --mount=type=cache,sharing=locked,id=moby-build-aptcache,target=/var/cache/apt         xx-apt-get install --no-install-recommends -y             gcc             libc6-dev             linux-libc-dev             libnftables-dev             libseccomp-dev             libsystemd-dev             pkg-config
2026-09-16T23:03:33.3847603Z #22 0.160 Hit:1 http://deb.debian.org/debian trixie InRelease
2026-09-16T23:03:33.5585045Z #22 0.161 Hit:2 http://deb.debian.org/debian trixie-updates InRelease
2026-09-16T23:03:33.5585792Z #22 0.169 Hit:3 http://deb.debian.org/debian-security trixie-security InRelease
2026-09-16T23:03:33.8990098Z #22 0.183 Reading package lists...
2026-09-16T23:03:34.0671032Z #22 0.686 + apt-get  install --no-install-recommends -y gcc libc6-dev linux-libc-dev libnftables-dev libseccomp-dev libsystemd-dev pkg-config
2026-09-16T23:03:34.4263060Z #22 0.692 Reading package lists...
2026-09-16T23:03:34.6064678Z #22 1.211 Building dependency tree...
2026-09-16T23:03:34.6065449Z #22 1.382 Reading state information...
2026-09-16T23:03:34.8428674Z #22 1.618 gcc is already the newest version (4:14.2.0-1).
2026-09-16T23:03:34.8429880Z #22 1.618 linux-libc-dev is already the newest version (6.12.107-1).
2026-09-16T23:03:34.8431052Z #22 1.618 pkg-config is already the newest version (1.8.1-4).
2026-09-16T23:03:34.8432249Z #22 1.618 The following additional packages will be installed:
2026-09-16T23:03:34.8433478Z #22 1.618   libc-bin libc-dev-bin libc6 libcap-dev libcap2 libmnl0 libnftables1
2026-09-16T23:03:34.9652142Z #22 1.619   libnftnl11 libxtables12
2026-09-16T23:03:34.9653086Z #22 1.620 Suggested packages:
2026-09-16T23:03:34.9653546Z #22 1.620   manpages-dev seccomp
2026-09-16T23:03:34.9654259Z #22 1.695 The following NEW packages will be installed:
2026-09-16T23:03:34.9655010Z #22 1.696   libcap-dev libmnl0 libnftables-dev libnftables1 libnftnl11 libseccomp-dev
2026-09-16T23:03:34.9655585Z #22 1.696   libsystemd-dev libxtables12
2026-09-16T23:03:34.9656131Z #22 1.697 The following packages will be upgraded:
2026-09-16T23:03:34.9656613Z #22 1.698   libc-bin libc-dev-bin libc6 libc6-dev libcap2
2026-09-16T23:03:34.9657194Z #22 1.740 5 upgraded, 8 newly installed, 0 to remove and 29 not upgraded.
2026-09-16T23:03:34.9657751Z #22 1.740 Need to get 7114 kB of archives.
2026-09-16T23:03:34.9658310Z #22 1.740 After this operation, 12.9 MB of additional disk space will be used.
2026-09-16T23:03:34.9659154Z #22 1.740 Get:1 http://deb.debian.org/debian trixie/main arm64 libc6-dev arm64 2.41-12+deb13u4 [1624 kB]
2026-09-16T23:03:35.0673464Z #22 1.791 Get:2 http://deb.debian.org/debian trixie/main arm64 libc-dev-bin arm64 2.41-12+deb13u4 [59.1 kB]
2026-09-16T23:03:35.0674642Z #22 1.801 Get:3 http://deb.debian.org/debian trixie/main arm64 libc6 arm64 2.41-12+deb13u4 [2484 kB]
2026-09-16T23:03:35.0675397Z #22 1.821 Get:4 http://deb.debian.org/debian trixie/main arm64 libc-bin arm64 2.41-12+deb13u4 [552 kB]
2026-09-16T23:03:35.0676064Z #22 1.822 Get:5 http://deb.debian.org/debian trixie/main arm64 libcap2 arm64 1:2.75-10+deb13u1+b3 [28.6 kB]
2026-09-16T23:03:35.0676817Z #22 1.831 Get:6 http://deb.debian.org/debian trixie/main arm64 libcap-dev arm64 1:2.75-10+deb13u1+b3 [471 kB]
2026-09-16T23:03:35.0677544Z #22 1.843 Get:7 http://deb.debian.org/debian trixie/main arm64 libmnl0 arm64 1.0.5-3 [11.9 kB]
2026-09-16T23:03:35.2411519Z #22 1.848 Get:8 http://deb.debian.org/debian trixie/main arm64 libnftnl11 arm64 1.2.9-1 [60.6 kB]
2026-09-16T23:03:35.2412451Z #22 1.850 Get:9 http://deb.debian.org/debian trixie/main arm64 libxtables12 arm64 1.8.11-2 [30.6 kB]
2026-09-16T23:03:35.2413190Z #22 1.859 Get:10 http://deb.debian.org/debian trixie/main arm64 libnftables1 arm64 1.1.3-1 [310 kB]
2026-09-16T23:03:35.2414259Z #22 1.860 Get:11 http://deb.debian.org/debian trixie/main arm64 libnftables-dev arm64 1.1.3-1 [13.9 kB]
2026-09-16T23:03:35.2415668Z #22 1.862 Get:12 http://deb.debian.org/debian trixie/main arm64 libseccomp-dev arm64 2.6.0-2 [96.0 kB]
2026-09-16T23:03:35.2416580Z #22 1.872 Get:13 http://deb.debian.org/debian trixie/main arm64 libsystemd-dev arm64 257.13-1~deb13u1 [1373 kB]
2026-09-16T23:03:35.2417313Z #22 2.016 debconf: unable to initialize frontend: Dialog
2026-09-16T23:03:35.2417865Z #22 2.016 debconf: (TERM is not set, so the dialog frontend is not usable.)
2026-09-16T23:03:35.2418534Z #22 2.016 debconf: falling back to frontend: Readline
2026-09-16T23:03:35.4017544Z #22 2.022 debconf: unable to initialize frontend: Readline
2026-09-16T23:03:35.4018044Z #22 2.022 debconf: (This frontend requires a controlling tty.)
2026-09-16T23:03:35.4018740Z #22 2.022 debconf: falling back to frontend: Teletype
2026-09-16T23:03:35.4019204Z #22 2.026 debconf: unable to initialize frontend: Teletype
2026-09-16T23:03:35.4019604Z #22 2.026 debconf: (This frontend requires a controlling tty.)
2026-09-16T23:03:35.4020074Z #22 2.026 debconf: falling back to frontend: Noninteractive
2026-09-16T23:03:35.7801736Z #22 2.555 Preconfiguring packages ...
2026-09-16T23:03:36.0083014Z #22 2.609 Fetched 7114 kB in 0s (41.0 MB/s)
2026-09-16T23:03:36.0083477Z #22 2.622 (Reading database ... 
2026-09-16T23:03:36.0084282Z (Reading database ... 5%
2026-09-16T23:03:36.0084565Z (Reading database ... 10%
2026-09-16T23:03:36.0084893Z (Reading database ... 15%
2026-09-16T23:03:36.0085218Z (Reading database ... 20%
2026-09-16T23:03:36.0085483Z (Reading database ... 25%
2026-09-16T23:03:36.0085800Z (Reading database ... 30%
2026-09-16T23:03:36.0086470Z (Reading database ... 35%
2026-09-16T23:03:36.0086744Z (Reading database ... 40%
2026-09-16T23:03:36.0087426Z (Reading database ... 45%
2026-09-16T23:03:36.0087704Z (Reading database ... 50%
2026-09-16T23:03:36.0088034Z (Reading database ... 55%
2026-09-16T23:03:36.0088493Z (Reading database ... 60%
2026-09-16T23:03:36.0088781Z (Reading database ... 65%
2026-09-16T23:03:36.0089393Z (Reading database ... 70%
2026-09-16T23:03:36.0089665Z (Reading database ... 75%
2026-09-16T23:03:36.0089963Z (Reading database ... 80%
2026-09-16T23:03:36.0090237Z (Reading database ... 85%
2026-09-16T23:03:36.0090497Z (Reading database ... 90%
2026-09-16T23:03:36.0091038Z (Reading database ... 95%
2026-09-16T23:03:36.0091317Z (Reading database ... 100%
2026-09-16T23:03:36.0091735Z (Reading database ... 18235 files and directories currently installed.)
2026-09-16T23:03:36.0092239Z #22 2.630 Preparing to unpack .../libc6-dev_2.41-12+deb13u4_arm64.deb ...
2026-09-16T23:03:36.0092744Z #22 2.633 Unpacking libc6-dev:arm64 (2.41-12+deb13u4) over (2.41-12+deb13u3) ...
2026-09-16T23:03:36.3267865Z #22 3.102 Preparing to unpack .../libc-dev-bin_2.41-12+deb13u4_arm64.deb ...
2026-09-16T23:03:36.4546016Z #22 3.105 Unpacking libc-dev-bin (2.41-12+deb13u4) over (2.41-12+deb13u3) ...
2026-09-16T23:03:36.4546748Z #22 3.130 Preparing to unpack .../libc6_2.41-12+deb13u4_arm64.deb ...
2026-09-16T23:03:36.4547300Z #22 3.186 debconf: unable to initialize frontend: Dialog
2026-09-16T23:03:36.4547708Z #22 3.186 debconf: (TERM is not set, so the dialog frontend is not usable.)
2026-09-16T23:03:36.4548181Z #22 3.186 debconf: falling back to frontend: Readline
2026-09-16T23:03:36.4548564Z #22 3.191 debconf: unable to initialize frontend: Readline
2026-09-16T23:03:36.4548999Z #22 3.191 debconf: (This frontend requires a controlling tty.)
2026-09-16T23:03:36.4549420Z #22 3.191 debconf: falling back to frontend: Teletype
2026-09-16T23:03:36.4549787Z #22 3.196 debconf: unable to initialize frontend: Teletype
2026-09-16T23:03:36.4550241Z #22 3.196 debconf: (This frontend requires a controlling tty.)
2026-09-16T23:03:36.4550640Z #22 3.196 debconf: falling back to frontend: Noninteractive
2026-09-16T23:03:36.4551186Z #22 3.230 Unpacking libc6:arm64 (2.41-12+deb13u4) over (2.41-12+deb13u3) ...
2026-09-16T23:03:36.8554558Z #22 3.631 Setting up libc6:arm64 (2.41-12+deb13u4) ...
2026-09-16T23:03:36.9567348Z #22 3.682 debconf: unable to initialize frontend: Dialog
2026-09-16T23:03:36.9568658Z #22 3.682 debconf: (TERM is not set, so the dialog frontend is not usable.)
2026-09-16T23:03:36.9569669Z #22 3.682 debconf: falling back to frontend: Readline
2026-09-16T23:03:36.9570135Z #22 3.688 debconf: unable to initialize frontend: Readline
2026-09-16T23:03:36.9570538Z #22 3.688 debconf: (This frontend requires a controlling tty.)
2026-09-16T23:03:36.9571091Z #22 3.688 debconf: falling back to frontend: Teletype
2026-09-16T23:03:36.9571468Z #22 3.692 debconf: unable to initialize frontend: Teletype
2026-09-16T23:03:36.9571967Z #22 3.692 debconf: (This frontend requires a controlling tty.)
2026-09-16T23:03:36.9574272Z #22 3.692 debconf: falling back to frontend: Noninteractive
2026-09-16T23:03:36.9574647Z #22 3.729 (Reading database ... 
2026-09-16T23:03:36.9575084Z (Reading database ... 5%
2026-09-16T23:03:36.9575348Z (Reading database ... 10%
2026-09-16T23:03:36.9575690Z (Reading database ... 15%
2026-09-16T23:03:36.9576385Z (Reading database ... 20%
2026-09-16T23:03:36.9576738Z (Reading database ... 25%
2026-09-16T23:03:36.9577292Z (Reading database ... 30%
2026-09-16T23:03:36.9577569Z (Reading database ... 35%
2026-09-16T23:03:36.9577925Z (Reading database ... 40%
2026-09-16T23:03:36.9578221Z (Reading database ... 45%
2026-09-16T23:03:36.9578481Z (Reading database ... 50%
2026-09-16T23:03:36.9578779Z (Reading database ... 55%
2026-09-16T23:03:36.9579107Z (Reading database ... 60%
2026-09-16T23:03:36.9579390Z (Reading database ... 65%
2026-09-16T23:03:36.9579700Z (Reading database ... 70%
2026-09-16T23:03:37.0571710Z (Reading database ... 75%
2026-09-16T23:03:37.0573308Z (Reading database ... 80%
2026-09-16T23:03:37.0573711Z (Reading database ... 85%
2026-09-16T23:03:37.0574232Z (Reading database ... 90%
2026-09-16T23:03:37.0575067Z (Reading database ... 95%
2026-09-16T23:03:37.0575363Z (Reading database ... 100%
2026-09-16T23:03:37.0576308Z (Reading database ... 18236 files and directories currently installed.)
2026-09-16T23:03:37.0577160Z #22 3.737 Preparing to unpack .../libc-bin_2.41-12+deb13u4_arm64.deb ...
2026-09-16T23:03:37.0577816Z #22 3.739 Unpacking libc-bin (2.41-12+deb13u4) over (2.41-12+deb13u3) ...
2026-09-16T23:03:37.0578314Z #22 3.801 Setting up libc-bin (2.41-12+deb13u4) ...
2026-09-16T23:03:37.1807348Z #22 3.832 (Reading database ... 
2026-09-16T23:03:37.1808232Z (Reading database ... 5%
2026-09-16T23:03:37.1809086Z (Reading database ... 10%
2026-09-16T23:03:37.1809836Z (Reading database ... 15%
2026-09-16T23:03:37.1810423Z (Reading database ... 20%
2026-09-16T23:03:37.1810695Z (Reading database ... 25%
2026-09-16T23:03:37.1811257Z (Reading database ... 30%
2026-09-16T23:03:37.1811574Z (Reading database ... 35%
2026-09-16T23:03:37.1812028Z (Reading database ... 40%
2026-09-16T23:03:37.1812387Z (Reading database ... 45%
2026-09-16T23:03:37.1814193Z (Reading database ... 50%
2026-09-16T23:03:37.1814620Z (Reading database ... 55%
2026-09-16T23:03:37.1814905Z (Reading database ... 60%
2026-09-16T23:03:37.1815164Z (Reading database ... 65%
2026-09-16T23:03:37.1815501Z (Reading database ... 70%
2026-09-16T23:03:37.1815760Z (Reading database ... 75%
2026-09-16T23:03:37.1816047Z (Reading database ... 80%
2026-09-16T23:03:37.1817590Z (Reading database ... 85%
2026-09-16T23:03:37.1817877Z (Reading database ... 90%
2026-09-16T23:03:37.1818239Z (Reading database ... 95%
2026-09-16T23:03:37.1818506Z (Reading database ... 100%
2026-09-16T23:03:37.1818893Z (Reading database ... 18236 files and directories currently installed.)
2026-09-16T23:03:37.1819455Z #22 3.840 Preparing to unpack .../libcap2_1%3a2.75-10+deb13u1+b3_arm64.deb ...
2026-09-16T23:03:37.1820023Z #22 3.843 Unpacking libcap2:arm64 (1:2.75-10+deb13u1+b3) over (1:2.75-10+deb13u1+b1) ...
2026-09-16T23:03:37.1820552Z #22 3.867 Setting up libcap2:arm64 (1:2.75-10+deb13u1+b3) ...
2026-09-16T23:03:37.1820997Z #22 3.884 Selecting previously unselected package libcap-dev:arm64.
2026-09-16T23:03:37.1821412Z #22 3.884 (Reading database ... 
2026-09-16T23:03:37.1821759Z (Reading database ... 5%
2026-09-16T23:03:37.1822373Z (Reading database ... 10%
2026-09-16T23:03:37.1822692Z (Reading database ... 15%
2026-09-16T23:03:37.1822977Z (Reading database ... 20%
2026-09-16T23:03:37.1823456Z (Reading database ... 25%
2026-09-16T23:03:37.1823971Z (Reading database ... 30%
2026-09-16T23:03:37.1824280Z (Reading database ... 35%
2026-09-16T23:03:37.1824535Z (Reading database ... 40%
2026-09-16T23:03:37.1824853Z (Reading database ... 45%
2026-09-16T23:03:37.1825178Z (Reading database ... 50%
2026-09-16T23:03:37.1825468Z (Reading database ... 55%
2026-09-16T23:03:37.1825725Z (Reading database ... 60%
2026-09-16T23:03:37.1825981Z (Reading database ... 65%
2026-09-16T23:03:37.1826288Z (Reading database ... 70%
2026-09-16T23:03:37.1826581Z (Reading database ... 75%
2026-09-16T23:03:37.1826866Z (Reading database ... 80%
2026-09-16T23:03:37.1827141Z (Reading database ... 85%
2026-09-16T23:03:37.1827397Z (Reading database ... 90%
2026-09-16T23:03:37.1827705Z (Reading database ... 95%
2026-09-16T23:03:37.1828031Z (Reading database ... 100%
2026-09-16T23:03:37.1828416Z (Reading database ... 18236 files and directories currently installed.)
2026-09-16T23:03:37.1828942Z #22 3.893 Preparing to unpack .../0-libcap-dev_1%3a2.75-10+deb13u1+b3_arm64.deb ...
2026-09-16T23:03:37.1829411Z #22 3.895 Unpacking libcap-dev:arm64 (1:2.75-10+deb13u1+b3) ...
2026-09-16T23:03:37.1829868Z #22 3.956 Selecting previously unselected package libmnl0:arm64.
2026-09-16T23:03:37.1830327Z #22 3.956 Preparing to unpack .../1-libmnl0_1.0.5-3_arm64.deb ...
2026-09-16T23:03:37.2927133Z #22 3.960 Unpacking libmnl0:arm64 (1.0.5-3) ...
2026-09-16T23:03:37.2930321Z #22 3.984 Selecting previously unselected package libnftnl11:arm64.
2026-09-16T23:03:37.2931409Z #22 3.986 Preparing to unpack .../2-libnftnl11_1.2.9-1_arm64.deb ...
2026-09-16T23:03:37.2931999Z #22 3.987 Unpacking libnftnl11:arm64 (1.2.9-1) ...
2026-09-16T23:03:37.2932420Z #22 4.003 Selecting previously unselected package libxtables12:arm64.
2026-09-16T23:03:37.2932984Z #22 4.005 Preparing to unpack .../3-libxtables12_1.8.11-2_arm64.deb ...
2026-09-16T23:03:37.2933483Z #22 4.006 Unpacking libxtables12:arm64 (1.8.11-2) ...
2026-09-16T23:03:37.2934129Z #22 4.022 Selecting previously unselected package libnftables1:arm64.
2026-09-16T23:03:37.2934701Z #22 4.023 Preparing to unpack .../4-libnftables1_1.1.3-1_arm64.deb ...
2026-09-16T23:03:37.2935130Z #22 4.025 Unpacking libnftables1:arm64 (1.1.3-1) ...
2026-09-16T23:03:37.2935581Z #22 4.052 Selecting previously unselected package libnftables-dev:arm64.
2026-09-16T23:03:37.2936124Z #22 4.054 Preparing to unpack .../5-libnftables-dev_1.1.3-1_arm64.deb ...
2026-09-16T23:03:37.2936556Z #22 4.055 Unpacking libnftables-dev:arm64 (1.1.3-1) ...
2026-09-16T23:03:37.2937002Z #22 4.068 Selecting previously unselected package libseccomp-dev:arm64.
2026-09-16T23:03:37.4298223Z #22 4.070 Preparing to unpack .../6-libseccomp-dev_2.6.0-2_arm64.deb ...
2026-09-16T23:03:37.4298985Z #22 4.071 Unpacking libseccomp-dev:arm64 (2.6.0-2) ...
2026-09-16T23:03:37.4299902Z #22 4.090 Selecting previously unselected package libsystemd-dev:arm64.
2026-09-16T23:03:37.4301030Z #22 4.091 Preparing to unpack .../7-libsystemd-dev_257.13-1~deb13u1_arm64.deb ...
2026-09-16T23:03:37.4301690Z #22 4.093 Unpacking libsystemd-dev:arm64 (257.13-1~deb13u1) ...
2026-09-16T23:03:37.4302108Z #22 4.205 Setting up libseccomp-dev:arm64 (2.6.0-2) ...
2026-09-16T23:03:37.5485875Z #22 4.207 Setting up libmnl0:arm64 (1.0.5-3) ...
2026-09-16T23:03:37.5486952Z #22 4.210 Setting up libxtables12:arm64 (1.8.11-2) ...
2026-09-16T23:03:37.5487521Z #22 4.212 Setting up libc-dev-bin (2.41-12+deb13u4) ...
2026-09-16T23:03:37.5488702Z #22 4.214 Setting up libcap-dev:arm64 (1:2.75-10+deb13u1+b3) ...
2026-09-16T23:03:37.5492159Z #22 4.216 Setting up libsystemd-dev:arm64 (257.13-1~deb13u1) ...
2026-09-16T23:03:37.5493143Z #22 4.218 Setting up libnftnl11:arm64 (1.2.9-1) ...
2026-09-16T23:03:37.5494681Z #22 4.220 Setting up libc6-dev:arm64 (2.41-12+deb13u4) ...
2026-09-16T23:03:37.5495091Z #22 4.222 Setting up libnftables1:arm64 (1.1.3-1) ...
2026-09-16T23:03:37.5495996Z #22 4.225 Setting up libnftables-dev:arm64 (1.1.3-1) ...
2026-09-16T23:03:37.5496403Z #22 4.228 Processing triggers for libc-bin (2.41-12+deb13u4) ...
2026-09-16T23:03:37.5496848Z #22 DONE 4.3s
2026-09-16T23:03:37.7347740Z 
2026-09-16T23:03:37.7350527Z #23 [build 5/6] RUN <<EOT (set -ex...)
2026-09-16T23:03:37.7351425Z #23 0.041 + xx-info arch
2026-09-16T23:03:37.7351931Z #23 0.045 + [ arm64 = arm64 ]
2026-09-16T23:03:37.7352272Z #23 0.045 + XX_CC_PREFER_LINKER=ld xx-clang --setup-target-triple
2026-09-16T23:03:37.7352744Z #23 DONE 0.1s
2026-09-16T23:03:37.7352892Z 
2026-09-16T23:03:37.7353317Z #24 [build 6/6] RUN --mount=type=bind,target=.,rw     --mount=type=cache,target=/root/.cache/go-build,id=moby-build-linux/arm64 <<EOT (set -e...)
2026-09-16T23:03:37.7354268Z #24 0.108 + xx-go --wrap
2026-09-16T23:03:37.9051153Z #24 0.128 + xx-go env PKG_CONFIG
2026-09-16T23:03:37.9699657Z #24 0.344 + PKG_CONFIG=aarch64-linux-gnu-pkg-config ./hack/make.sh binary
2026-09-16T23:03:38.0499662Z #24 0.347 
2026-09-16T23:03:38.0500185Z #24 0.352 Removing /tmp/bundles/
2026-09-16T23:03:38.0500870Z #24 0.353 
2026-09-16T23:03:38.0501285Z #24 0.358 ---> Making bundle: binary (in /tmp/bundles/binary)
2026-09-16T23:03:38.0502433Z #24 0.386 Building static /tmp/bundles/binary-daemon/dockerd (linux/arm64)...
2026-09-16T23:03:38.0503502Z #24 0.391 go: inconsistent vendoring in /usr/src/moby:
2026-09-16T23:03:38.0504372Z #24 0.391 	github.com/hashicorp/memberlist@v0.7.0: is explicitly required in go.mod, but not marked as explicit in vendor/modules.txt
2026-09-16T23:03:38.0505829Z #24 0.391 	github.com/hashicorp/memberlist@v0.6.0: is marked as explicit in vendor/modules.txt, but not explicitly required in go.mod
2026-09-16T23:03:38.0506435Z #24 0.391 
2026-09-16T23:03:38.0506866Z #24 0.391 	To ignore the vendor directory, use -mod=readonly or -mod=mod.
2026-09-16T23:03:38.0507851Z #24 0.391 	To sync the vendor directory, run:
2026-09-16T23:03:38.0508527Z #24 0.391 		go mod vendor
2026-09-16T23:03:38.0511033Z #24 ERROR: process "/bin/sh -c   set -e\n\n  target=dynbinary\n  verify_flags=\n  exe_suffix=\n  if [ \"$DOCKER_STATIC\" = \"1\" ]; then\n      target=binary\n      verify_flags=--static\n  fi\n  if [ \"$(xx-info os)\" = \"windows\" ]; then\n      exe_suffix=.exe\n  fi\n\n  set -x\n  xx-go --wrap\n  PKG_CONFIG=$(xx-go env PKG_CONFIG) ./hack/make.sh \"$target\"\n  xx-verify $verify_flags \"/tmp/bundles/${target}-daemon/dockerd${exe_suffix}\"\n  if [ \"$(xx-info os)\" = \"linux\" ]; then\n      xx-verify $verify_flags \"/tmp/bundles/${target}-daemon/docker-proxy\"\n  fi\n  mkdir /build\n  mv /tmp/bundles/${target}-daemon/* /build/\n" did not complete successfully: exit code: 1
2026-09-16T23:03:38.0513775Z ------
2026-09-16T23:03:38.0514556Z  > [build 6/6] RUN --mount=type=bind,target=.,rw     --mount=type=cache,target=/root/.cache/go-build,id=moby-build-linux/arm64 <<EOT (set -e...):
2026-09-16T23:03:38.0515179Z 0.353 
2026-09-16T23:03:38.0515450Z 0.358 ---> Making bundle: binary (in /tmp/bundles/binary)
2026-09-16T23:03:38.0515977Z 0.386 Building static /tmp/bundles/binary-daemon/dockerd (linux/arm64)...
2026-09-16T23:03:38.0516410Z 0.391 go: inconsistent vendoring in /usr/src/moby:
2026-09-16T23:03:38.0517076Z 0.391 	github.com/hashicorp/memberlist@v0.7.0: is explicitly required in go.mod, but not marked as explicit in vendor/modules.txt
2026-09-16T23:03:38.0517919Z 0.391 	github.com/hashicorp/memberlist@v0.6.0: is marked as explicit in vendor/modules.txt, but not explicitly required in go.mod
2026-09-16T23:03:38.0518468Z 0.391 
2026-09-16T23:03:38.0518808Z 0.391 	To ignore the vendor directory, use -mod=readonly or -mod=mod.
2026-09-16T23:03:38.0519215Z 0.391 	To sync the vendor directory, run:
2026-09-16T23:03:38.0519768Z 0.391 		go mod vendor
2026-09-16T23:03:38.0520007Z ------
2026-09-16T23:03:38.0520229Z Dockerfile:575
2026-09-16T23:03:38.0520517Z --------------------
2026-09-16T23:03:38.0520789Z  574 |     EOT
2026-09-16T23:03:38.0521154Z  575 | >>> RUN --mount=type=bind,target=.,rw \
2026-09-16T23:03:38.0522000Z  576 | >>>     --mount=type=cache,target=/root/.cache/go-build,id=moby-build-$TARGETPLATFORM <<EOT
2026-09-16T23:03:38.0522459Z  577 | >>>   set -e
2026-09-16T23:03:38.0522738Z  578 | >>> 
2026-09-16T23:03:38.0523029Z  579 | >>>   target=dynbinary
2026-09-16T23:03:38.0523330Z  580 | >>>   verify_flags=
2026-09-16T23:03:38.0523595Z  581 | >>>   exe_suffix=
2026-09-16T23:03:38.0538710Z  582 | >>>   if [ "$DOCKER_STATIC" = "1" ]; then
2026-09-16T23:03:38.0539425Z  583 | >>>       target=binary
2026-09-16T23:03:38.0539717Z  584 | >>>       verify_flags=--static
2026-09-16T23:03:38.0540085Z  585 | >>>   fi
2026-09-16T23:03:38.0540413Z  586 | >>>   if [ "$(xx-info os)" = "windows" ]; then
2026-09-16T23:03:38.0540735Z  587 | >>>       exe_suffix=.exe
2026-09-16T23:03:38.0541058Z  588 | >>>   fi
2026-09-16T23:03:38.0541282Z  589 | >>> 
2026-09-16T23:03:38.0541526Z  590 | >>>   set -x
2026-09-16T23:03:38.0541820Z  591 | >>>   xx-go --wrap
2026-09-16T23:03:38.0542160Z  592 | >>>   PKG_CONFIG=$(xx-go env PKG_CONFIG) ./hack/make.sh "$target"
2026-09-16T23:03:38.0542692Z  593 | >>>   xx-verify $verify_flags "/tmp/bundles/${target}-daemon/dockerd${exe_suffix}"
2026-09-16T23:03:38.0543155Z  594 | >>>   if [ "$(xx-info os)" = "linux" ]; then
2026-09-16T23:03:38.0543614Z  595 | >>>       xx-verify $verify_flags "/tmp/bundles/${target}-daemon/docker-proxy"
2026-09-16T23:03:38.0544249Z  596 | >>>   fi
2026-09-16T23:03:38.0544505Z  597 | >>>   mkdir /build
2026-09-16T23:03:38.0544818Z  598 | >>>   mv /tmp/bundles/${target}-daemon/* /build/
2026-09-16T23:03:38.0545151Z  599 | >>> EOT
2026-09-16T23:03:38.0545403Z  600 |     
2026-09-16T23:03:38.0545934Z --------------------
2026-09-16T23:03:38.0547994Z ERROR: failed to solve: process "/bin/sh -c   set -e\n\n  target=dynbinary\n  verify_flags=\n  exe_suffix=\n  if [ \"$DOCKER_STATIC\" = \"1\" ]; then\n      target=binary\n      verify_flags=--static\n  fi\n  if [ \"$(xx-info os)\" = \"windows\" ]; then\n      exe_suffix=.exe\n  fi\n\n  set -x\n  xx-go --wrap\n  PKG_CONFIG=$(xx-go env PKG_CONFIG) ./hack/make.sh \"$target\"\n  xx-verify $verify_flags \"/tmp/bundles/${target}-daemon/dockerd${exe_suffix}\"\n  if [ \"$(xx-info os)\" = \"linux\" ]; then\n      xx-verify $verify_flags \"/tmp/bundles/${target}-daemon/docker-proxy\"\n  fi\n  mkdir /build\n  mv /tmp/bundles/${target}-daemon/* /build/\n" did not complete successfully: exit code: 1
2026-09-16T23:03:38.0741152Z ##[group]Build references
2026-09-16T23:03:38.1632946Z builder-4a7bc595-951e-40dd-8970-e83b5e5d2786/builder-4a7bc595-951e-40dd-8970-e83b5e5d27860/f27xqg8u9kfd1mdqm1yp14jv5
2026-09-16T23:03:38.1634709Z ##[endgroup]
2026-09-16T23:03:38.1636091Z ##[group]Check build summary support
2026-09-16T23:03:38.1638704Z Build summary supported!
2026-09-16T23:03:38.1639532Z ##[endgroup]
2026-09-16T23:03:38.1650551Z ##[error]buildx bake failed with: ERROR: failed to solve: process "/bin/sh -c   set -e\n\n  target=dynbinary\n  verify_flags=\n  exe_suffix=\n  if [ \"$DOCKER_STATIC\" = \"1\" ]; then\n      target=binary\n      verify_flags=--static\n  fi\n  if [ \"$(xx-info os)\" = \"windows\" ]; then\n      exe_suffix=.exe\n  fi\n\n  set -x\n  xx-go --wrap\n  PKG_CONFIG=$(xx-go env PKG_CONFIG) ./hack/make.sh \"$target\"\n  xx-verify $verify_flags \"/tmp/bundles/${target}-daemon/dockerd${exe_suffix}\"\n  if [ \"$(xx-info os)\" = \"linux\" ]; then\n      xx-verify $verify_flags \"/tmp/bundles/${target}-daemon/docker-proxy\"\n  fi\n  mkdir /build\n  mv /tmp/bundles/${target}-daemon/* /build/\n" did not complete successfully: exit code: 1
2026-09-16T23:03:38.1869502Z Post job cleanup.
2026-09-16T23:03:38.3827704Z ##[group]Generating build summary
2026-09-16T23:03:38.4376746Z exporting build record to /home/runner/work/_temp/docker-actions-toolkit-i7V2pS/export
2026-09-16T23:03:38.5328932Z [command]/usr/bin/docker buildx history export --builder builder-4a7bc595-951e-40dd-8970-e83b5e5d2786 --output /home/runner/work/_temp/docker-actions-toolkit-i7V2pS/export/moby~moby~F27XQG.dockerbuild f27xqg8u9kfd1mdqm1yp14jv5 --finalize
2026-09-16T23:03:38.7207884Z Build records written to /home/runner/work/_temp/docker-actions-toolkit-i7V2pS/export/moby~moby~F27XQG.dockerbuild (59.94 KB)
2026-09-16T23:03:38.7211443Z Uploading moby~moby~F27XQG.dockerbuild as an artifact
2026-09-16T23:03:38.7217089Z Artifact name is valid!
2026-09-16T23:03:38.7217661Z Root directory input is valid!
2026-09-16T23:03:39.0509313Z Uploading artifact: moby~moby~F27XQG.dockerbuild
2026-09-16T23:03:39.0544710Z Beginning upload of artifact content to blob storage
2026-09-16T23:03:39.3673103Z Uploaded bytes 61380
2026-09-16T23:03:39.4228249Z Finished uploading artifact content to blob storage!
2026-09-16T23:03:39.4229049Z SHA256 digest of uploaded artifact is 721d5b19ec82855ebfd035b2e75cc9f30cb52fbb9329bb4ddd671990925a3147
2026-09-16T23:03:39.4229836Z Finalizing artifact upload
2026-09-16T23:03:39.7799323Z Artifact moby~moby~F27XQG.dockerbuild successfully finalized. Artifact ID 10472488226
2026-09-16T23:03:39.7801036Z Artifact download URL: https://github.com/moby/moby/actions/runs/35160471879/artifacts/10472488226
2026-09-16T23:03:39.7831566Z Writing summary
2026-09-16T23:03:39.7844508Z ##[endgroup]
2026-09-16T23:03:39.7845179Z ##[group]Removing temp folder /home/runner/work/_temp/docker-actions-toolkit-Ygj9nH
2026-09-16T23:03:39.7846502Z ##[endgroup]
2026-09-16T23:03:39.7846958Z ##[group]Post cache
2026-09-16T23:03:39.7847957Z State not set
2026-09-16T23:03:39.7848592Z ##[endgroup]
2026-09-16T23:03:39.8019026Z Post job cleanup.
2026-09-16T23:03:39.9561824Z ##[group]BuildKit container logs
2026-09-16T23:03:39.9598227Z [command]/usr/bin/docker logs buildx_buildkit_builder-4a7bc595-951e-40dd-8970-e83b5e5d27860
2026-09-16T23:03:39.9741052Z time="2026-09-16T23:02:36Z" level=info msg="auto snapshotter: using overlayfs"
2026-09-16T23:03:39.9741888Z time="2026-09-16T23:02:36Z" level=warning msg="using host network as the default"
2026-09-16T23:03:39.9743206Z time="2026-09-16T23:02:36Z" level=debug msg="could not read \"/var/lib/buildkit/net/proxy\" for cleanup: open /var/lib/buildkit/net/proxy: no such file or directory"
2026-09-16T23:03:39.9744649Z time="2026-09-16T23:02:36Z" level=warning msg="failed check for fsverity support" error="enable fsverity failed: operation not supported" path=/var/lib/buildkit/runc-overlayfs/content
2026-09-16T23:03:39.9747203Z time="2026-09-16T23:02:36Z" level=info msg="found worker \"we8s0kpxoblbt76zkesfgurh7\", labels=map[org.mobyproject.buildkit.worker.executor:oci org.mobyproject.buildkit.worker.hostname:4ab0a984cf63 org.mobyproject.buildkit.worker.network:host org.mobyproject.buildkit.worker.oci.process-mode:sandbox org.mobyproject.buildkit.worker.selinux.enabled:false org.mobyproject.buildkit.worker.snapshotter:overlayfs], platforms=[linux/arm64 linux/arm/v7 linux/arm/v6]"
2026-09-16T23:03:39.9749321Z time="2026-09-16T23:02:36Z" level=warning msg="skipping containerd worker, as \"/run/containerd/containerd.sock\" does not exist"
2026-09-16T23:03:39.9750136Z time="2026-09-16T23:02:36Z" level=info msg="found 1 workers, default=\"we8s0kpxoblbt76zkesfgurh7\""
2026-09-16T23:03:39.9750795Z time="2026-09-16T23:02:36Z" level=warning msg="currently, only the default worker can be used."
2026-09-16T23:03:39.9751449Z time="2026-09-16T23:02:36Z" level=info msg="running server on /run/buildkit/buildkitd.sock"
2026-09-16T23:03:39.9752152Z time="2026-09-16T23:02:36Z" level=debug msg="session started" spanID=e150367cb357d906 traceID=f84ca12f59e7e735d8b3a874b931f651
2026-09-16T23:03:39.9753229Z time="2026-09-16T23:02:41Z" level=debug msg="reset healthcheck failure" actualDuration=1.043645ms spanID=e150367cb357d906 timeout=15s traceID=f84ca12f59e7e735d8b3a874b931f651
2026-09-16T23:03:39.9754762Z time="2026-09-16T23:02:46Z" level=debug msg="reset healthcheck failure" actualDuration=1.511768ms spanID=e150367cb357d906 timeout=15s traceID=f84ca12f59e7e735d8b3a874b931f651
2026-09-16T23:03:39.9755968Z time="2026-09-16T23:02:51Z" level=debug msg="reset healthcheck failure" actualDuration=1.345603ms spanID=e150367cb357d906 timeout=15s traceID=f84ca12f59e7e735d8b3a874b931f651
2026-09-16T23:03:39.9757543Z time="2026-09-16T23:02:56Z" level=debug msg="reset healthcheck failure" actualDuration=1.114665ms spanID=e150367cb357d906 timeout=15s traceID=f84ca12f59e7e735d8b3a874b931f651
2026-09-16T23:03:39.9759017Z time="2026-09-16T23:02:58Z" level=error msg="/moby.buildkit.v1.frontend.LLBBridge/StatFile returned error: rpc error: code = Unknown desc = lstat compose.yaml: no such file or directory" spanID=f3e52835cf233b0a traceID=f84ca12f59e7e735d8b3a874b931f651
2026-09-16T23:03:39.9760191Z lstat compose.yaml: no such file or directory
2026-09-16T23:03:39.9760798Z 7 v0.33.0 /usr/bin/buildkitd --debug --allow-insecure-entitlement=network.host
2026-09-16T23:03:39.9761299Z github.com/tonistiigi/fsutil.Stat
2026-09-16T23:03:39.9761637Z 	/src/vendor/github.com/tonistiigi/fsutil/stat.go:61
2026-09-16T23:03:39.9762131Z github.com/moby/buildkit/cache/util.StatFile
2026-09-16T23:03:39.9762465Z 	/src/cache/util/fsutil.go:107
2026-09-16T23:03:39.9762882Z github.com/moby/buildkit/frontend/gateway.(*llbBridgeForwarder).StatFile
2026-09-16T23:03:39.9763346Z 	/src/frontend/gateway/gateway.go:995
2026-09-16T23:03:39.9763795Z github.com/moby/buildkit/control/gateway.(*GatewayForwarder).StatFile
2026-09-16T23:03:39.9764937Z 	/src/control/gateway/gateway.go:135
2026-09-16T23:03:39.9765389Z github.com/moby/buildkit/frontend/gateway/pb._LLBBridge_StatFile_Handler.func1
2026-09-16T23:03:39.9766272Z 	/src/frontend/gateway/pb/gateway_grpc.pb.go:469
2026-09-16T23:03:39.9766710Z google.golang.org/grpc.getChainUnaryHandler.func1
2026-09-16T23:03:39.9767131Z 	/src/vendor/google.golang.org/grpc/server.go:1256
2026-09-16T23:03:39.9767538Z main.unaryInterceptor
2026-09-16T23:03:39.9767805Z 	/src/cmd/buildkitd/main.go:803
2026-09-16T23:03:39.9768365Z google.golang.org/grpc.NewServer.chainUnaryServerInterceptors.chainUnaryInterceptors.func1
2026-09-16T23:03:39.9768919Z 	/src/vendor/google.golang.org/grpc/server.go:1247
2026-09-16T23:03:39.9769393Z github.com/moby/buildkit/frontend/gateway/pb._LLBBridge_StatFile_Handler
2026-09-16T23:03:39.9769892Z 	/src/frontend/gateway/pb/gateway_grpc.pb.go:471
2026-09-16T23:03:39.9770294Z google.golang.org/grpc.(*Server).processUnaryRPC
2026-09-16T23:03:39.9770699Z 	/src/vendor/google.golang.org/grpc/server.go:1443
2026-09-16T23:03:39.9771099Z google.golang.org/grpc.(*Server).handleStream
2026-09-16T23:03:39.9771449Z 	/src/vendor/google.golang.org/grpc/server.go:1858
2026-09-16T23:03:39.9771908Z google.golang.org/grpc.(*Server).serveStreams.func2.1
2026-09-16T23:03:39.9772297Z 	/src/vendor/google.golang.org/grpc/server.go:1078
2026-09-16T23:03:39.9772668Z runtime.goexit
2026-09-16T23:03:39.9772958Z 	/usr/local/go/src/runtime/asm_arm64.s:1447
2026-09-16T23:03:39.9773180Z 
2026-09-16T23:03:39.9773452Z 7 v0.33.0 /usr/bin/buildkitd --debug --allow-insecure-entitlement=network.host
2026-09-16T23:03:39.9774355Z main.unaryInterceptor
2026-09-16T23:03:39.9774635Z 	/src/cmd/buildkitd/main.go:807
2026-09-16T23:03:39.9775212Z google.golang.org/grpc.NewServer.chainUnaryServerInterceptors.chainUnaryInterceptors.func1
2026-09-16T23:03:39.9775823Z 	/src/vendor/google.golang.org/grpc/server.go:1247
2026-09-16T23:03:39.9776044Z 
2026-09-16T23:03:39.9776325Z 7 v0.33.0 /usr/bin/buildkitd --debug --allow-insecure-entitlement=network.host
2026-09-16T23:03:39.9776794Z github.com/moby/buildkit/cache/util.StatFile
2026-09-16T23:03:39.9777138Z 	/src/cache/util/fsutil.go:113
2026-09-16T23:03:39.9777598Z github.com/moby/buildkit/frontend/gateway.(*llbBridgeForwarder).StatFile
2026-09-16T23:03:39.9778071Z 	/src/frontend/gateway/gateway.go:995
2026-09-16T23:03:39.9778271Z 
2026-09-16T23:03:39.9779083Z time="2026-09-16T23:02:58Z" level=error msg="/moby.buildkit.v1.frontend.LLBBridge/StatFile returned error: rpc error: code = Unknown desc = lstat compose.yml: no such file or directory" spanID=22200d222b15ff19 traceID=f84ca12f59e7e735d8b3a874b931f651
2026-09-16T23:03:39.9780074Z lstat compose.yml: no such file or directory
2026-09-16T23:03:39.9780505Z 7 v0.33.0 /usr/bin/buildkitd --debug --allow-insecure-entitlement=network.host
2026-09-16T23:03:39.9781269Z github.com/tonistiigi/fsutil.Stat
2026-09-16T23:03:39.9781635Z 	/src/vendor/github.com/tonistiigi/fsutil/stat.go:61
2026-09-16T23:03:39.9782039Z github.com/moby/buildkit/cache/util.StatFile
2026-09-16T23:03:39.9782371Z 	/src/cache/util/fsutil.go:107
2026-09-16T23:03:39.9782746Z github.com/moby/buildkit/frontend/gateway.(*llbBridgeForwarder).StatFile
2026-09-16T23:03:39.9783284Z 	/src/frontend/gateway/gateway.go:995
2026-09-16T23:03:39.9783695Z github.com/moby/buildkit/control/gateway.(*GatewayForwarder).StatFile
2026-09-16T23:03:39.9786408Z 	/src/control/gateway/gateway.go:135
2026-09-16T23:03:39.9786898Z github.com/moby/buildkit/frontend/gateway/pb._LLBBridge_StatFile_Handler.func1
2026-09-16T23:03:39.9787430Z 	/src/frontend/gateway/pb/gateway_grpc.pb.go:469
2026-09-16T23:03:39.9787873Z google.golang.org/grpc.getChainUnaryHandler.func1
2026-09-16T23:03:39.9788252Z 	/src/vendor/google.golang.org/grpc/server.go:1256
2026-09-16T23:03:39.9788657Z main.unaryInterceptor
2026-09-16T23:03:39.9788946Z 	/src/cmd/buildkitd/main.go:803
2026-09-16T23:03:39.9789512Z google.golang.org/grpc.NewServer.chainUnaryServerInterceptors.chainUnaryInterceptors.func1
2026-09-16T23:03:39.9790082Z 	/src/vendor/google.golang.org/grpc/server.go:1247
2026-09-16T23:03:39.9790541Z github.com/moby/buildkit/frontend/gateway/pb._LLBBridge_StatFile_Handler
2026-09-16T23:03:39.9791318Z 	/src/frontend/gateway/pb/gateway_grpc.pb.go:471
2026-09-16T23:03:39.9791711Z google.golang.org/grpc.(*Server).processUnaryRPC
2026-09-16T23:03:39.9792159Z 	/src/vendor/google.golang.org/grpc/server.go:1443
2026-09-16T23:03:39.9792564Z google.golang.org/grpc.(*Server).handleStream
2026-09-16T23:03:39.9792910Z 	/src/vendor/google.golang.org/grpc/server.go:1858
2026-09-16T23:03:39.9793349Z google.golang.org/grpc.(*Server).serveStreams.func2.1
2026-09-16T23:03:39.9793732Z 	/src/vendor/google.golang.org/grpc/server.go:1078
2026-09-16T23:03:39.9798204Z runtime.goexit
2026-09-16T23:03:39.9798541Z 	/usr/local/go/src/runtime/asm_arm64.s:1447
2026-09-16T23:03:39.9798784Z 
2026-09-16T23:03:39.9799063Z 7 v0.33.0 /usr/bin/buildkitd --debug --allow-insecure-entitlement=network.host
2026-09-16T23:03:39.9799510Z main.unaryInterceptor
2026-09-16T23:03:39.9799789Z 	/src/cmd/buildkitd/main.go:807
2026-09-16T23:03:39.9800332Z google.golang.org/grpc.NewServer.chainUnaryServerInterceptors.chainUnaryInterceptors.func1
2026-09-16T23:03:39.9800927Z 	/src/vendor/google.golang.org/grpc/server.go:1247
2026-09-16T23:03:39.9801159Z 
2026-09-16T23:03:39.9801445Z 7 v0.33.0 /usr/bin/buildkitd --debug --allow-insecure-entitlement=network.host
2026-09-16T23:03:39.9801896Z github.com/moby/buildkit/cache/util.StatFile
2026-09-16T23:03:39.9802216Z 	/src/cache/util/fsutil.go:113
2026-09-16T23:03:39.9802670Z github.com/moby/buildkit/frontend/gateway.(*llbBridgeForwarder).StatFile
2026-09-16T23:03:39.9803163Z 	/src/frontend/gateway/gateway.go:995
2026-09-16T23:03:39.9803338Z 
2026-09-16T23:03:39.9804445Z time="2026-09-16T23:02:58Z" level=error msg="/moby.buildkit.v1.frontend.LLBBridge/StatFile returned error: rpc error: code = Unknown desc = lstat docker-compose.yml: no such file or directory" spanID=b4dd121f30b27f12 traceID=f84ca12f59e7e735d8b3a874b931f651
2026-09-16T23:03:39.9805500Z lstat docker-compose.yml: no such file or directory
2026-09-16T23:03:39.9806016Z 7 v0.33.0 /usr/bin/buildkitd --debug --allow-insecure-entitlement=network.host
2026-09-16T23:03:39.9806523Z github.com/tonistiigi/fsutil.Stat
2026-09-16T23:03:39.9806861Z 	/src/vendor/github.com/tonistiigi/fsutil/stat.go:61
2026-09-16T23:03:39.9807264Z github.com/moby/buildkit/cache/util.StatFile
2026-09-16T23:03:39.9807611Z 	/src/cache/util/fsutil.go:107
2026-09-16T23:03:39.9808029Z github.com/moby/buildkit/frontend/gateway.(*llbBridgeForwarder).StatFile
2026-09-16T23:03:39.9808499Z 	/src/frontend/gateway/gateway.go:995
2026-09-16T23:03:39.9808903Z github.com/moby/buildkit/control/gateway.(*GatewayForwarder).StatFile
2026-09-16T23:03:39.9809381Z 	/src/control/gateway/gateway.go:135
2026-09-16T23:03:39.9809811Z github.com/moby/buildkit/frontend/gateway/pb._LLBBridge_StatFile_Handler.func1
2026-09-16T23:03:39.9810592Z 	/src/frontend/gateway/pb/gateway_grpc.pb.go:469
2026-09-16T23:03:39.9811022Z google.golang.org/grpc.getChainUnaryHandler.func1
2026-09-16T23:03:39.9811417Z 	/src/vendor/google.golang.org/grpc/server.go:1256
2026-09-16T23:03:39.9811804Z main.unaryInterceptor
2026-09-16T23:03:39.9812073Z 	/src/cmd/buildkitd/main.go:803
2026-09-16T23:03:39.9812594Z google.golang.org/grpc.NewServer.chainUnaryServerInterceptors.chainUnaryInterceptors.func1
2026-09-16T23:03:39.9813223Z 	/src/vendor/google.golang.org/grpc/server.go:1247
2026-09-16T23:03:39.9813656Z github.com/moby/buildkit/frontend/gateway/pb._LLBBridge_StatFile_Handler
2026-09-16T23:03:39.9814587Z 	/src/frontend/gateway/pb/gateway_grpc.pb.go:471
2026-09-16T23:03:39.9815036Z google.golang.org/grpc.(*Server).processUnaryRPC
2026-09-16T23:03:39.9815588Z 	/src/vendor/google.golang.org/grpc/server.go:1443
2026-09-16T23:03:39.9816134Z google.golang.org/grpc.(*Server).handleStream
2026-09-16T23:03:39.9816591Z 	/src/vendor/google.golang.org/grpc/server.go:1858
2026-09-16T23:03:39.9817025Z google.golang.org/grpc.(*Server).serveStreams.func2.1
2026-09-16T23:03:39.9817404Z 	/src/vendor/google.golang.org/grpc/server.go:1078
2026-09-16T23:03:39.9817831Z runtime.goexit
2026-09-16T23:03:39.9818090Z 	/usr/local/go/src/runtime/asm_arm64.s:1447
2026-09-16T23:03:39.9818307Z 
2026-09-16T23:03:39.9818780Z 7 v0.33.0 /usr/bin/buildkitd --debug --allow-insecure-entitlement=network.host
2026-09-16T23:03:39.9819222Z main.unaryInterceptor
2026-09-16T23:03:39.9819523Z 	/src/cmd/buildkitd/main.go:807
2026-09-16T23:03:39.9820081Z google.golang.org/grpc.NewServer.chainUnaryServerInterceptors.chainUnaryInterceptors.func1
2026-09-16T23:03:39.9820658Z 	/src/vendor/google.golang.org/grpc/server.go:1247
2026-09-16T23:03:39.9820869Z 
2026-09-16T23:03:39.9821151Z 7 v0.33.0 /usr/bin/buildkitd --debug --allow-insecure-entitlement=network.host
2026-09-16T23:03:39.9821600Z github.com/moby/buildkit/cache/util.StatFile
2026-09-16T23:03:39.9821962Z 	/src/cache/util/fsutil.go:113
2026-09-16T23:03:39.9822425Z github.com/moby/buildkit/frontend/gateway.(*llbBridgeForwarder).StatFile
2026-09-16T23:03:39.9822858Z 	/src/frontend/gateway/gateway.go:995
2026-09-16T23:03:39.9823088Z 
2026-09-16T23:03:39.9824159Z time="2026-09-16T23:02:58Z" level=error msg="/moby.buildkit.v1.frontend.LLBBridge/StatFile returned error: rpc error: code = Unknown desc = lstat docker-compose.yaml: no such file or directory" spanID=cdd21e78e6804206 traceID=f84ca12f59e7e735d8b3a874b931f651
2026-09-16T23:03:39.9825299Z lstat docker-compose.yaml: no such file or directory
2026-09-16T23:03:39.9825855Z 7 v0.33.0 /usr/bin/buildkitd --debug --allow-insecure-entitlement=network.host
2026-09-16T23:03:39.9826308Z github.com/tonistiigi/fsutil.Stat
2026-09-16T23:03:39.9826639Z 	/src/vendor/github.com/tonistiigi/fsutil/stat.go:61
2026-09-16T23:03:39.9827073Z github.com/moby/buildkit/cache/util.StatFile
2026-09-16T23:03:39.9827436Z 	/src/cache/util/fsutil.go:107
2026-09-16T23:03:39.9827859Z github.com/moby/buildkit/frontend/gateway.(*llbBridgeForwarder).StatFile
2026-09-16T23:03:39.9828329Z 	/src/frontend/gateway/gateway.go:995
2026-09-16T23:03:39.9828723Z github.com/moby/buildkit/control/gateway.(*GatewayForwarder).StatFile
2026-09-16T23:03:39.9829187Z 	/src/control/gateway/gateway.go:135
2026-09-16T23:03:39.9829657Z github.com/moby/buildkit/frontend/gateway/pb._LLBBridge_StatFile_Handler.func1
2026-09-16T23:03:39.9830193Z 	/src/frontend/gateway/pb/gateway_grpc.pb.go:469
2026-09-16T23:03:39.9830569Z google.golang.org/grpc.getChainUnaryHandler.func1
2026-09-16T23:03:39.9830936Z 	/src/vendor/google.golang.org/grpc/server.go:1256
2026-09-16T23:03:39.9831315Z main.unaryInterceptor
2026-09-16T23:03:39.9831632Z 	/src/cmd/buildkitd/main.go:803
2026-09-16T23:03:39.9832152Z google.golang.org/grpc.NewServer.chainUnaryServerInterceptors.chainUnaryInterceptors.func1
2026-09-16T23:03:39.9832704Z 	/src/vendor/google.golang.org/grpc/server.go:1247
2026-09-16T23:03:39.9833144Z github.com/moby/buildkit/frontend/gateway/pb._LLBBridge_StatFile_Handler
2026-09-16T23:03:39.9834183Z 	/src/frontend/gateway/pb/gateway_grpc.pb.go:471
2026-09-16T23:03:39.9834563Z google.golang.org/grpc.(*Server).processUnaryRPC
2026-09-16T23:03:39.9835008Z 	/src/vendor/google.golang.org/grpc/server.go:1443
2026-09-16T23:03:39.9835373Z google.golang.org/grpc.(*Server).handleStream
2026-09-16T23:03:39.9835814Z 	/src/vendor/google.golang.org/grpc/server.go:1858
2026-09-16T23:03:39.9836249Z google.golang.org/grpc.(*Server).serveStreams.func2.1
2026-09-16T23:03:39.9836634Z 	/src/vendor/google.golang.org/grpc/server.go:1078
2026-09-16T23:03:39.9837004Z runtime.goexit
2026-09-16T23:03:39.9837283Z 	/usr/local/go/src/runtime/asm_arm64.s:1447
2026-09-16T23:03:39.9837491Z 
2026-09-16T23:03:39.9837761Z 7 v0.33.0 /usr/bin/buildkitd --debug --allow-insecure-entitlement=network.host
2026-09-16T23:03:39.9838225Z main.unaryInterceptor
2026-09-16T23:03:39.9838488Z 	/src/cmd/buildkitd/main.go:807
2026-09-16T23:03:39.9839040Z google.golang.org/grpc.NewServer.chainUnaryServerInterceptors.chainUnaryInterceptors.func1
2026-09-16T23:03:39.9839597Z 	/src/vendor/google.golang.org/grpc/server.go:1247
2026-09-16T23:03:39.9839828Z 
2026-09-16T23:03:39.9840073Z 7 v0.33.0 /usr/bin/buildkitd --debug --allow-insecure-entitlement=network.host
2026-09-16T23:03:39.9840584Z github.com/moby/buildkit/cache/util.StatFile
2026-09-16T23:03:39.9841087Z 	/src/cache/util/fsutil.go:113
2026-09-16T23:03:39.9841542Z github.com/moby/buildkit/frontend/gateway.(*llbBridgeForwarder).StatFile
2026-09-16T23:03:39.9841968Z 	/src/frontend/gateway/gateway.go:995
2026-09-16T23:03:39.9842167Z 
2026-09-16T23:03:39.9843040Z time="2026-09-16T23:02:58Z" level=error msg="/moby.buildkit.v1.frontend.LLBBridge/StatFile returned error: rpc error: code = Unknown desc = lstat docker-bake.json: no such file or directory" spanID=885b65d9fdfb901c traceID=f84ca12f59e7e735d8b3a874b931f651
2026-09-16T23:03:39.9844380Z lstat docker-bake.json: no such file or directory
2026-09-16T23:03:39.9844835Z 7 v0.33.0 /usr/bin/buildkitd --debug --allow-insecure-entitlement=network.host
2026-09-16T23:03:39.9845413Z github.com/tonistiigi/fsutil.Stat
2026-09-16T23:03:39.9845750Z 	/src/vendor/github.com/tonistiigi/fsutil/stat.go:61
2026-09-16T23:03:39.9846198Z github.com/moby/buildkit/cache/util.StatFile
2026-09-16T23:03:39.9846526Z 	/src/cache/util/fsutil.go:107
2026-09-16T23:03:39.9846973Z github.com/moby/buildkit/frontend/gateway.(*llbBridgeForwarder).StatFile
2026-09-16T23:03:39.9847422Z 	/src/frontend/gateway/gateway.go:995
2026-09-16T23:03:39.9847814Z github.com/moby/buildkit/control/gateway.(*GatewayForwarder).StatFile
2026-09-16T23:03:39.9848300Z 	/src/control/gateway/gateway.go:135
2026-09-16T23:03:39.9848754Z github.com/moby/buildkit/frontend/gateway/pb._LLBBridge_StatFile_Handler.func1
2026-09-16T23:03:39.9849245Z 	/src/frontend/gateway/pb/gateway_grpc.pb.go:469
2026-09-16T23:03:39.9849640Z google.golang.org/grpc.getChainUnaryHandler.func1
2026-09-16T23:03:39.9850051Z 	/src/vendor/google.golang.org/grpc/server.go:1256
2026-09-16T23:03:39.9850463Z main.unaryInterceptor
2026-09-16T23:03:39.9850728Z 	/src/cmd/buildkitd/main.go:803
2026-09-16T23:03:39.9851238Z google.golang.org/grpc.NewServer.chainUnaryServerInterceptors.chainUnaryInterceptors.func1
2026-09-16T23:03:39.9851801Z 	/src/vendor/google.golang.org/grpc/server.go:1247
2026-09-16T23:03:39.9852292Z github.com/moby/buildkit/frontend/gateway/pb._LLBBridge_StatFile_Handler
2026-09-16T23:03:39.9852792Z 	/src/frontend/gateway/pb/gateway_grpc.pb.go:471
2026-09-16T23:03:39.9853158Z google.golang.org/grpc.(*Server).processUnaryRPC
2026-09-16T23:03:39.9853595Z 	/src/vendor/google.golang.org/grpc/server.go:1443
2026-09-16T23:03:39.9854173Z google.golang.org/grpc.(*Server).handleStream
2026-09-16T23:03:39.9854568Z 	/src/vendor/google.golang.org/grpc/server.go:1858
2026-09-16T23:03:39.9855040Z google.golang.org/grpc.(*Server).serveStreams.func2.1
2026-09-16T23:03:39.9855449Z 	/src/vendor/google.golang.org/grpc/server.go:1078
2026-09-16T23:03:39.9855831Z runtime.goexit
2026-09-16T23:03:39.9856356Z 	/usr/local/go/src/runtime/asm_arm64.s:1447
2026-09-16T23:03:39.9856585Z 
2026-09-16T23:03:39.9856789Z 7 v0.33.0 /usr/bin/buildkitd --debug --allow-insecure-entitlement=network.host
2026-09-16T23:03:39.9857318Z main.unaryInterceptor
2026-09-16T23:03:39.9857588Z 	/src/cmd/buildkitd/main.go:807
2026-09-16T23:03:39.9858119Z google.golang.org/grpc.NewServer.chainUnaryServerInterceptors.chainUnaryInterceptors.func1
2026-09-16T23:03:39.9858711Z 	/src/vendor/google.golang.org/grpc/server.go:1247
2026-09-16T23:03:39.9858955Z 
2026-09-16T23:03:39.9859217Z 7 v0.33.0 /usr/bin/buildkitd --debug --allow-insecure-entitlement=network.host
2026-09-16T23:03:39.9859679Z github.com/moby/buildkit/cache/util.StatFile
2026-09-16T23:03:39.9860008Z 	/src/cache/util/fsutil.go:113
2026-09-16T23:03:39.9860457Z github.com/moby/buildkit/frontend/gateway.(*llbBridgeForwarder).StatFile
2026-09-16T23:03:39.9861048Z 	/src/frontend/gateway/gateway.go:995
2026-09-16T23:03:39.9861236Z 
2026-09-16T23:03:39.9862095Z time="2026-09-16T23:02:58Z" level=error msg="/moby.buildkit.v1.frontend.LLBBridge/StatFile returned error: rpc error: code = Unknown desc = lstat docker-bake.override.json: no such file or directory" spanID=c85426f052e38d91 traceID=f84ca12f59e7e735d8b3a874b931f651
2026-09-16T23:03:39.9863204Z lstat docker-bake.override.json: no such file or directory
2026-09-16T23:03:39.9864058Z 7 v0.33.0 /usr/bin/buildkitd --debug --allow-insecure-entitlement=network.host
2026-09-16T23:03:39.9864677Z github.com/tonistiigi/fsutil.Stat
2026-09-16T23:03:39.9865014Z 	/src/vendor/github.com/tonistiigi/fsutil/stat.go:61
2026-09-16T23:03:39.9865440Z github.com/moby/buildkit/cache/util.StatFile
2026-09-16T23:03:39.9865767Z 	/src/cache/util/fsutil.go:107
2026-09-16T23:03:39.9866148Z github.com/moby/buildkit/frontend/gateway.(*llbBridgeForwarder).StatFile
2026-09-16T23:03:39.9866669Z 	/src/frontend/gateway/gateway.go:995
2026-09-16T23:03:39.9867091Z github.com/moby/buildkit/control/gateway.(*GatewayForwarder).StatFile
2026-09-16T23:03:39.9867550Z 	/src/control/gateway/gateway.go:135
2026-09-16T23:03:39.9867978Z github.com/moby/buildkit/frontend/gateway/pb._LLBBridge_StatFile_Handler.func1
2026-09-16T23:03:39.9868438Z 	/src/frontend/gateway/pb/gateway_grpc.pb.go:469
2026-09-16T23:03:39.9868919Z google.golang.org/grpc.getChainUnaryHandler.func1
2026-09-16T23:03:39.9869299Z 	/src/vendor/google.golang.org/grpc/server.go:1256
2026-09-16T23:03:39.9869676Z main.unaryInterceptor
2026-09-16T23:03:39.9869940Z 	/src/cmd/buildkitd/main.go:803
2026-09-16T23:03:39.9870583Z google.golang.org/grpc.NewServer.chainUnaryServerInterceptors.chainUnaryInterceptors.func1
2026-09-16T23:03:39.9871162Z 	/src/vendor/google.golang.org/grpc/server.go:1247
2026-09-16T23:03:39.9871599Z github.com/moby/buildkit/frontend/gateway/pb._LLBBridge_StatFile_Handler
2026-09-16T23:03:39.9872102Z 	/src/frontend/gateway/pb/gateway_grpc.pb.go:471
2026-09-16T23:03:39.9872504Z google.golang.org/grpc.(*Server).processUnaryRPC
2026-09-16T23:03:39.9873032Z 	/src/vendor/google.golang.org/grpc/server.go:1443
2026-09-16T23:03:39.9873408Z google.golang.org/grpc.(*Server).handleStream
2026-09-16T23:03:39.9873766Z 	/src/vendor/google.golang.org/grpc/server.go:1858
2026-09-16T23:03:39.9874495Z google.golang.org/grpc.(*Server).serveStreams.func2.1
2026-09-16T23:03:39.9874886Z 	/src/vendor/google.golang.org/grpc/server.go:1078
2026-09-16T23:03:39.9875284Z runtime.goexit
2026-09-16T23:03:39.9875560Z 	/usr/local/go/src/runtime/asm_arm64.s:1447
2026-09-16T23:03:39.9875782Z 
2026-09-16T23:03:39.9876011Z 7 v0.33.0 /usr/bin/buildkitd --debug --allow-insecure-entitlement=network.host
2026-09-16T23:03:39.9876484Z main.unaryInterceptor
2026-09-16T23:03:39.9876783Z 	/src/cmd/buildkitd/main.go:807
2026-09-16T23:03:39.9877335Z google.golang.org/grpc.NewServer.chainUnaryServerInterceptors.chainUnaryInterceptors.func1
2026-09-16T23:03:39.9877887Z 	/src/vendor/google.golang.org/grpc/server.go:1247
2026-09-16T23:03:39.9878134Z 
2026-09-16T23:03:39.9878336Z 7 v0.33.0 /usr/bin/buildkitd --debug --allow-insecure-entitlement=network.host
2026-09-16T23:03:39.9879061Z github.com/moby/buildkit/cache/util.StatFile
2026-09-16T23:03:39.9879456Z 	/src/cache/util/fsutil.go:113
2026-09-16T23:03:39.9879887Z github.com/moby/buildkit/frontend/gateway.(*llbBridgeForwarder).StatFile
2026-09-16T23:03:39.9880321Z 	/src/frontend/gateway/gateway.go:995
2026-09-16T23:03:39.9880532Z 
2026-09-16T23:03:39.9881374Z time="2026-09-16T23:02:58Z" level=error msg="/moby.buildkit.v1.frontend.LLBBridge/StatFile returned error: rpc error: code = Unknown desc = lstat docker-bake.override.hcl: no such file or directory" spanID=a9c7d121493c6b52 traceID=f84ca12f59e7e735d8b3a874b931f651
2026-09-16T23:03:39.9882524Z lstat docker-bake.override.hcl: no such file or directory
2026-09-16T23:03:39.9883000Z 7 v0.33.0 /usr/bin/buildkitd --debug --allow-insecure-entitlement=network.host
2026-09-16T23:03:39.9883491Z github.com/tonistiigi/fsutil.Stat
2026-09-16T23:03:39.9884063Z 	/src/vendor/github.com/tonistiigi/fsutil/stat.go:61
2026-09-16T23:03:39.9884474Z github.com/moby/buildkit/cache/util.StatFile
2026-09-16T23:03:39.9884861Z 	/src/cache/util/fsutil.go:107
2026-09-16T23:03:39.9885259Z github.com/moby/buildkit/frontend/gateway.(*llbBridgeForwarder).StatFile
2026-09-16T23:03:39.9885767Z 	/src/frontend/gateway/gateway.go:995
2026-09-16T23:03:39.9886166Z github.com/moby/buildkit/control/gateway.(*GatewayForwarder).StatFile
2026-09-16T23:03:39.9886790Z 	/src/control/gateway/gateway.go:135
2026-09-16T23:03:39.9887314Z github.com/moby/buildkit/frontend/gateway/pb._LLBBridge_StatFile_Handler.func1
2026-09-16T23:03:39.9887784Z 	/src/frontend/gateway/pb/gateway_grpc.pb.go:469
2026-09-16T23:03:39.9888223Z google.golang.org/grpc.getChainUnaryHandler.func1
2026-09-16T23:03:39.9888604Z 	/src/vendor/google.golang.org/grpc/server.go:1256
2026-09-16T23:03:39.9889040Z main.unaryInterceptor
2026-09-16T23:03:39.9889314Z 	/src/cmd/buildkitd/main.go:803
2026-09-16T23:03:39.9889795Z google.golang.org/grpc.NewServer.chainUnaryServerInterceptors.chainUnaryInterceptors.func1
2026-09-16T23:03:39.9890402Z 	/src/vendor/google.golang.org/grpc/server.go:1247
2026-09-16T23:03:39.9890867Z github.com/moby/buildkit/frontend/gateway/pb._LLBBridge_StatFile_Handler
2026-09-16T23:03:39.9891379Z 	/src/frontend/gateway/pb/gateway_grpc.pb.go:471
2026-09-16T23:03:39.9891755Z google.golang.org/grpc.(*Server).processUnaryRPC
2026-09-16T23:03:39.9892111Z 	/src/vendor/google.golang.org/grpc/server.go:1443
2026-09-16T23:03:39.9892578Z google.golang.org/grpc.(*Server).handleStream
2026-09-16T23:03:39.9892936Z 	/src/vendor/google.golang.org/grpc/server.go:1858
2026-09-16T23:03:39.9893400Z google.golang.org/grpc.(*Server).serveStreams.func2.1
2026-09-16T23:03:39.9893789Z 	/src/vendor/google.golang.org/grpc/server.go:1078
2026-09-16T23:03:39.9894438Z runtime.goexit
2026-09-16T23:03:39.9894718Z 	/usr/local/go/src/runtime/asm_arm64.s:1447
2026-09-16T23:03:39.9894940Z 
2026-09-16T23:03:39.9895156Z 7 v0.33.0 /usr/bin/buildkitd --debug --allow-insecure-entitlement=network.host
2026-09-16T23:03:39.9895669Z main.unaryInterceptor
2026-09-16T23:03:39.9895971Z 	/src/cmd/buildkitd/main.go:807
2026-09-16T23:03:39.9896486Z google.golang.org/grpc.NewServer.chainUnaryServerInterceptors.chainUnaryInterceptors.func1
2026-09-16T23:03:39.9897054Z 	/src/vendor/google.golang.org/grpc/server.go:1247
2026-09-16T23:03:39.9897589Z 
2026-09-16T23:03:39.9897835Z 7 v0.33.0 /usr/bin/buildkitd --debug --allow-insecure-entitlement=network.host
2026-09-16T23:03:39.9898292Z github.com/moby/buildkit/cache/util.StatFile
2026-09-16T23:03:39.9898616Z 	/src/cache/util/fsutil.go:113
2026-09-16T23:03:39.9899061Z github.com/moby/buildkit/frontend/gateway.(*llbBridgeForwarder).StatFile
2026-09-16T23:03:39.9899554Z 	/src/frontend/gateway/gateway.go:995
2026-09-16T23:03:39.9899731Z 
2026-09-16T23:03:39.9900168Z time="2026-09-16T23:02:58Z" level=debug msg="session finished: <nil>" spanID=e150367cb357d906 traceID=f84ca12f59e7e735d8b3a874b931f651
2026-09-16T23:03:39.9900996Z time="2026-09-16T23:02:58Z" level=debug msg="session started" spanID=4a0c30a703c21807 traceID=2d4d99d6e68fd1955750ff4e2f61be86
2026-09-16T23:03:39.9902469Z time="2026-09-16T23:02:58Z" level=debug msg="load cache for [internal] load git source https://github.com/moby/moby.git#b019f4f1f46955593c7b74f4fd1c61bec4b22eab with we8s0kpxoblbt76zkesfgurh7::lhnr4y5tb43j1z8t19qap6896"
2026-09-16T23:03:39.9904270Z time="2026-09-16T23:02:58Z" level=error msg="/moby.buildkit.v1.frontend.LLBBridge/StatFile returned error: rpc error: code = Unknown desc = lstat compose.yaml: no such file or directory" spanID=88a73347713c0dd9 traceID=2d4d99d6e68fd1955750ff4e2f61be86
2026-09-16T23:03:39.9905349Z lstat compose.yaml: no such file or directory
2026-09-16T23:03:39.9905893Z 7 v0.33.0 /usr/bin/buildkitd --debug --allow-insecure-entitlement=network.host
2026-09-16T23:03:39.9906341Z github.com/tonistiigi/fsutil.Stat
2026-09-16T23:03:39.9906708Z 	/src/vendor/github.com/tonistiigi/fsutil/stat.go:61
2026-09-16T23:03:39.9907088Z github.com/moby/buildkit/cache/util.StatFile
2026-09-16T23:03:39.9907466Z 	/src/cache/util/fsutil.go:107
2026-09-16T23:03:39.9907925Z github.com/moby/buildkit/frontend/gateway.(*llbBridgeForwarder).StatFile
2026-09-16T23:03:39.9908356Z 	/src/frontend/gateway/gateway.go:995
2026-09-16T23:03:39.9908785Z github.com/moby/buildkit/control/gateway.(*GatewayForwarder).StatFile
2026-09-16T23:03:39.9909279Z 	/src/control/gateway/gateway.go:135
2026-09-16T23:03:39.9909881Z github.com/moby/buildkit/frontend/gateway/pb._LLBBridge_StatFile_Handler.func1
2026-09-16T23:03:39.9910452Z 	/src/frontend/gateway/pb/gateway_grpc.pb.go:469
2026-09-16T23:03:39.9910831Z google.golang.org/grpc.getChainUnaryHandler.func1
2026-09-16T23:03:39.9911276Z 	/src/vendor/google.golang.org/grpc/server.go:1256
2026-09-16T23:03:39.9911654Z main.unaryInterceptor
2026-09-16T23:03:39.9911906Z 	/src/cmd/buildkitd/main.go:803
2026-09-16T23:03:39.9912483Z google.golang.org/grpc.NewServer.chainUnaryServerInterceptors.chainUnaryInterceptors.func1
2026-09-16T23:03:39.9913037Z 	/src/vendor/google.golang.org/grpc/server.go:1247
2026-09-16T23:03:39.9913552Z github.com/moby/buildkit/frontend/gateway/pb._LLBBridge_StatFile_Handler
2026-09-16T23:03:39.9914286Z 	/src/frontend/gateway/pb/gateway_grpc.pb.go:471
2026-09-16T23:03:39.9914718Z google.golang.org/grpc.(*Server).processUnaryRPC
2026-09-16T23:03:39.9915110Z 	/src/vendor/google.golang.org/grpc/server.go:1443
2026-09-16T23:03:39.9915472Z google.golang.org/grpc.(*Server).handleStream
2026-09-16T23:03:39.9915915Z 	/src/vendor/google.golang.org/grpc/server.go:1858
2026-09-16T23:03:39.9916328Z google.golang.org/grpc.(*Server).serveStreams.func2.1
2026-09-16T23:03:39.9916736Z 	/src/vendor/google.golang.org/grpc/server.go:1078
2026-09-16T23:03:39.9917077Z runtime.goexit
2026-09-16T23:03:39.9917337Z 	/usr/local/go/src/runtime/asm_arm64.s:1447
2026-09-16T23:03:39.9917587Z 
2026-09-16T23:03:39.9917876Z 7 v0.33.0 /usr/bin/buildkitd --debug --allow-insecure-entitlement=network.host
2026-09-16T23:03:39.9918306Z main.unaryInterceptor
2026-09-16T23:03:39.9918590Z 	/src/cmd/buildkitd/main.go:807
2026-09-16T23:03:39.9919096Z google.golang.org/grpc.NewServer.chainUnaryServerInterceptors.chainUnaryInterceptors.func1
2026-09-16T23:03:39.9919666Z 	/src/vendor/google.golang.org/grpc/server.go:1247
2026-09-16T23:03:39.9919920Z 
2026-09-16T23:03:39.9920209Z 7 v0.33.0 /usr/bin/buildkitd --debug --allow-insecure-entitlement=network.host
2026-09-16T23:03:39.9920653Z github.com/moby/buildkit/cache/util.StatFile
2026-09-16T23:03:39.9921056Z 	/src/cache/util/fsutil.go:113
2026-09-16T23:03:39.9921450Z github.com/moby/buildkit/frontend/gateway.(*llbBridgeForwarder).StatFile
2026-09-16T23:03:39.9921871Z 	/src/frontend/gateway/gateway.go:995
2026-09-16T23:03:39.9922161Z 
2026-09-16T23:03:39.9922912Z time="2026-09-16T23:02:58Z" level=error msg="/moby.buildkit.v1.frontend.LLBBridge/StatFile returned error: rpc error: code = Unknown desc = lstat compose.yml: no such file or directory" spanID=cb8fa37ee173682e traceID=2d4d99d6e68fd1955750ff4e2f61be86
2026-09-16T23:03:39.9925311Z lstat compose.yml: no such file or directory
2026-09-16T23:03:39.9925934Z 7 v0.33.0 /usr/bin/buildkitd --debug --allow-insecure-entitlement=network.host
2026-09-16T23:03:39.9926630Z github.com/tonistiigi/fsutil.Stat
2026-09-16T23:03:39.9927033Z 	/src/vendor/github.com/tonistiigi/fsutil/stat.go:61
2026-09-16T23:03:39.9927467Z github.com/moby/buildkit/cache/util.StatFile
2026-09-16T23:03:39.9927799Z 	/src/cache/util/fsutil.go:107
2026-09-16T23:03:39.9928237Z github.com/moby/buildkit/frontend/gateway.(*llbBridgeForwarder).StatFile
2026-09-16T23:03:39.9928689Z 	/src/frontend/gateway/gateway.go:995
2026-09-16T23:03:39.9929121Z github.com/moby/buildkit/control/gateway.(*GatewayForwarder).StatFile
2026-09-16T23:03:39.9929588Z 	/src/control/gateway/gateway.go:135
2026-09-16T23:03:39.9930293Z github.com/moby/buildkit/frontend/gateway/pb._LLBBridge_StatFile_Handler.func1
2026-09-16T23:03:39.9930883Z 	/src/frontend/gateway/pb/gateway_grpc.pb.go:469
2026-09-16T23:03:39.9931257Z google.golang.org/grpc.getChainUnaryHandler.func1
2026-09-16T23:03:39.9931681Z 	/src/vendor/google.golang.org/grpc/server.go:1256
2026-09-16T23:03:39.9932079Z main.unaryInterceptor
2026-09-16T23:03:39.9932362Z 	/src/cmd/buildkitd/main.go:803
2026-09-16T23:03:39.9932920Z google.golang.org/grpc.NewServer.chainUnaryServerInterceptors.chainUnaryInterceptors.func1
2026-09-16T23:03:39.9933479Z 	/src/vendor/google.golang.org/grpc/server.go:1247
2026-09-16T23:03:39.9934202Z github.com/moby/buildkit/frontend/gateway/pb._LLBBridge_StatFile_Handler
2026-09-16T23:03:39.9934949Z 	/src/frontend/gateway/pb/gateway_grpc.pb.go:471
2026-09-16T23:03:39.9935330Z google.golang.org/grpc.(*Server).processUnaryRPC
2026-09-16T23:03:39.9935804Z 	/src/vendor/google.golang.org/grpc/server.go:1443
2026-09-16T23:03:39.9936164Z google.golang.org/grpc.(*Server).handleStream
2026-09-16T23:03:39.9936642Z 	/src/vendor/google.golang.org/grpc/server.go:1858
2026-09-16T23:03:39.9937031Z google.golang.org/grpc.(*Server).serveStreams.func2.1
2026-09-16T23:03:39.9937403Z 	/src/vendor/google.golang.org/grpc/server.go:1078
2026-09-16T23:03:39.9937807Z runtime.goexit
2026-09-16T23:03:39.9938068Z 	/usr/local/go/src/runtime/asm_arm64.s:1447
2026-09-16T23:03:39.9938255Z 
2026-09-16T23:03:39.9938586Z 7 v0.33.0 /usr/bin/buildkitd --debug --allow-insecure-entitlement=network.host
2026-09-16T23:03:39.9939009Z main.unaryInterceptor
2026-09-16T23:03:39.9939327Z 	/src/cmd/buildkitd/main.go:807
2026-09-16T23:03:39.9939834Z google.golang.org/grpc.NewServer.chainUnaryServerInterceptors.chainUnaryInterceptors.func1
2026-09-16T23:03:39.9940646Z 	/src/vendor/google.golang.org/grpc/server.go:1247
2026-09-16T23:03:39.9941453Z 
2026-09-16T23:03:39.9941738Z 7 v0.33.0 /usr/bin/buildkitd --debug --allow-insecure-entitlement=network.host
2026-09-16T23:03:39.9942240Z github.com/moby/buildkit/cache/util.StatFile
2026-09-16T23:03:39.9942620Z 	/src/cache/util/fsutil.go:113
2026-09-16T23:03:39.9943032Z github.com/moby/buildkit/frontend/gateway.(*llbBridgeForwarder).StatFile
2026-09-16T23:03:39.9944071Z 	/src/frontend/gateway/gateway.go:995
2026-09-16T23:03:39.9944436Z 
2026-09-16T23:03:39.9945938Z time="2026-09-16T23:02:58Z" level=error msg="/moby.buildkit.v1.frontend.LLBBridge/StatFile returned error: rpc error: code = Unknown desc = lstat docker-compose.yml: no such file or directory" spanID=1e5afa95f866681c traceID=2d4d99d6e68fd1955750ff4e2f61be86
2026-09-16T23:03:39.9947213Z lstat docker-compose.yml: no such file or directory
2026-09-16T23:03:39.9947805Z 7 v0.33.0 /usr/bin/buildkitd --debug --allow-insecure-entitlement=network.host
2026-09-16T23:03:39.9948279Z github.com/tonistiigi/fsutil.Stat
2026-09-16T23:03:39.9948648Z 	/src/vendor/github.com/tonistiigi/fsutil/stat.go:61
2026-09-16T23:03:39.9949080Z github.com/moby/buildkit/cache/util.StatFile
2026-09-16T23:03:39.9949405Z 	/src/cache/util/fsutil.go:107
2026-09-16T23:03:39.9949852Z github.com/moby/buildkit/frontend/gateway.(*llbBridgeForwarder).StatFile
2026-09-16T23:03:39.9950284Z 	/src/frontend/gateway/gateway.go:995
2026-09-16T23:03:39.9950714Z github.com/moby/buildkit/control/gateway.(*GatewayForwarder).StatFile
2026-09-16T23:03:39.9951205Z 	/src/control/gateway/gateway.go:135
2026-09-16T23:03:39.9951882Z github.com/moby/buildkit/frontend/gateway/pb._LLBBridge_StatFile_Handler.func1
2026-09-16T23:03:39.9960610Z 	/src/frontend/gateway/pb/gateway_grpc.pb.go:469
2026-09-16T23:03:39.9961139Z google.golang.org/grpc.getChainUnaryHandler.func1
2026-09-16T23:03:39.9961886Z 	/src/vendor/google.golang.org/grpc/server.go:1256
2026-09-16T23:03:39.9962318Z main.unaryInterceptor
2026-09-16T23:03:39.9962614Z 	/src/cmd/buildkitd/main.go:803
2026-09-16T23:03:39.9963171Z google.golang.org/grpc.NewServer.chainUnaryServerInterceptors.chainUnaryInterceptors.func1
2026-09-16T23:03:39.9963756Z 	/src/vendor/google.golang.org/grpc/server.go:1247
2026-09-16T23:03:39.9964550Z github.com/moby/buildkit/frontend/gateway/pb._LLBBridge_StatFile_Handler
2026-09-16T23:03:39.9965075Z 	/src/frontend/gateway/pb/gateway_grpc.pb.go:471
2026-09-16T23:03:39.9965449Z google.golang.org/grpc.(*Server).processUnaryRPC
2026-09-16T23:03:39.9965892Z 	/src/vendor/google.golang.org/grpc/server.go:1443
2026-09-16T23:03:39.9966274Z google.golang.org/grpc.(*Server).handleStream
2026-09-16T23:03:39.9966712Z 	/src/vendor/google.golang.org/grpc/server.go:1858
2026-09-16T23:03:39.9967162Z google.golang.org/grpc.(*Server).serveStreams.func2.1
2026-09-16T23:03:39.9967562Z 	/src/vendor/google.golang.org/grpc/server.go:1078
2026-09-16T23:03:39.9967974Z runtime.goexit
2026-09-16T23:03:39.9968525Z 	/usr/local/go/src/runtime/asm_arm64.s:1447
2026-09-16T23:03:39.9968806Z 
2026-09-16T23:03:39.9969086Z 7 v0.33.0 /usr/bin/buildkitd --debug --allow-insecure-entitlement=network.host
2026-09-16T23:03:39.9969655Z main.unaryInterceptor
2026-09-16T23:03:39.9969903Z 	/src/cmd/buildkitd/main.go:807
2026-09-16T23:03:39.9970456Z google.golang.org/grpc.NewServer.chainUnaryServerInterceptors.chainUnaryInterceptors.func1
2026-09-16T23:03:39.9971062Z 	/src/vendor/google.golang.org/grpc/server.go:1247
2026-09-16T23:03:39.9971274Z 
2026-09-16T23:03:39.9971564Z 7 v0.33.0 /usr/bin/buildkitd --debug --allow-insecure-entitlement=network.host
2026-09-16T23:03:39.9972040Z github.com/moby/buildkit/cache/util.StatFile
2026-09-16T23:03:39.9972356Z 	/src/cache/util/fsutil.go:113
2026-09-16T23:03:39.9972818Z github.com/moby/buildkit/frontend/gateway.(*llbBridgeForwarder).StatFile
2026-09-16T23:03:39.9973275Z 	/src/frontend/gateway/gateway.go:995
2026-09-16T23:03:39.9973504Z 
2026-09-16T23:03:39.9974932Z time="2026-09-16T23:02:58Z" level=error msg="/moby.buildkit.v1.frontend.LLBBridge/StatFile returned error: rpc error: code = Unknown desc = lstat docker-compose.yaml: no such file or directory" spanID=b0c2b24c0acadc76 traceID=2d4d99d6e68fd1955750ff4e2f61be86
2026-09-16T23:03:39.9976065Z lstat docker-compose.yaml: no such file or directory
2026-09-16T23:03:39.9976599Z 7 v0.33.0 /usr/bin/buildkitd --debug --allow-insecure-entitlement=network.host
2026-09-16T23:03:39.9977048Z github.com/tonistiigi/fsutil.Stat
2026-09-16T23:03:39.9977419Z 	/src/vendor/github.com/tonistiigi/fsutil/stat.go:61
2026-09-16T23:03:39.9978064Z github.com/moby/buildkit/cache/util.StatFile
2026-09-16T23:03:39.9978459Z 	/src/cache/util/fsutil.go:107
2026-09-16T23:03:39.9978912Z github.com/moby/buildkit/frontend/gateway.(*llbBridgeForwarder).StatFile
2026-09-16T23:03:39.9979358Z 	/src/frontend/gateway/gateway.go:995
2026-09-16T23:03:39.9979802Z github.com/moby/buildkit/control/gateway.(*GatewayForwarder).StatFile
2026-09-16T23:03:39.9980273Z 	/src/control/gateway/gateway.go:135
2026-09-16T23:03:39.9980818Z github.com/moby/buildkit/frontend/gateway/pb._LLBBridge_StatFile_Handler.func1
2026-09-16T23:03:39.9981354Z 	/src/frontend/gateway/pb/gateway_grpc.pb.go:469
2026-09-16T23:03:39.9981820Z google.golang.org/grpc.getChainUnaryHandler.func1
2026-09-16T23:03:39.9982184Z 	/src/vendor/google.golang.org/grpc/server.go:1256
2026-09-16T23:03:39.9982577Z main.unaryInterceptor
2026-09-16T23:03:39.9982843Z 	/src/cmd/buildkitd/main.go:803
2026-09-16T23:03:39.9983409Z google.golang.org/grpc.NewServer.chainUnaryServerInterceptors.chainUnaryInterceptors.func1
2026-09-16T23:03:39.9984145Z 	/src/vendor/google.golang.org/grpc/server.go:1247
2026-09-16T23:03:39.9985134Z github.com/moby/buildkit/frontend/gateway/pb._LLBBridge_StatFile_Handler
2026-09-16T23:03:39.9985692Z 	/src/frontend/gateway/pb/gateway_grpc.pb.go:471
2026-09-16T23:03:39.9986054Z google.golang.org/grpc.(*Server).processUnaryRPC
2026-09-16T23:03:39.9986468Z 	/src/vendor/google.golang.org/grpc/server.go:1443
2026-09-16T23:03:39.9986882Z google.golang.org/grpc.(*Server).handleStream
2026-09-16T23:03:39.9987295Z 	/src/vendor/google.golang.org/grpc/server.go:1858
2026-09-16T23:03:39.9987687Z google.golang.org/grpc.(*Server).serveStreams.func2.1
2026-09-16T23:03:39.9988068Z 	/src/vendor/google.golang.org/grpc/server.go:1078
2026-09-16T23:03:39.9988472Z runtime.goexit
2026-09-16T23:03:39.9988747Z 	/usr/local/go/src/runtime/asm_arm64.s:1447
2026-09-16T23:03:39.9988947Z 
2026-09-16T23:03:39.9989213Z 7 v0.33.0 /usr/bin/buildkitd --debug --allow-insecure-entitlement=network.host
2026-09-16T23:03:39.9989643Z main.unaryInterceptor
2026-09-16T23:03:39.9989903Z 	/src/cmd/buildkitd/main.go:807
2026-09-16T23:03:39.9990503Z google.golang.org/grpc.NewServer.chainUnaryServerInterceptors.chainUnaryInterceptors.func1
2026-09-16T23:03:39.9991054Z 	/src/vendor/google.golang.org/grpc/server.go:1247
2026-09-16T23:03:39.9991284Z 
2026-09-16T23:03:39.9991533Z 7 v0.33.0 /usr/bin/buildkitd --debug --allow-insecure-entitlement=network.host
2026-09-16T23:03:39.9992137Z github.com/moby/buildkit/cache/util.StatFile
2026-09-16T23:03:39.9992495Z 	/src/cache/util/fsutil.go:113
2026-09-16T23:03:39.9992976Z github.com/moby/buildkit/frontend/gateway.(*llbBridgeForwarder).StatFile
2026-09-16T23:03:39.9993398Z 	/src/frontend/gateway/gateway.go:995
2026-09-16T23:03:39.9993594Z 
2026-09-16T23:03:39.9994657Z time="2026-09-16T23:02:58Z" level=error msg="/moby.buildkit.v1.frontend.LLBBridge/StatFile returned error: rpc error: code = Unknown desc = lstat docker-bake.json: no such file or directory" spanID=738571753b9efaa3 traceID=2d4d99d6e68fd1955750ff4e2f61be86
2026-09-16T23:03:39.9995706Z lstat docker-bake.json: no such file or directory
2026-09-16T23:03:39.9996201Z 7 v0.33.0 /usr/bin/buildkitd --debug --allow-insecure-entitlement=network.host
2026-09-16T23:03:39.9996726Z github.com/tonistiigi/fsutil.Stat
2026-09-16T23:03:39.9997057Z 	/src/vendor/github.com/tonistiigi/fsutil/stat.go:61
2026-09-16T23:03:39.9997463Z github.com/moby/buildkit/cache/util.StatFile
2026-09-16T23:03:39.9997792Z 	/src/cache/util/fsutil.go:107
2026-09-16T23:03:39.9998264Z github.com/moby/buildkit/frontend/gateway.(*llbBridgeForwarder).StatFile
2026-09-16T23:03:39.9998699Z 	/src/frontend/gateway/gateway.go:995
2026-09-16T23:03:39.9999090Z github.com/moby/buildkit/control/gateway.(*GatewayForwarder).StatFile
2026-09-16T23:03:39.9999543Z 	/src/control/gateway/gateway.go:135
2026-09-16T23:03:39.9999985Z github.com/moby/buildkit/frontend/gateway/pb._LLBBridge_StatFile_Handler.func1
2026-09-16T23:03:40.0000524Z 	/src/frontend/gateway/pb/gateway_grpc.pb.go:469
2026-09-16T23:03:40.0000916Z google.golang.org/grpc.getChainUnaryHandler.func1
2026-09-16T23:03:40.0001298Z 	/src/vendor/google.golang.org/grpc/server.go:1256
2026-09-16T23:03:40.0001702Z main.unaryInterceptor
2026-09-16T23:03:40.0002000Z 	/src/cmd/buildkitd/main.go:803
2026-09-16T23:03:40.0002525Z google.golang.org/grpc.NewServer.chainUnaryServerInterceptors.chainUnaryInterceptors.func1
2026-09-16T23:03:40.0003088Z 	/src/vendor/google.golang.org/grpc/server.go:1247
2026-09-16T23:03:40.0004632Z github.com/moby/buildkit/frontend/gateway/pb._LLBBridge_StatFile_Handler
2026-09-16T23:03:40.0005171Z 	/src/frontend/gateway/pb/gateway_grpc.pb.go:471
2026-09-16T23:03:40.0005583Z google.golang.org/grpc.(*Server).processUnaryRPC
2026-09-16T23:03:40.0005981Z 	/src/vendor/google.golang.org/grpc/server.go:1443
2026-09-16T23:03:40.0006374Z google.golang.org/grpc.(*Server).handleStream
2026-09-16T23:03:40.0006722Z 	/src/vendor/google.golang.org/grpc/server.go:1858
2026-09-16T23:03:40.0007156Z google.golang.org/grpc.(*Server).serveStreams.func2.1
2026-09-16T23:03:40.0007567Z 	/src/vendor/google.golang.org/grpc/server.go:1078
2026-09-16T23:03:40.0008201Z runtime.goexit
2026-09-16T23:03:40.0008454Z 	/usr/local/go/src/runtime/asm_arm64.s:1447
2026-09-16T23:03:40.0008671Z 
2026-09-16T23:03:40.0008875Z 7 v0.33.0 /usr/bin/buildkitd --debug --allow-insecure-entitlement=network.host
2026-09-16T23:03:40.0009534Z main.unaryInterceptor
2026-09-16T23:03:40.0009802Z 	/src/cmd/buildkitd/main.go:807
2026-09-16T23:03:40.0010338Z google.golang.org/grpc.NewServer.chainUnaryServerInterceptors.chainUnaryInterceptors.func1
2026-09-16T23:03:40.0010892Z 	/src/vendor/google.golang.org/grpc/server.go:1247
2026-09-16T23:03:40.0011600Z 
2026-09-16T23:03:40.0011937Z 7 v0.33.0 /usr/bin/buildkitd --debug --allow-insecure-entitlement=network.host
2026-09-16T23:03:40.0012448Z github.com/moby/buildkit/cache/util.StatFile
2026-09-16T23:03:40.0012778Z 	/src/cache/util/fsutil.go:113
2026-09-16T23:03:40.0013213Z github.com/moby/buildkit/frontend/gateway.(*llbBridgeForwarder).StatFile
2026-09-16T23:03:40.0013664Z 	/src/frontend/gateway/gateway.go:995
2026-09-16T23:03:40.0013964Z 
2026-09-16T23:03:40.0014834Z time="2026-09-16T23:02:58Z" level=error msg="/moby.buildkit.v1.frontend.LLBBridge/StatFile returned error: rpc error: code = Unknown desc = lstat docker-bake.override.json: no such file or directory" spanID=a3b3f387d14bf8d4 traceID=2d4d99d6e68fd1955750ff4e2f61be86
2026-09-16T23:03:40.0015964Z lstat docker-bake.override.json: no such file or directory
2026-09-16T23:03:40.0016668Z 7 v0.33.0 /usr/bin/buildkitd --debug --allow-insecure-entitlement=network.host
2026-09-16T23:03:40.0017187Z github.com/tonistiigi/fsutil.Stat
2026-09-16T23:03:40.0017512Z 	/src/vendor/github.com/tonistiigi/fsutil/stat.go:61
2026-09-16T23:03:40.0017908Z github.com/moby/buildkit/cache/util.StatFile
2026-09-16T23:03:40.0018309Z 	/src/cache/util/fsutil.go:107
2026-09-16T23:03:40.0018688Z github.com/moby/buildkit/frontend/gateway.(*llbBridgeForwarder).StatFile
2026-09-16T23:03:40.0019151Z 	/src/frontend/gateway/gateway.go:995
2026-09-16T23:03:40.0019547Z github.com/moby/buildkit/control/gateway.(*GatewayForwarder).StatFile
2026-09-16T23:03:40.0020051Z 	/src/control/gateway/gateway.go:135
2026-09-16T23:03:40.0020475Z github.com/moby/buildkit/frontend/gateway/pb._LLBBridge_StatFile_Handler.func1
2026-09-16T23:03:40.0020931Z 	/src/frontend/gateway/pb/gateway_grpc.pb.go:469
2026-09-16T23:03:40.0021397Z google.golang.org/grpc.getChainUnaryHandler.func1
2026-09-16T23:03:40.0021783Z 	/src/vendor/google.golang.org/grpc/server.go:1256
2026-09-16T23:03:40.0022192Z main.unaryInterceptor
2026-09-16T23:03:40.0022451Z 	/src/cmd/buildkitd/main.go:803
2026-09-16T23:03:40.0022983Z google.golang.org/grpc.NewServer.chainUnaryServerInterceptors.chainUnaryInterceptors.func1
2026-09-16T23:03:40.0023545Z 	/src/vendor/google.golang.org/grpc/server.go:1247
2026-09-16T23:03:40.0024234Z github.com/moby/buildkit/frontend/gateway/pb._LLBBridge_StatFile_Handler
2026-09-16T23:03:40.0025085Z 	/src/frontend/gateway/pb/gateway_grpc.pb.go:471
2026-09-16T23:03:40.0025510Z google.golang.org/grpc.(*Server).processUnaryRPC
2026-09-16T23:03:40.0025951Z 	/src/vendor/google.golang.org/grpc/server.go:1443
2026-09-16T23:03:40.0026329Z google.golang.org/grpc.(*Server).handleStream
2026-09-16T23:03:40.0026733Z 	/src/vendor/google.golang.org/grpc/server.go:1858
2026-09-16T23:03:40.0027184Z google.golang.org/grpc.(*Server).serveStreams.func2.1
2026-09-16T23:03:40.0027801Z 	/src/vendor/google.golang.org/grpc/server.go:1078
2026-09-16T23:03:40.0028211Z runtime.goexit
2026-09-16T23:03:40.0028474Z 	/usr/local/go/src/runtime/asm_arm64.s:1447
2026-09-16T23:03:40.0028728Z 
2026-09-16T23:03:40.0029030Z 7 v0.33.0 /usr/bin/buildkitd --debug --allow-insecure-entitlement=network.host
2026-09-16T23:03:40.0029454Z main.unaryInterceptor
2026-09-16T23:03:40.0029714Z 	/src/cmd/buildkitd/main.go:807
2026-09-16T23:03:40.0030243Z google.golang.org/grpc.NewServer.chainUnaryServerInterceptors.chainUnaryInterceptors.func1
2026-09-16T23:03:40.0030852Z 	/src/vendor/google.golang.org/grpc/server.go:1247
2026-09-16T23:03:40.0031062Z 
2026-09-16T23:03:40.0031577Z 7 v0.33.0 /usr/bin/buildkitd --debug --allow-insecure-entitlement=network.host
2026-09-16T23:03:40.0032027Z github.com/moby/buildkit/cache/util.StatFile
2026-09-16T23:03:40.0032397Z 	/src/cache/util/fsutil.go:113
2026-09-16T23:03:40.0032802Z github.com/moby/buildkit/frontend/gateway.(*llbBridgeForwarder).StatFile
2026-09-16T23:03:40.0033269Z 	/src/frontend/gateway/gateway.go:995
2026-09-16T23:03:40.0033502Z 
2026-09-16T23:03:40.0034567Z time="2026-09-16T23:02:58Z" level=error msg="/moby.buildkit.v1.frontend.LLBBridge/StatFile returned error: rpc error: code = Unknown desc = lstat docker-bake.override.hcl: no such file or directory" spanID=5b69f42aa3fd53d4 traceID=2d4d99d6e68fd1955750ff4e2f61be86
2026-09-16T23:03:40.0035703Z lstat docker-bake.override.hcl: no such file or directory
2026-09-16T23:03:40.0036251Z 7 v0.33.0 /usr/bin/buildkitd --debug --allow-insecure-entitlement=network.host
2026-09-16T23:03:40.0036734Z github.com/tonistiigi/fsutil.Stat
2026-09-16T23:03:40.0037080Z 	/src/vendor/github.com/tonistiigi/fsutil/stat.go:61
2026-09-16T23:03:40.0037496Z github.com/moby/buildkit/cache/util.StatFile
2026-09-16T23:03:40.0037822Z 	/src/cache/util/fsutil.go:107
2026-09-16T23:03:40.0038230Z github.com/moby/buildkit/frontend/gateway.(*llbBridgeForwarder).StatFile
2026-09-16T23:03:40.0038720Z 	/src/frontend/gateway/gateway.go:995
2026-09-16T23:03:40.0039295Z github.com/moby/buildkit/control/gateway.(*GatewayForwarder).StatFile
2026-09-16T23:03:40.0039770Z 	/src/control/gateway/gateway.go:135
2026-09-16T23:03:40.0040200Z github.com/moby/buildkit/frontend/gateway/pb._LLBBridge_StatFile_Handler.func1
2026-09-16T23:03:40.0040766Z 	/src/frontend/gateway/pb/gateway_grpc.pb.go:469
2026-09-16T23:03:40.0041145Z google.golang.org/grpc.getChainUnaryHandler.func1
2026-09-16T23:03:40.0041570Z 	/src/vendor/google.golang.org/grpc/server.go:1256
2026-09-16T23:03:40.0041957Z main.unaryInterceptor
2026-09-16T23:03:40.0043586Z 	/src/cmd/buildkitd/main.go:803
2026-09-16T23:03:40.0044405Z google.golang.org/grpc.NewServer.chainUnaryServerInterceptors.chainUnaryInterceptors.func1
2026-09-16T23:03:40.0044974Z 	/src/vendor/google.golang.org/grpc/server.go:1247
2026-09-16T23:03:40.0045540Z github.com/moby/buildkit/frontend/gateway/pb._LLBBridge_StatFile_Handler
2026-09-16T23:03:40.0071356Z 	/src/frontend/gateway/pb/gateway_grpc.pb.go:471
2026-09-16T23:03:40.0071839Z google.golang.org/grpc.(*Server).processUnaryRPC
2026-09-16T23:03:40.0072183Z 	/src/vendor/google.golang.org/grpc/server.go:1443
2026-09-16T23:03:40.0072490Z google.golang.org/grpc.(*Server).handleStream
2026-09-16T23:03:40.0072793Z 	/src/vendor/google.golang.org/grpc/server.go:1858
2026-09-16T23:03:40.0073119Z google.golang.org/grpc.(*Server).serveStreams.func2.1
2026-09-16T23:03:40.0073450Z 	/src/vendor/google.golang.org/grpc/server.go:1078
2026-09-16T23:03:40.0073718Z runtime.goexit
2026-09-16T23:03:40.0074181Z 	/usr/local/go/src/runtime/asm_arm64.s:1447
2026-09-16T23:03:40.0074374Z 
2026-09-16T23:03:40.0074572Z 7 v0.33.0 /usr/bin/buildkitd --debug --allow-insecure-entitlement=network.host
2026-09-16T23:03:40.0074953Z main.unaryInterceptor
2026-09-16T23:03:40.0075161Z 	/src/cmd/buildkitd/main.go:807
2026-09-16T23:03:40.0075595Z google.golang.org/grpc.NewServer.chainUnaryServerInterceptors.chainUnaryInterceptors.func1
2026-09-16T23:03:40.0076089Z 	/src/vendor/google.golang.org/grpc/server.go:1247
2026-09-16T23:03:40.0076296Z 
2026-09-16T23:03:40.0076494Z 7 v0.33.0 /usr/bin/buildkitd --debug --allow-insecure-entitlement=network.host
2026-09-16T23:03:40.0076883Z github.com/moby/buildkit/cache/util.StatFile
2026-09-16T23:03:40.0077151Z 	/src/cache/util/fsutil.go:113
2026-09-16T23:03:40.0077481Z github.com/moby/buildkit/frontend/gateway.(*llbBridgeForwarder).StatFile
2026-09-16T23:03:40.0077852Z 	/src/frontend/gateway/gateway.go:995
2026-09-16T23:03:40.0078017Z 
2026-09-16T23:03:40.0078367Z time="2026-09-16T23:02:58Z" level=debug msg="session finished: <nil>" spanID=4a0c30a703c21807 traceID=2d4d99d6e68fd1955750ff4e2f61be86
2026-09-16T23:03:40.0079128Z time="2026-09-16T23:02:58Z" level=debug msg="session started" spanID=774350ea8409242b traceID=832696a9ff20c5d328b53d4b721d6f9e
2026-09-16T23:03:40.0080622Z time="2026-09-16T23:02:58Z" level=debug msg="load cache for [internal] load git source https://github.com/moby/moby.git#b019f4f1f46955593c7b74f4fd1c61bec4b22eab with we8s0kpxoblbt76zkesfgurh7::lhnr4y5tb43j1z8t19qap6896"
2026-09-16T23:03:40.0082088Z time="2026-09-16T23:02:58Z" level=error msg="/moby.buildkit.v1.frontend.LLBBridge/StatFile returned error: rpc error: code = Unknown desc = lstat compose.yaml: no such file or directory" spanID=dd00394666f04697 traceID=832696a9ff20c5d328b53d4b721d6f9e
2026-09-16T23:03:40.0083022Z lstat compose.yaml: no such file or directory
2026-09-16T23:03:40.0083406Z 7 v0.33.0 /usr/bin/buildkitd --debug --allow-insecure-entitlement=network.host
2026-09-16T23:03:40.0083780Z github.com/tonistiigi/fsutil.Stat
2026-09-16T23:03:40.0084259Z 	/src/vendor/github.com/tonistiigi/fsutil/stat.go:61
2026-09-16T23:03:40.0084567Z github.com/moby/buildkit/cache/util.StatFile
2026-09-16T23:03:40.0084847Z 	/src/cache/util/fsutil.go:107
2026-09-16T23:03:40.0085178Z github.com/moby/buildkit/frontend/gateway.(*llbBridgeForwarder).StatFile
2026-09-16T23:03:40.0085544Z 	/src/frontend/gateway/gateway.go:995
2026-09-16T23:03:40.0085886Z github.com/moby/buildkit/control/gateway.(*GatewayForwarder).StatFile
2026-09-16T23:03:40.0086244Z 	/src/control/gateway/gateway.go:135
2026-09-16T23:03:40.0086803Z github.com/moby/buildkit/frontend/gateway/pb._LLBBridge_StatFile_Handler.func1
2026-09-16T23:03:40.0087241Z 	/src/frontend/gateway/pb/gateway_grpc.pb.go:469
2026-09-16T23:03:40.0087559Z google.golang.org/grpc.getChainUnaryHandler.func1
2026-09-16T23:03:40.0087881Z 	/src/vendor/google.golang.org/grpc/server.go:1256
2026-09-16T23:03:40.0088156Z main.unaryInterceptor
2026-09-16T23:03:40.0088359Z 	/src/cmd/buildkitd/main.go:803
2026-09-16T23:03:40.0088787Z google.golang.org/grpc.NewServer.chainUnaryServerInterceptors.chainUnaryInterceptors.func1
2026-09-16T23:03:40.0089283Z 	/src/vendor/google.golang.org/grpc/server.go:1247
2026-09-16T23:03:40.0089671Z github.com/moby/buildkit/frontend/gateway/pb._LLBBridge_StatFile_Handler
2026-09-16T23:03:40.0090055Z 	/src/frontend/gateway/pb/gateway_grpc.pb.go:471
2026-09-16T23:03:40.0090364Z google.golang.org/grpc.(*Server).processUnaryRPC
2026-09-16T23:03:40.0090677Z 	/src/vendor/google.golang.org/grpc/server.go:1443
2026-09-16T23:03:40.0090984Z google.golang.org/grpc.(*Server).handleStream
2026-09-16T23:03:40.0091285Z 	/src/vendor/google.golang.org/grpc/server.go:1858
2026-09-16T23:03:40.0091609Z google.golang.org/grpc.(*Server).serveStreams.func2.1
2026-09-16T23:03:40.0091942Z 	/src/vendor/google.golang.org/grpc/server.go:1078
2026-09-16T23:03:40.0092208Z runtime.goexit
2026-09-16T23:03:40.0092405Z 	/usr/local/go/src/runtime/asm_arm64.s:1447
2026-09-16T23:03:40.0092587Z 
2026-09-16T23:03:40.0092783Z 7 v0.33.0 /usr/bin/buildkitd --debug --allow-insecure-entitlement=network.host
2026-09-16T23:03:40.0093150Z main.unaryInterceptor
2026-09-16T23:03:40.0093354Z 	/src/cmd/buildkitd/main.go:807
2026-09-16T23:03:40.0093788Z google.golang.org/grpc.NewServer.chainUnaryServerInterceptors.chainUnaryInterceptors.func1
2026-09-16T23:03:40.0094517Z 	/src/vendor/google.golang.org/grpc/server.go:1247
2026-09-16T23:03:40.0094724Z 
2026-09-16T23:03:40.0094919Z 7 v0.33.0 /usr/bin/buildkitd --debug --allow-insecure-entitlement=network.host
2026-09-16T23:03:40.0095311Z github.com/moby/buildkit/cache/util.StatFile
2026-09-16T23:03:40.0095577Z 	/src/cache/util/fsutil.go:113
2026-09-16T23:03:40.0095914Z github.com/moby/buildkit/frontend/gateway.(*llbBridgeForwarder).StatFile
2026-09-16T23:03:40.0096280Z 	/src/frontend/gateway/gateway.go:995
2026-09-16T23:03:40.0096447Z 
2026-09-16T23:03:40.0097170Z time="2026-09-16T23:02:58Z" level=error msg="/moby.buildkit.v1.frontend.LLBBridge/StatFile returned error: rpc error: code = Unknown desc = lstat compose.yml: no such file or directory" spanID=cc4d52924f08446d traceID=832696a9ff20c5d328b53d4b721d6f9e
2026-09-16T23:03:40.0098094Z lstat compose.yml: no such file or directory
2026-09-16T23:03:40.0098732Z 7 v0.33.0 /usr/bin/buildkitd --debug --allow-insecure-entitlement=network.host
2026-09-16T23:03:40.0099102Z github.com/tonistiigi/fsutil.Stat
2026-09-16T23:03:40.0099374Z 	/src/vendor/github.com/tonistiigi/fsutil/stat.go:61
2026-09-16T23:03:40.0099678Z github.com/moby/buildkit/cache/util.StatFile
2026-09-16T23:03:40.0099942Z 	/src/cache/util/fsutil.go:107
2026-09-16T23:03:40.0100272Z github.com/moby/buildkit/frontend/gateway.(*llbBridgeForwarder).StatFile
2026-09-16T23:03:40.0100638Z 	/src/frontend/gateway/gateway.go:995
2026-09-16T23:03:40.0100975Z github.com/moby/buildkit/control/gateway.(*GatewayForwarder).StatFile
2026-09-16T23:03:40.0101326Z 	/src/control/gateway/gateway.go:135
2026-09-16T23:03:40.0101690Z github.com/moby/buildkit/frontend/gateway/pb._LLBBridge_StatFile_Handler.func1
2026-09-16T23:03:40.0102098Z 	/src/frontend/gateway/pb/gateway_grpc.pb.go:469
2026-09-16T23:03:40.0102416Z google.golang.org/grpc.getChainUnaryHandler.func1
2026-09-16T23:03:40.0102736Z 	/src/vendor/google.golang.org/grpc/server.go:1256
2026-09-16T23:03:40.0103456Z main.unaryInterceptor
2026-09-16T23:03:40.0103717Z 	/src/cmd/buildkitd/main.go:803
2026-09-16T23:03:40.0104338Z google.golang.org/grpc.NewServer.chainUnaryServerInterceptors.chainUnaryInterceptors.func1
2026-09-16T23:03:40.0104834Z 	/src/vendor/google.golang.org/grpc/server.go:1247
2026-09-16T23:03:40.0105455Z github.com/moby/buildkit/frontend/gateway/pb._LLBBridge_StatFile_Handler
2026-09-16T23:03:40.0105851Z 	/src/frontend/gateway/pb/gateway_grpc.pb.go:471
2026-09-16T23:03:40.0106165Z google.golang.org/grpc.(*Server).processUnaryRPC
2026-09-16T23:03:40.0106472Z 	/src/vendor/google.golang.org/grpc/server.go:1443
2026-09-16T23:03:40.0106769Z google.golang.org/grpc.(*Server).handleStream
2026-09-16T23:03:40.0107068Z 	/src/vendor/google.golang.org/grpc/server.go:1858
2026-09-16T23:03:40.0107395Z google.golang.org/grpc.(*Server).serveStreams.func2.1
2026-09-16T23:03:40.0107718Z 	/src/vendor/google.golang.org/grpc/server.go:1078
2026-09-16T23:03:40.0107989Z runtime.goexit
2026-09-16T23:03:40.0108184Z 	/usr/local/go/src/runtime/asm_arm64.s:1447
2026-09-16T23:03:40.0108363Z 
2026-09-16T23:03:40.0108560Z 7 v0.33.0 /usr/bin/buildkitd --debug --allow-insecure-entitlement=network.host
2026-09-16T23:03:40.0108918Z main.unaryInterceptor
2026-09-16T23:03:40.0109227Z 	/src/cmd/buildkitd/main.go:807
2026-09-16T23:03:40.0109664Z google.golang.org/grpc.NewServer.chainUnaryServerInterceptors.chainUnaryInterceptors.func1
2026-09-16T23:03:40.0110154Z 	/src/vendor/google.golang.org/grpc/server.go:1247
2026-09-16T23:03:40.0110351Z 
2026-09-16T23:03:40.0110541Z 7 v0.33.0 /usr/bin/buildkitd --debug --allow-insecure-entitlement=network.host
2026-09-16T23:03:40.0110923Z github.com/moby/buildkit/cache/util.StatFile
2026-09-16T23:03:40.0111188Z 	/src/cache/util/fsutil.go:113
2026-09-16T23:03:40.0111520Z github.com/moby/buildkit/frontend/gateway.(*llbBridgeForwarder).StatFile
2026-09-16T23:03:40.0111889Z 	/src/frontend/gateway/gateway.go:995
2026-09-16T23:03:40.0112061Z 
2026-09-16T23:03:40.0112813Z time="2026-09-16T23:02:58Z" level=error msg="/moby.buildkit.v1.frontend.LLBBridge/StatFile returned error: rpc error: code = Unknown desc = lstat docker-compose.yml: no such file or directory" spanID=f82da62f1a22a9d4 traceID=832696a9ff20c5d328b53d4b721d6f9e
2026-09-16T23:03:40.0113777Z lstat docker-compose.yml: no such file or directory
2026-09-16T23:03:40.0114363Z 7 v0.33.0 /usr/bin/buildkitd --debug --allow-insecure-entitlement=network.host
2026-09-16T23:03:40.0114734Z github.com/tonistiigi/fsutil.Stat
2026-09-16T23:03:40.0115006Z 	/src/vendor/github.com/tonistiigi/fsutil/stat.go:61
2026-09-16T23:03:40.0115308Z github.com/moby/buildkit/cache/util.StatFile
2026-09-16T23:03:40.0115578Z 	/src/cache/util/fsutil.go:107
2026-09-16T23:03:40.0115905Z github.com/moby/buildkit/frontend/gateway.(*llbBridgeForwarder).StatFile
2026-09-16T23:03:40.0116268Z 	/src/frontend/gateway/gateway.go:995
2026-09-16T23:03:40.0116606Z github.com/moby/buildkit/control/gateway.(*GatewayForwarder).StatFile
2026-09-16T23:03:40.0117312Z 	/src/control/gateway/gateway.go:135
2026-09-16T23:03:40.0117679Z github.com/moby/buildkit/frontend/gateway/pb._LLBBridge_StatFile_Handler.func1
2026-09-16T23:03:40.0118085Z 	/src/frontend/gateway/pb/gateway_grpc.pb.go:469
2026-09-16T23:03:40.0118397Z google.golang.org/grpc.getChainUnaryHandler.func1
2026-09-16T23:03:40.0118723Z 	/src/vendor/google.golang.org/grpc/server.go:1256
2026-09-16T23:03:40.0118995Z main.unaryInterceptor
2026-09-16T23:03:40.0119198Z 	/src/cmd/buildkitd/main.go:803
2026-09-16T23:03:40.0119623Z google.golang.org/grpc.NewServer.chainUnaryServerInterceptors.chainUnaryInterceptors.func1
2026-09-16T23:03:40.0120116Z 	/src/vendor/google.golang.org/grpc/server.go:1247
2026-09-16T23:03:40.0120492Z github.com/moby/buildkit/frontend/gateway/pb._LLBBridge_StatFile_Handler
2026-09-16T23:03:40.0120876Z 	/src/frontend/gateway/pb/gateway_grpc.pb.go:471
2026-09-16T23:03:40.0121182Z google.golang.org/grpc.(*Server).processUnaryRPC
2026-09-16T23:03:40.0121501Z 	/src/vendor/google.golang.org/grpc/server.go:1443
2026-09-16T23:03:40.0121802Z google.golang.org/grpc.(*Server).handleStream
2026-09-16T23:03:40.0122104Z 	/src/vendor/google.golang.org/grpc/server.go:1858
2026-09-16T23:03:40.0122429Z google.golang.org/grpc.(*Server).serveStreams.func2.1
2026-09-16T23:03:40.0122758Z 	/src/vendor/google.golang.org/grpc/server.go:1078
2026-09-16T23:03:40.0123202Z runtime.goexit
2026-09-16T23:03:40.0123419Z 	/usr/local/go/src/runtime/asm_arm64.s:1447
2026-09-16T23:03:40.0123598Z 
2026-09-16T23:03:40.0123794Z 7 v0.33.0 /usr/bin/buildkitd --debug --allow-insecure-entitlement=network.host
2026-09-16T23:03:40.0124344Z main.unaryInterceptor
2026-09-16T23:03:40.0124550Z 	/src/cmd/buildkitd/main.go:807
2026-09-16T23:03:40.0124980Z google.golang.org/grpc.NewServer.chainUnaryServerInterceptors.chainUnaryInterceptors.func1
2026-09-16T23:03:40.0125471Z 	/src/vendor/google.golang.org/grpc/server.go:1247
2026-09-16T23:03:40.0125672Z 
2026-09-16T23:03:40.0125865Z 7 v0.33.0 /usr/bin/buildkitd --debug --allow-insecure-entitlement=network.host
2026-09-16T23:03:40.0126256Z github.com/moby/buildkit/cache/util.StatFile
2026-09-16T23:03:40.0126524Z 	/src/cache/util/fsutil.go:113
2026-09-16T23:03:40.0126850Z github.com/moby/buildkit/frontend/gateway.(*llbBridgeForwarder).StatFile
2026-09-16T23:03:40.0127219Z 	/src/frontend/gateway/gateway.go:995
2026-09-16T23:03:40.0127382Z 
2026-09-16T23:03:40.0128140Z time="2026-09-16T23:02:58Z" level=error msg="/moby.buildkit.v1.frontend.LLBBridge/StatFile returned error: rpc error: code = Unknown desc = lstat docker-compose.yaml: no such file or directory" spanID=5a4b0ae24e1365eb traceID=832696a9ff20c5d328b53d4b721d6f9e
2026-09-16T23:03:40.0129114Z lstat docker-compose.yaml: no such file or directory
2026-09-16T23:03:40.0129512Z 7 v0.33.0 /usr/bin/buildkitd --debug --allow-insecure-entitlement=network.host
2026-09-16T23:03:40.0129882Z github.com/tonistiigi/fsutil.Stat
2026-09-16T23:03:40.0130153Z 	/src/vendor/github.com/tonistiigi/fsutil/stat.go:61
2026-09-16T23:03:40.0130460Z github.com/moby/buildkit/cache/util.StatFile
2026-09-16T23:03:40.0130731Z 	/src/cache/util/fsutil.go:107
2026-09-16T23:03:40.0131060Z github.com/moby/buildkit/frontend/gateway.(*llbBridgeForwarder).StatFile
2026-09-16T23:03:40.0131427Z 	/src/frontend/gateway/gateway.go:995
2026-09-16T23:03:40.0131770Z github.com/moby/buildkit/control/gateway.(*GatewayForwarder).StatFile
2026-09-16T23:03:40.0132131Z 	/src/control/gateway/gateway.go:135
2026-09-16T23:03:40.0132500Z github.com/moby/buildkit/frontend/gateway/pb._LLBBridge_StatFile_Handler.func1
2026-09-16T23:03:40.0132907Z 	/src/frontend/gateway/pb/gateway_grpc.pb.go:469
2026-09-16T23:03:40.0133221Z google.golang.org/grpc.getChainUnaryHandler.func1
2026-09-16T23:03:40.0133546Z 	/src/vendor/google.golang.org/grpc/server.go:1256
2026-09-16T23:03:40.0133818Z main.unaryInterceptor
2026-09-16T23:03:40.0134204Z 	/src/cmd/buildkitd/main.go:803
2026-09-16T23:03:40.0134639Z google.golang.org/grpc.NewServer.chainUnaryServerInterceptors.chainUnaryInterceptors.func1
2026-09-16T23:03:40.0135397Z 	/src/vendor/google.golang.org/grpc/server.go:1247
2026-09-16T23:03:40.0135780Z github.com/moby/buildkit/frontend/gateway/pb._LLBBridge_StatFile_Handler
2026-09-16T23:03:40.0136162Z 	/src/frontend/gateway/pb/gateway_grpc.pb.go:471
2026-09-16T23:03:40.0136466Z google.golang.org/grpc.(*Server).processUnaryRPC
2026-09-16T23:03:40.0136783Z 	/src/vendor/google.golang.org/grpc/server.go:1443
2026-09-16T23:03:40.0137086Z google.golang.org/grpc.(*Server).handleStream
2026-09-16T23:03:40.0137385Z 	/src/vendor/google.golang.org/grpc/server.go:1858
2026-09-16T23:03:40.0137709Z google.golang.org/grpc.(*Server).serveStreams.func2.1
2026-09-16T23:03:40.0138034Z 	/src/vendor/google.golang.org/grpc/server.go:1078
2026-09-16T23:03:40.0138300Z runtime.goexit
2026-09-16T23:03:40.0138494Z 	/usr/local/go/src/runtime/asm_arm64.s:1447
2026-09-16T23:03:40.0138675Z 
2026-09-16T23:03:40.0138868Z 7 v0.33.0 /usr/bin/buildkitd --debug --allow-insecure-entitlement=network.host
2026-09-16T23:03:40.0139236Z main.unaryInterceptor
2026-09-16T23:03:40.0139438Z 	/src/cmd/buildkitd/main.go:807
2026-09-16T23:03:40.0139867Z google.golang.org/grpc.NewServer.chainUnaryServerInterceptors.chainUnaryInterceptors.func1
2026-09-16T23:03:40.0140355Z 	/src/vendor/google.golang.org/grpc/server.go:1247
2026-09-16T23:03:40.0140558Z 
2026-09-16T23:03:40.0140925Z 7 v0.33.0 /usr/bin/buildkitd --debug --allow-insecure-entitlement=network.host
2026-09-16T23:03:40.0141320Z github.com/moby/buildkit/cache/util.StatFile
2026-09-16T23:03:40.0141587Z 	/src/cache/util/fsutil.go:113
2026-09-16T23:03:40.0141913Z github.com/moby/buildkit/frontend/gateway.(*llbBridgeForwarder).StatFile
2026-09-16T23:03:40.0142281Z 	/src/frontend/gateway/gateway.go:995
2026-09-16T23:03:40.0142446Z 
2026-09-16T23:03:40.0143192Z time="2026-09-16T23:02:58Z" level=error msg="/moby.buildkit.v1.frontend.LLBBridge/StatFile returned error: rpc error: code = Unknown desc = lstat docker-bake.json: no such file or directory" spanID=6c0edf030d791bd0 traceID=832696a9ff20c5d328b53d4b721d6f9e
2026-09-16T23:03:40.0144475Z lstat docker-bake.json: no such file or directory
2026-09-16T23:03:40.0144871Z 7 v0.33.0 /usr/bin/buildkitd --debug --allow-insecure-entitlement=network.host
2026-09-16T23:03:40.0145239Z github.com/tonistiigi/fsutil.Stat
2026-09-16T23:03:40.0145508Z 	/src/vendor/github.com/tonistiigi/fsutil/stat.go:61
2026-09-16T23:03:40.0145817Z github.com/moby/buildkit/cache/util.StatFile
2026-09-16T23:03:40.0146085Z 	/src/cache/util/fsutil.go:107
2026-09-16T23:03:40.0146415Z github.com/moby/buildkit/frontend/gateway.(*llbBridgeForwarder).StatFile
2026-09-16T23:03:40.0146780Z 	/src/frontend/gateway/gateway.go:995
2026-09-16T23:03:40.0147119Z github.com/moby/buildkit/control/gateway.(*GatewayForwarder).StatFile
2026-09-16T23:03:40.0147602Z 	/src/control/gateway/gateway.go:135
2026-09-16T23:03:40.0147971Z github.com/moby/buildkit/frontend/gateway/pb._LLBBridge_StatFile_Handler.func1
2026-09-16T23:03:40.0148379Z 	/src/frontend/gateway/pb/gateway_grpc.pb.go:469
2026-09-16T23:03:40.0148703Z google.golang.org/grpc.getChainUnaryHandler.func1
2026-09-16T23:03:40.0149023Z 	/src/vendor/google.golang.org/grpc/server.go:1256
2026-09-16T23:03:40.0149297Z main.unaryInterceptor
2026-09-16T23:03:40.0149500Z 	/src/cmd/buildkitd/main.go:803
2026-09-16T23:03:40.0149926Z google.golang.org/grpc.NewServer.chainUnaryServerInterceptors.chainUnaryInterceptors.func1
2026-09-16T23:03:40.0150421Z 	/src/vendor/google.golang.org/grpc/server.go:1247
2026-09-16T23:03:40.0150808Z github.com/moby/buildkit/frontend/gateway/pb._LLBBridge_StatFile_Handler
2026-09-16T23:03:40.0151193Z 	/src/frontend/gateway/pb/gateway_grpc.pb.go:471
2026-09-16T23:03:40.0151503Z google.golang.org/grpc.(*Server).processUnaryRPC
2026-09-16T23:03:40.0151811Z 	/src/vendor/google.golang.org/grpc/server.go:1443
2026-09-16T23:03:40.0152117Z google.golang.org/grpc.(*Server).handleStream
2026-09-16T23:03:40.0152413Z 	/src/vendor/google.golang.org/grpc/server.go:1858
2026-09-16T23:03:40.0152737Z google.golang.org/grpc.(*Server).serveStreams.func2.1
2026-09-16T23:03:40.0153393Z 	/src/vendor/google.golang.org/grpc/server.go:1078
2026-09-16T23:03:40.0153668Z runtime.goexit
2026-09-16T23:03:40.0154040Z 	/usr/local/go/src/runtime/asm_arm64.s:1447
2026-09-16T23:03:40.0154237Z 
2026-09-16T23:03:40.0154439Z 7 v0.33.0 /usr/bin/buildkitd --debug --allow-insecure-entitlement=network.host
2026-09-16T23:03:40.0154799Z main.unaryInterceptor
2026-09-16T23:03:40.0155016Z 	/src/cmd/buildkitd/main.go:807
2026-09-16T23:03:40.0155445Z google.golang.org/grpc.NewServer.chainUnaryServerInterceptors.chainUnaryInterceptors.func1
2026-09-16T23:03:40.0155935Z 	/src/vendor/google.golang.org/grpc/server.go:1247
2026-09-16T23:03:40.0156136Z 
2026-09-16T23:03:40.0156328Z 7 v0.33.0 /usr/bin/buildkitd --debug --allow-insecure-entitlement=network.host
2026-09-16T23:03:40.0156711Z github.com/moby/buildkit/cache/util.StatFile
2026-09-16T23:03:40.0156976Z 	/src/cache/util/fsutil.go:113
2026-09-16T23:03:40.0157303Z github.com/moby/buildkit/frontend/gateway.(*llbBridgeForwarder).StatFile
2026-09-16T23:03:40.0157683Z 	/src/frontend/gateway/gateway.go:995
2026-09-16T23:03:40.0157848Z 
2026-09-16T23:03:40.0158627Z time="2026-09-16T23:02:58Z" level=error msg="/moby.buildkit.v1.frontend.LLBBridge/StatFile returned error: rpc error: code = Unknown desc = lstat docker-bake.override.json: no such file or directory" spanID=a5822591688b59db traceID=832696a9ff20c5d328b53d4b721d6f9e
2026-09-16T23:03:40.0159813Z lstat docker-bake.override.json: no such file or directory
2026-09-16T23:03:40.0160251Z 7 v0.33.0 /usr/bin/buildkitd --debug --allow-insecure-entitlement=network.host
2026-09-16T23:03:40.0160619Z github.com/tonistiigi/fsutil.Stat
2026-09-16T23:03:40.0160888Z 	/src/vendor/github.com/tonistiigi/fsutil/stat.go:61
2026-09-16T23:03:40.0161190Z github.com/moby/buildkit/cache/util.StatFile
2026-09-16T23:03:40.0161456Z 	/src/cache/util/fsutil.go:107
2026-09-16T23:03:40.0161781Z github.com/moby/buildkit/frontend/gateway.(*llbBridgeForwarder).StatFile
2026-09-16T23:03:40.0162144Z 	/src/frontend/gateway/gateway.go:995
2026-09-16T23:03:40.0162486Z github.com/moby/buildkit/control/gateway.(*GatewayForwarder).StatFile
2026-09-16T23:03:40.0162843Z 	/src/control/gateway/gateway.go:135
2026-09-16T23:03:40.0163208Z github.com/moby/buildkit/frontend/gateway/pb._LLBBridge_StatFile_Handler.func1
2026-09-16T23:03:40.0163615Z 	/src/frontend/gateway/pb/gateway_grpc.pb.go:469
2026-09-16T23:03:40.0164106Z google.golang.org/grpc.getChainUnaryHandler.func1
2026-09-16T23:03:40.0164427Z 	/src/vendor/google.golang.org/grpc/server.go:1256
2026-09-16T23:03:40.0164704Z main.unaryInterceptor
2026-09-16T23:03:40.0164907Z 	/src/cmd/buildkitd/main.go:803
2026-09-16T23:03:40.0165332Z google.golang.org/grpc.NewServer.chainUnaryServerInterceptors.chainUnaryInterceptors.func1
2026-09-16T23:03:40.0165821Z 	/src/vendor/google.golang.org/grpc/server.go:1247
2026-09-16T23:03:40.0166204Z github.com/moby/buildkit/frontend/gateway/pb._LLBBridge_StatFile_Handler
2026-09-16T23:03:40.0166584Z 	/src/frontend/gateway/pb/gateway_grpc.pb.go:471
2026-09-16T23:03:40.0166897Z google.golang.org/grpc.(*Server).processUnaryRPC
2026-09-16T23:03:40.0167206Z 	/src/vendor/google.golang.org/grpc/server.go:1443
2026-09-16T23:03:40.0167519Z google.golang.org/grpc.(*Server).handleStream
2026-09-16T23:03:40.0167817Z 	/src/vendor/google.golang.org/grpc/server.go:1858
2026-09-16T23:03:40.0168143Z google.golang.org/grpc.(*Server).serveStreams.func2.1
2026-09-16T23:03:40.0168470Z 	/src/vendor/google.golang.org/grpc/server.go:1078
2026-09-16T23:03:40.0168742Z runtime.goexit
2026-09-16T23:03:40.0168939Z 	/usr/local/go/src/runtime/asm_arm64.s:1447
2026-09-16T23:03:40.0169118Z 
2026-09-16T23:03:40.0169309Z 7 v0.33.0 /usr/bin/buildkitd --debug --allow-insecure-entitlement=network.host
2026-09-16T23:03:40.0169668Z main.unaryInterceptor
2026-09-16T23:03:40.0169877Z 	/src/cmd/buildkitd/main.go:807
2026-09-16T23:03:40.0170304Z google.golang.org/grpc.NewServer.chainUnaryServerInterceptors.chainUnaryInterceptors.func1
2026-09-16T23:03:40.0170794Z 	/src/vendor/google.golang.org/grpc/server.go:1247
2026-09-16T23:03:40.0171245Z 
2026-09-16T23:03:40.0171441Z 7 v0.33.0 /usr/bin/buildkitd --debug --allow-insecure-entitlement=network.host
2026-09-16T23:03:40.0171821Z github.com/moby/buildkit/cache/util.StatFile
2026-09-16T23:03:40.0172087Z 	/src/cache/util/fsutil.go:113
2026-09-16T23:03:40.0172413Z github.com/moby/buildkit/frontend/gateway.(*llbBridgeForwarder).StatFile
2026-09-16T23:03:40.0172781Z 	/src/frontend/gateway/gateway.go:995
2026-09-16T23:03:40.0172951Z 
2026-09-16T23:03:40.0173720Z time="2026-09-16T23:02:58Z" level=error msg="/moby.buildkit.v1.frontend.LLBBridge/StatFile returned error: rpc error: code = Unknown desc = lstat docker-bake.override.hcl: no such file or directory" spanID=47dfc8844965f928 traceID=832696a9ff20c5d328b53d4b721d6f9e
2026-09-16T23:03:40.0174925Z lstat docker-bake.override.hcl: no such file or directory
2026-09-16T23:03:40.0175337Z 7 v0.33.0 /usr/bin/buildkitd --debug --allow-insecure-entitlement=network.host
2026-09-16T23:03:40.0175707Z github.com/tonistiigi/fsutil.Stat
2026-09-16T23:03:40.0175986Z 	/src/vendor/github.com/tonistiigi/fsutil/stat.go:61
2026-09-16T23:03:40.0176289Z github.com/moby/buildkit/cache/util.StatFile
2026-09-16T23:03:40.0176554Z 	/src/cache/util/fsutil.go:107
2026-09-16T23:03:40.0176884Z github.com/moby/buildkit/frontend/gateway.(*llbBridgeForwarder).StatFile
2026-09-16T23:03:40.0177252Z 	/src/frontend/gateway/gateway.go:995
2026-09-16T23:03:40.0177778Z github.com/moby/buildkit/control/gateway.(*GatewayForwarder).StatFile
2026-09-16T23:03:40.0178145Z 	/src/control/gateway/gateway.go:135
2026-09-16T23:03:40.0178514Z github.com/moby/buildkit/frontend/gateway/pb._LLBBridge_StatFile_Handler.func1
2026-09-16T23:03:40.0178917Z 	/src/frontend/gateway/pb/gateway_grpc.pb.go:469
2026-09-16T23:03:40.0179231Z google.golang.org/grpc.getChainUnaryHandler.func1
2026-09-16T23:03:40.0179549Z 	/src/vendor/google.golang.org/grpc/server.go:1256
2026-09-16T23:03:40.0179824Z main.unaryInterceptor
2026-09-16T23:03:40.0180028Z 	/src/cmd/buildkitd/main.go:803
2026-09-16T23:03:40.0180460Z google.golang.org/grpc.NewServer.chainUnaryServerInterceptors.chainUnaryInterceptors.func1
2026-09-16T23:03:40.0180949Z 	/src/vendor/google.golang.org/grpc/server.go:1247
2026-09-16T23:03:40.0181336Z github.com/moby/buildkit/frontend/gateway/pb._LLBBridge_StatFile_Handler
2026-09-16T23:03:40.0181721Z 	/src/frontend/gateway/pb/gateway_grpc.pb.go:471
2026-09-16T23:03:40.0182031Z google.golang.org/grpc.(*Server).processUnaryRPC
2026-09-16T23:03:40.0182342Z 	/src/vendor/google.golang.org/grpc/server.go:1443
2026-09-16T23:03:40.0182645Z google.golang.org/grpc.(*Server).handleStream
2026-09-16T23:03:40.0182944Z 	/src/vendor/google.golang.org/grpc/server.go:1858
2026-09-16T23:03:40.0183268Z google.golang.org/grpc.(*Server).serveStreams.func2.1
2026-09-16T23:03:40.0183593Z 	/src/vendor/google.golang.org/grpc/server.go:1078
2026-09-16T23:03:40.0184084Z runtime.goexit
2026-09-16T23:03:40.0184308Z 	/usr/local/go/src/runtime/asm_arm64.s:1447
2026-09-16T23:03:40.0184488Z 
2026-09-16T23:03:40.0184694Z 7 v0.33.0 /usr/bin/buildkitd --debug --allow-insecure-entitlement=network.host
2026-09-16T23:03:40.0185049Z main.unaryInterceptor
2026-09-16T23:03:40.0185255Z 	/src/cmd/buildkitd/main.go:807
2026-09-16T23:03:40.0185683Z google.golang.org/grpc.NewServer.chainUnaryServerInterceptors.chainUnaryInterceptors.func1
2026-09-16T23:03:40.0186170Z 	/src/vendor/google.golang.org/grpc/server.go:1247
2026-09-16T23:03:40.0186377Z 
2026-09-16T23:03:40.0186566Z 7 v0.33.0 /usr/bin/buildkitd --debug --allow-insecure-entitlement=network.host
2026-09-16T23:03:40.0186950Z github.com/moby/buildkit/cache/util.StatFile
2026-09-16T23:03:40.0187218Z 	/src/cache/util/fsutil.go:113
2026-09-16T23:03:40.0187545Z github.com/moby/buildkit/frontend/gateway.(*llbBridgeForwarder).StatFile
2026-09-16T23:03:40.0187913Z 	/src/frontend/gateway/gateway.go:995
2026-09-16T23:03:40.0188081Z 
2026-09-16T23:03:40.0188427Z time="2026-09-16T23:02:58Z" level=debug msg="session finished: <nil>" spanID=774350ea8409242b traceID=832696a9ff20c5d328b53d4b721d6f9e
2026-09-16T23:03:40.0189439Z time="2026-09-16T23:02:58Z" level=debug msg="session started" spanID=1643f0b58b052627 traceID=832696a9ff20c5d328b53d4b721d6f9e
2026-09-16T23:03:40.0190191Z time="2026-09-16T23:02:58Z" level=debug msg="session finished: <nil>" spanID=1643f0b58b052627 traceID=832696a9ff20c5d328b53d4b721d6f9e
2026-09-16T23:03:40.0190949Z time="2026-09-16T23:02:58Z" level=debug msg="session started" spanID=dc234d4b39c77762 traceID=a44c3937126759f07a32422fbbe0d7f3
2026-09-16T23:03:40.0192059Z time="2026-09-16T23:02:58Z" level=debug msg="load cache for [internal] load git source https://github.com/moby/moby.git#b019f4f1f46955593c7b74f4fd1c61bec4b22eab with we8s0kpxoblbt76zkesfgurh7::lhnr4y5tb43j1z8t19qap6896"
2026-09-16T23:03:40.0193522Z time="2026-09-16T23:02:58Z" level=error msg="/moby.buildkit.v1.frontend.LLBBridge/StatFile returned error: rpc error: code = Unknown desc = lstat Dockerfile.rego: no such file or directory" spanID=40754381a0ac5415 traceID=832696a9ff20c5d328b53d4b721d6f9e
2026-09-16T23:03:40.0194634Z lstat Dockerfile.rego: no such file or directory
2026-09-16T23:03:40.0195030Z 7 v0.33.0 /usr/bin/buildkitd --debug --allow-insecure-entitlement=network.host
2026-09-16T23:03:40.0195398Z github.com/tonistiigi/fsutil.Stat
2026-09-16T23:03:40.0195669Z 	/src/vendor/github.com/tonistiigi/fsutil/stat.go:61
2026-09-16T23:03:40.0195975Z github.com/moby/buildkit/cache/util.StatFile
2026-09-16T23:03:40.0196426Z 	/src/cache/util/fsutil.go:107
2026-09-16T23:03:40.0196800Z github.com/moby/buildkit/frontend/gateway.(*llbBridgeForwarder).StatFile
2026-09-16T23:03:40.0197167Z 	/src/frontend/gateway/gateway.go:995
2026-09-16T23:03:40.0197506Z github.com/moby/buildkit/control/gateway.(*GatewayForwarder).StatFile
2026-09-16T23:03:40.0197855Z 	/src/control/gateway/gateway.go:135
2026-09-16T23:03:40.0198220Z github.com/moby/buildkit/frontend/gateway/pb._LLBBridge_StatFile_Handler.func1
2026-09-16T23:03:40.0198626Z 	/src/frontend/gateway/pb/gateway_grpc.pb.go:469
2026-09-16T23:03:40.0198974Z google.golang.org/grpc.getChainUnaryHandler.func1
2026-09-16T23:03:40.0199303Z 	/src/vendor/google.golang.org/grpc/server.go:1256
2026-09-16T23:03:40.0199579Z main.unaryInterceptor
2026-09-16T23:03:40.0199786Z 	/src/cmd/buildkitd/main.go:803
2026-09-16T23:03:40.0200214Z google.golang.org/grpc.NewServer.chainUnaryServerInterceptors.chainUnaryInterceptors.func1
2026-09-16T23:03:40.0200714Z 	/src/vendor/google.golang.org/grpc/server.go:1247
2026-09-16T23:03:40.0201098Z github.com/moby/buildkit/frontend/gateway/pb._LLBBridge_StatFile_Handler
2026-09-16T23:03:40.0201483Z 	/src/frontend/gateway/pb/gateway_grpc.pb.go:471
2026-09-16T23:03:40.0201791Z google.golang.org/grpc.(*Server).processUnaryRPC
2026-09-16T23:03:40.0202108Z 	/src/vendor/google.golang.org/grpc/server.go:1443
2026-09-16T23:03:40.0202413Z google.golang.org/grpc.(*Server).handleStream
2026-09-16T23:03:40.0202714Z 	/src/vendor/google.golang.org/grpc/server.go:1858
2026-09-16T23:03:40.0203040Z google.golang.org/grpc.(*Server).serveStreams.func2.1
2026-09-16T23:03:40.0203377Z 	/src/vendor/google.golang.org/grpc/server.go:1078
2026-09-16T23:03:40.0203645Z runtime.goexit
2026-09-16T23:03:40.0204308Z 	/usr/local/go/src/runtime/asm_arm64.s:1447
2026-09-16T23:03:40.0204522Z 
2026-09-16T23:03:40.0204725Z 7 v0.33.0 /usr/bin/buildkitd --debug --allow-insecure-entitlement=network.host
2026-09-16T23:03:40.0205261Z main.unaryInterceptor
2026-09-16T23:03:40.0205478Z 	/src/cmd/buildkitd/main.go:807
2026-09-16T23:03:40.0205908Z google.golang.org/grpc.NewServer.chainUnaryServerInterceptors.chainUnaryInterceptors.func1
2026-09-16T23:03:40.0206397Z 	/src/vendor/google.golang.org/grpc/server.go:1247
2026-09-16T23:03:40.0206598Z 
2026-09-16T23:03:40.0206789Z 7 v0.33.0 /usr/bin/buildkitd --debug --allow-insecure-entitlement=network.host
2026-09-16T23:03:40.0207169Z github.com/moby/buildkit/cache/util.StatFile
2026-09-16T23:03:40.0207431Z 	/src/cache/util/fsutil.go:113
2026-09-16T23:03:40.0207758Z github.com/moby/buildkit/frontend/gateway.(*llbBridgeForwarder).StatFile
2026-09-16T23:03:40.0208127Z 	/src/frontend/gateway/gateway.go:995
2026-09-16T23:03:40.0208584Z 
2026-09-16T23:03:40.0208967Z time="2026-09-16T23:02:58Z" level=debug msg="resolve exporter local with map[]" spanID=6a32f4d103b61892 traceID=832696a9ff20c5d328b53d4b721d6f9e
2026-09-16T23:03:40.0209845Z time="2026-09-16T23:02:58Z" level=debug msg="session started" spanID=ae1d6d148aa2554a traceID=832696a9ff20c5d328b53d4b721d6f9e
2026-09-16T23:03:40.0210811Z time="2026-09-16T23:03:02Z" level=debug msg="checked for cached auth handler namespace" cached=false key="docker.io/docker/dockerfile::pull" name=docker.io/docker/dockerfile scope=pull
2026-09-16T23:03:40.0211874Z time="2026-09-16T23:03:02Z" level=debug msg=resolving span="resolving docker.io/docker/dockerfile:1" spanID=0498e8985f18307a traceID=832696a9ff20c5d328b53d4b721d6f9e
2026-09-16T23:03:40.0213981Z time="2026-09-16T23:03:02Z" level=debug msg="do request" request.header.accept="application/vnd.docker.distribution.manifest.v2+json, application/vnd.docker.distribution.manifest.list.v2+json, application/vnd.oci.image.manifest.v1+json, application/vnd.oci.image.index.v1+json, */*" request.header.user-agent=buildkit/v0.33 request.method=HEAD span="resolving docker.io/docker/dockerfile:1" spanID=0498e8985f18307a traceID=832696a9ff20c5d328b53d4b721d6f9e
2026-09-16T23:03:40.0218422Z time="2026-09-16T23:03:02Z" level=debug msg="fetch response received" response.header.connection=keep-alive response.header.content-length=160 response.header.content-type=application/json response.header.date="Wed, 16 Sep 2026 23:03:02 GMT" response.header.docker-distribution-api-version=registry/2.0 response.header.docker-ratelimit-source=172.182.227.160 response.header.strict-transport-security="max-age=31536000" response.header.www-authenticate="***"https://auth.docker.io/token\",service=\"registry.docker.io\",scope=\"repository:docker/dockerfile:pull\"" response.status="401 Unauthorized" span="resolving docker.io/docker/dockerfile:1" spanID=0498e8985f18307a traceID=832696a9ff20c5d328b53d4b721d6f9e
2026-09-16T23:03:40.0221725Z time="2026-09-16T23:03:02Z" level=debug msg=Unauthorized header="***"https://auth.docker.io/token\",service=\"registry.docker.io\",scope=\"repository:docker/dockerfile:pull\"" span="resolving docker.io/docker/dockerfile:1" spanID=0498e8985f18307a traceID=832696a9ff20c5d328b53d4b721d6f9e
2026-09-16T23:03:40.0224202Z time="2026-09-16T23:03:02Z" level=debug msg="do request" request.header.accept="application/vnd.docker.distribution.manifest.v2+json, application/vnd.docker.distribution.manifest.list.v2+json, application/vnd.oci.image.manifest.v1+json, application/vnd.oci.image.index.v1+json, */*" request.header.user-agent=buildkit/v0.33 request.method=HEAD span="resolving docker.io/docker/dockerfile:1" spanID=0498e8985f18307a traceID=832696a9ff20c5d328b53d4b721d6f9e
2026-09-16T23:03:40.0228335Z time="2026-09-16T23:03:02Z" level=debug msg="fetch response received" response.header.connection=keep-alive response.header.content-length=9078 response.header.content-type=application/vnd.oci.image.index.v1+json response.header.date="Wed, 16 Sep 2026 23:03:02 GMT" response.header.docker-content-digest="sha256:ecfaec9ed6d810b56388c508f4121597bfbba70d41a6dfeee4d8cad5f295fc32" response.header.docker-distribution-api-version=registry/2.0 response.header.docker-ratelimit-source=githubactions response.header.etag="\"sha256:ecfaec9ed6d810b56388c508f4121597bfbba70d41a6dfeee4d8cad5f295fc32\"" response.header.strict-transport-security="max-age=31536000" response.status="200 OK" span="resolving docker.io/docker/dockerfile:1" spanID=0498e8985f18307a traceID=832696a9ff20c5d328b53d4b721d6f9e
2026-09-16T23:03:40.0231767Z time="2026-09-16T23:03:02Z" level=debug msg=resolved desc.digest="sha256:ecfaec9ed6d810b56388c508f4121597bfbba70d41a6dfeee4d8cad5f295fc32" span="resolving docker.io/docker/dockerfile:1" spanID=0498e8985f18307a traceID=832696a9ff20c5d328b53d4b721d6f9e
2026-09-16T23:03:40.0233047Z time="2026-09-16T23:03:02Z" level=debug msg=fetch span="resolving docker.io/docker/dockerfile:1" spanID=0498e8985f18307a traceID=832696a9ff20c5d328b53d4b721d6f9e
2026-09-16T23:03:40.0234500Z time="2026-09-16T23:03:02Z" level=debug msg="fetching layer" chunk_size=0 initial_parallelism=0 offset=0 parallelism=1 span="resolving docker.io/docker/dockerfile:1" spanID=0498e8985f18307a traceID=832696a9ff20c5d328b53d4b721d6f9e
2026-09-16T23:03:40.0236350Z time="2026-09-16T23:03:02Z" level=debug msg="do request" request.header.accept="application/vnd.oci.image.index.v1+json, */*" request.header.accept-encoding="zstd;q=1.0, gzip;q=0.8, deflate;q=0.5" request.header.user-agent=buildkit/v0.33 request.method=GET span="resolving docker.io/docker/dockerfile:1" spanID=0498e8985f18307a traceID=832696a9ff20c5d328b53d4b721d6f9e
2026-09-16T23:03:40.0240285Z time="2026-09-16T23:03:02Z" level=debug msg="fetch response received" response.header.connection=keep-alive response.header.content-length=9078 response.header.content-type=application/vnd.oci.image.index.v1+json response.header.date="Wed, 16 Sep 2026 23:03:02 GMT" response.header.docker-content-digest="sha256:ecfaec9ed6d810b56388c508f4121597bfbba70d41a6dfeee4d8cad5f295fc32" response.header.docker-distribution-api-version=registry/2.0 response.header.docker-ratelimit-source=githubactions response.header.etag="\"sha256:ecfaec9ed6d810b56388c508f4121597bfbba70d41a6dfeee4d8cad5f295fc32\"" response.header.strict-transport-security="max-age=31536000" response.status="200 OK" span="resolving docker.io/docker/dockerfile:1" spanID=0498e8985f18307a traceID=832696a9ff20c5d328b53d4b721d6f9e
2026-09-16T23:03:40.0243430Z time="2026-09-16T23:03:02Z" level=debug msg=fetch span="resolving docker.io/docker/dockerfile:1" spanID=0498e8985f18307a traceID=832696a9ff20c5d328b53d4b721d6f9e
2026-09-16T23:03:40.0244741Z time="2026-09-16T23:03:02Z" level=debug msg="fetching layer" chunk_size=0 initial_parallelism=0 offset=0 parallelism=1 span="resolving docker.io/docker/dockerfile:1" spanID=0498e8985f18307a traceID=832696a9ff20c5d328b53d4b721d6f9e
2026-09-16T23:03:40.0246594Z time="2026-09-16T23:03:02Z" level=debug msg="do request" request.header.accept="application/vnd.oci.image.manifest.v1+json, */*" request.header.accept-encoding="zstd;q=1.0, gzip;q=0.8, deflate;q=0.5" request.header.user-agent=buildkit/v0.33 request.method=GET span="resolving docker.io/docker/dockerfile:1" spanID=0498e8985f18307a traceID=832696a9ff20c5d328b53d4b721d6f9e
2026-09-16T23:03:40.0250402Z time="2026-09-16T23:03:02Z" level=debug msg="fetch response received" response.header.connection=keep-alive response.header.content-length=1134 response.header.content-type=application/vnd.oci.image.manifest.v1+json response.header.date="Wed, 16 Sep 2026 23:03:02 GMT" response.header.docker-content-digest="sha256:c3b66a665852ac170efea25a37f23deb86c2decda65806441a2aa1fe31700135" response.header.docker-distribution-api-version=registry/2.0 response.header.docker-ratelimit-source=githubactions response.header.etag="\"sha256:c3b66a665852ac170efea25a37f23deb86c2decda65806441a2aa1fe31700135\"" response.header.strict-transport-security="max-age=31536000" response.status="200 OK" span="resolving docker.io/docker/dockerfile:1" spanID=0498e8985f18307a traceID=832696a9ff20c5d328b53d4b721d6f9e
2026-09-16T23:03:40.0253586Z time="2026-09-16T23:03:02Z" level=debug msg=fetch span="resolving docker.io/docker/dockerfile:1" spanID=0498e8985f18307a traceID=832696a9ff20c5d328b53d4b721d6f9e
2026-09-16T23:03:40.0254882Z time="2026-09-16T23:03:02Z" level=debug msg="fetching layer" chunk_size=0 initial_parallelism=0 offset=0 parallelism=1 span="resolving docker.io/docker/dockerfile:1" spanID=0498e8985f18307a traceID=832696a9ff20c5d328b53d4b721d6f9e
2026-09-16T23:03:40.0256730Z time="2026-09-16T23:03:02Z" level=debug msg="do request" request.header.accept="application/vnd.oci.image.config.v1+json, */*" request.header.accept-encoding="zstd;q=1.0, gzip;q=0.8, deflate;q=0.5" request.header.user-agent=buildkit/v0.33 request.method=GET span="resolving docker.io/docker/dockerfile:1" spanID=0498e8985f18307a traceID=832696a9ff20c5d328b53d4b721d6f9e
2026-09-16T23:03:40.0261259Z time="2026-09-16T23:03:02Z" level=debug msg="fetch response received" response.header.accept-ranges=bytes response.header.age=826274 response.header.alt-svc="h3=\":443\"; ma=86400" response.header.connection=keep-alive response.header.content-length=1332 response.header.content-type=application/octet-stream response.header.date="Mon, 07 Sep 2026 09:31:49 GMT" response.header.etag="\"63fec100ed27ee999ac6447cddb56c7c\"" response.header.last-modified="Wed, 29 Jul 2026 16:26:54 GMT" response.header.server=AmazonS3 response.header.via="1.1 f1558f9342310964ab873537313daedc.cloudfront.net (CloudFront)" response.header.x-amz-cf-id="mBENmD1kH0xcUHEOjqvkUEEVT6yxYjTpQ4Qh-6gbQ_r3WIrA7TlQJg==" response.header.x-amz-cf-pop=PHX50-P2 response.header.x-amz-server-side-encryption=AES256 response.header.x-amz-version-id=MUG6rEAgTlnorrnX9.07gi3DqbiZxRE9 response.header.x-cache="Hit from cloudfront" response.status="200 OK" span="resolving docker.io/docker/dockerfile:1" spanID=0498e8985f18307a traceID=832696a9ff20c5d328b53d4b721d6f9e
2026-09-16T23:03:40.0265739Z time="2026-09-16T23:03:02Z" level=debug msg="checked for cached auth handler namespace" cached=true key="docker.io/docker/dockerfile::pull" name=docker.io/docker/dockerfile scope=pull
2026-09-16T23:03:40.0267324Z time="2026-09-16T23:03:02Z" level=debug msg=fetch digest="sha256:ecfaec9ed6d810b56388c508f4121597bfbba70d41a6dfeee4d8cad5f295fc32" mediatype=application/vnd.oci.image.index.v1+json size=9078 spanID=71c7648f8efd1c27 traceID=832696a9ff20c5d328b53d4b721d6f9e
2026-09-16T23:03:40.0268989Z time="2026-09-16T23:03:02Z" level=debug msg=fetch digest="sha256:c3b66a665852ac170efea25a37f23deb86c2decda65806441a2aa1fe31700135" mediatype=application/vnd.oci.image.manifest.v1+json size=1134 spanID=71c7648f8efd1c27 traceID=832696a9ff20c5d328b53d4b721d6f9e
2026-09-16T23:03:40.0270768Z time="2026-09-16T23:03:02Z" level=debug msg=fetch digest="sha256:4f7d231ef9845e002d072420e08ed772ab2a505c50fc284fdc900c9a35669ff2" mediatype=application/vnd.oci.image.config.v1+json size=1332 spanID=71c7648f8efd1c27 traceID=832696a9ff20c5d328b53d4b721d6f9e
2026-09-16T23:03:40.0272150Z time="2026-09-16T23:03:02Z" level=debug msg="checked for cached auth handler namespace" cached=true key="docker.io/docker/dockerfile::pull" name=docker.io/docker/dockerfile scope=pull
2026-09-16T23:03:40.0273271Z time="2026-09-16T23:03:02Z" level=debug msg="checked for cached auth handler namespace" cached=true key="docker.io/docker/dockerfile::pull" name=docker.io/docker/dockerfile scope=pull
2026-09-16T23:03:40.0275007Z time="2026-09-16T23:03:02Z" level=debug msg=fetch digest="sha256:48ca54f0226d3b90064659efd4391d107ad948df73aed877309530e6f3ef19df" mediatype=application/vnd.oci.image.layer.v1.tar+gzip size=13012717 spanID=71c7648f8efd1c27 traceID=832696a9ff20c5d328b53d4b721d6f9e
2026-09-16T23:03:40.0276901Z time="2026-09-16T23:03:02Z" level=debug msg="fetching layer" chunk_size=0 digest="sha256:48ca54f0226d3b90064659efd4391d107ad948df73aed877309530e6f3ef19df" initial_parallelism=0 mediatype=application/vnd.oci.image.layer.v1.tar+gzip offset=0 parallelism=1 size=13012717 spanID=71c7648f8efd1c27 traceID=832696a9ff20c5d328b53d4b721d6f9e
2026-09-16T23:03:40.0279927Z time="2026-09-16T23:03:02Z" level=debug msg="do request" digest="sha256:48ca54f0226d3b90064659efd4391d107ad948df73aed877309530e6f3ef19df" mediatype=application/vnd.oci.image.layer.v1.tar+gzip request.header.accept="application/vnd.oci.image.layer.v1.tar+gzip, */*" request.header.accept-encoding="zstd;q=1.0, gzip;q=0.8, deflate;q=0.5" request.header.user-agent=buildkit/v0.33 request.method=GET size=13012717 spanID=71c7648f8efd1c27 traceID=832696a9ff20c5d328b53d4b721d6f9e url="https://registry-1.docker.io/v2/docker/dockerfile/blobs/sha256:48ca54f0226d3b90064659efd4391d107ad948df73aed877309530e6f3ef19df"
2026-09-16T23:03:40.0286420Z time="2026-09-16T23:03:02Z" level=debug msg="fetch response received" digest="sha256:48ca54f0226d3b90064659efd4391d107ad948df73aed877309530e6f3ef19df" mediatype=application/vnd.oci.image.layer.v1.tar+gzip response.header.accept-ranges=bytes response.header.age=437155 response.header.alt-svc="h3=\":443\"; ma=86400" response.header.connection=keep-alive response.header.content-length=13012717 response.header.content-type=application/octet-stream response.header.date="Fri, 11 Sep 2026 21:37:08 GMT" response.header.etag="\"00945fa6515dc2b52cd5d18db80c84ec\"" response.header.last-modified="Wed, 29 Jul 2026 16:26:54 GMT" response.header.server=AmazonS3 response.header.via="1.1 f1558f9342310964ab873537313daedc.cloudfront.net (CloudFront)" response.header.x-amz-cf-id="PU9nrn0bVQfNxLZGgQpZJmufsvJL-Q3xfLktU1ibyzYEquMpw4qlMw==" response.header.x-amz-cf-pop=PHX50-P2 response.header.x-amz-server-side-encryption=AES256 response.header.x-amz-storage-class=INTELLIGENT_TIERING response.header.x-amz-version-id=MQd5LdXeXWgH00rAe2OxhnasWcoA1l6G response.header.x-cache="Hit from cloudfront" response.status="200 OK" size=13012717 spanID=71c7648f8efd1c27 traceID=832696a9ff20c5d328b53d4b721d6f9e url="https://registry-1.docker.io/v2/docker/dockerfile/blobs/sha256:48ca54f0226d3b90064659efd4391d107ad948df73aed877309530e6f3ef19df"
2026-09-16T23:03:40.0291580Z time="2026-09-16T23:03:03Z" level=debug msg=" not found" error="exec: \"igzip\": executable file not found in $PATH"
2026-09-16T23:03:40.0292136Z time="2026-09-16T23:03:03Z" level=debug msg="using unpigz for decompression"
2026-09-16T23:03:40.0293419Z time="2026-09-16T23:03:03Z" level=debug msg="diff applied" d=65.58304ms digest="sha256:48ca54f0226d3b90064659efd4391d107ad948df73aed877309530e6f3ef19df" media=application/vnd.oci.image.layer.v1.tar+gzip size=13012717 span=extract spanID=806cff5d82be5bc2 traceID=832696a9ff20c5d328b53d4b721d6f9e
2026-09-16T23:03:40.0294867Z time="2026-09-16T23:03:03Z" level=debug msg="serving grpc connection" spanID=71c7648f8efd1c27 traceID=832696a9ff20c5d328b53d4b721d6f9e
2026-09-16T23:03:40.0295808Z time="2026-09-16T23:03:03Z" level=debug msg="> creating 0dsqt4zeezgc4s4podaaitb6o [/bin/dockerfile-frontend]" spanID=71c7648f8efd1c27 traceID=832696a9ff20c5d328b53d4b721d6f9e
2026-09-16T23:03:40.0296906Z time="2026-09-16T23:03:03Z" level=debug msg="checked for cached auth handler namespace" cached=false key="docker.io/library/golang::pull" name=docker.io/library/golang scope=pull
2026-09-16T23:03:40.0297987Z time="2026-09-16T23:03:03Z" level=debug msg="checked for cached auth handler namespace" cached=false key="docker.io/tonistiigi/xx::pull" name=docker.io/tonistiigi/xx scope=pull
2026-09-16T23:03:40.0299049Z time="2026-09-16T23:03:03Z" level=debug msg=resolving span="resolving docker.io/library/golang:1.26.8-trixie" spanID=646de07c398eaa75 traceID=832696a9ff20c5d328b53d4b721d6f9e
2026-09-16T23:03:40.0301081Z time="2026-09-16T23:03:03Z" level=debug msg="do request" request.header.accept="application/vnd.docker.distribution.manifest.v2+json, application/vnd.docker.distribution.manifest.list.v2+json, application/vnd.oci.image.manifest.v1+json, application/vnd.oci.image.index.v1+json, */*" request.header.user-agent=buildkit/v0.33 request.method=HEAD span="resolving docker.io/library/golang:1.26.8-trixie" spanID=646de07c398eaa75 traceID=832696a9ff20c5d328b53d4b721d6f9e
2026-09-16T23:03:40.0303078Z time="2026-09-16T23:03:03Z" level=debug msg=resolving span="resolving docker.io/tonistiigi/xx:1.9.0" spanID=5d706b07f3723d32 traceID=832696a9ff20c5d328b53d4b721d6f9e
2026-09-16T23:03:40.0305154Z time="2026-09-16T23:03:03Z" level=debug msg="do request" request.header.accept="application/vnd.docker.distribution.manifest.v2+json, application/vnd.docker.distribution.manifest.list.v2+json, application/vnd.oci.image.manifest.v1+json, application/vnd.oci.image.index.v1+json, */*" request.header.user-agent=buildkit/v0.33 request.method=HEAD span="resolving docker.io/tonistiigi/xx:1.9.0" spanID=5d706b07f3723d32 traceID=832696a9ff20c5d328b53d4b721d6f9e
2026-09-16T23:03:40.0309147Z time="2026-09-16T23:03:03Z" level=debug msg="fetch response received" response.header.connection=keep-alive response.header.content-length=157 response.header.content-type=application/json response.header.date="Wed, 16 Sep 2026 23:03:03 GMT" response.header.docker-distribution-api-version=registry/2.0 response.header.docker-ratelimit-source=172.182.227.160 response.header.strict-transport-security="max-age=31536000" response.header.www-authenticate="***"https://auth.docker.io/token\",service=\"registry.docker.io\",scope=\"repository:library/golang:pull\"" response.status="401 Unauthorized" span="resolving docker.io/library/golang:1.26.8-trixie" spanID=646de07c398eaa75 traceID=832696a9ff20c5d328b53d4b721d6f9e
2026-09-16T23:03:40.0313018Z time="2026-09-16T23:03:03Z" level=debug msg=Unauthorized header="***"https://auth.docker.io/token\",service=\"registry.docker.io\",scope=\"repository:library/golang:pull\"" span="resolving docker.io/library/golang:1.26.8-trixie" spanID=646de07c398eaa75 traceID=832696a9ff20c5d328b53d4b721d6f9e
2026-09-16T23:03:40.0315668Z time="2026-09-16T23:03:03Z" level=debug msg="do request" request.header.accept="application/vnd.docker.distribution.manifest.v2+json, application/vnd.docker.distribution.manifest.list.v2+json, application/vnd.oci.image.manifest.v1+json, application/vnd.oci.image.index.v1+json, */*" request.header.user-agent=buildkit/v0.33 request.method=HEAD span="resolving docker.io/library/golang:1.26.8-trixie" spanID=646de07c398eaa75 traceID=832696a9ff20c5d328b53d4b721d6f9e
2026-09-16T23:03:40.0319811Z time="2026-09-16T23:03:03Z" level=debug msg="fetch response received" response.header.connection=keep-alive response.header.content-length=156 response.header.content-type=application/json response.header.date="Wed, 16 Sep 2026 23:03:03 GMT" response.header.docker-distribution-api-version=registry/2.0 response.header.docker-ratelimit-source=172.182.227.160 response.header.strict-transport-security="max-age=31536000" response.header.www-authenticate="***"https://auth.docker.io/token\",service=\"registry.docker.io\",scope=\"repository:tonistiigi/xx:pull\"" response.status="401 Unauthorized" span="resolving docker.io/tonistiigi/xx:1.9.0" spanID=5d706b07f3723d32 traceID=832696a9ff20c5d328b53d4b721d6f9e
2026-09-16T23:03:40.0323081Z time="2026-09-16T23:03:03Z" level=debug msg=Unauthorized header="***"https://auth.docker.io/token\",service=\"registry.docker.io\",scope=\"repository:tonistiigi/xx:pull\"" span="resolving docker.io/tonistiigi/xx:1.9.0" spanID=5d706b07f3723d32 traceID=832696a9ff20c5d328b53d4b721d6f9e
2026-09-16T23:03:40.0325536Z time="2026-09-16T23:03:03Z" level=debug msg="do request" request.header.accept="application/vnd.docker.distribution.manifest.v2+json, application/vnd.docker.distribution.manifest.list.v2+json, application/vnd.oci.image.manifest.v1+json, application/vnd.oci.image.index.v1+json, */*" request.header.user-agent=buildkit/v0.33 request.method=HEAD span="resolving docker.io/tonistiigi/xx:1.9.0" spanID=5d706b07f3723d32 traceID=832696a9ff20c5d328b53d4b721d6f9e
2026-09-16T23:03:40.0329674Z time="2026-09-16T23:03:03Z" level=debug msg="fetch response received" response.header.connection=keep-alive response.header.content-length=9050 response.header.content-type=application/vnd.oci.image.index.v1+json response.header.date="Wed, 16 Sep 2026 23:03:03 GMT" response.header.docker-content-digest="sha256:771f3162219f7a66bb6be3fea1ba31f418932946a99ad9eac26ffd555dfcf393" response.header.docker-distribution-api-version=registry/2.0 response.header.docker-ratelimit-source=githubactions response.header.etag="\"sha256:771f3162219f7a66bb6be3fea1ba31f418932946a99ad9eac26ffd555dfcf393\"" response.header.strict-transport-security="max-age=31536000" response.status="200 OK" span="resolving docker.io/library/golang:1.26.8-trixie" spanID=646de07c398eaa75 traceID=832696a9ff20c5d328b53d4b721d6f9e
2026-09-16T23:03:40.0333136Z time="2026-09-16T23:03:03Z" level=debug msg=resolved desc.digest="sha256:771f3162219f7a66bb6be3fea1ba31f418932946a99ad9eac26ffd555dfcf393" span="resolving docker.io/library/golang:1.26.8-trixie" spanID=646de07c398eaa75 traceID=832696a9ff20c5d328b53d4b721d6f9e
2026-09-16T23:03:40.0334530Z time="2026-09-16T23:03:03Z" level=debug msg=fetch span="resolving docker.io/library/golang:1.26.8-trixie" spanID=646de07c398eaa75 traceID=832696a9ff20c5d328b53d4b721d6f9e
2026-09-16T23:03:40.0335969Z time="2026-09-16T23:03:03Z" level=debug msg="fetching layer" chunk_size=0 initial_parallelism=0 offset=0 parallelism=1 span="resolving docker.io/library/golang:1.26.8-trixie" spanID=646de07c398eaa75 traceID=832696a9ff20c5d328b53d4b721d6f9e
2026-09-16T23:03:40.0337872Z time="2026-09-16T23:03:03Z" level=debug msg="do request" request.header.accept="application/vnd.oci.image.index.v1+json, */*" request.header.accept-encoding="zstd;q=1.0, gzip;q=0.8, deflate;q=0.5" request.header.user-agent=buildkit/v0.33 request.method=GET span="resolving docker.io/library/golang:1.26.8-trixie" spanID=646de07c398eaa75 traceID=832696a9ff20c5d328b53d4b721d6f9e
2026-09-16T23:03:40.0341807Z time="2026-09-16T23:03:03Z" level=debug msg="fetch response received" response.header.connection=keep-alive response.header.content-length=10708 response.header.content-type=application/vnd.oci.image.index.v1+json response.header.date="Wed, 16 Sep 2026 23:03:03 GMT" response.header.docker-content-digest="sha256:c64defb9ed5a91eacb37f96ccc3d4cd72521c4bd18d5442905b95e2226b0e707" response.header.docker-distribution-api-version=registry/2.0 response.header.docker-ratelimit-source=githubactions response.header.etag="\"sha256:c64defb9ed5a91eacb37f96ccc3d4cd72521c4bd18d5442905b95e2226b0e707\"" response.header.strict-transport-security="max-age=31536000" response.status="200 OK" span="resolving docker.io/tonistiigi/xx:1.9.0" spanID=5d706b07f3723d32 traceID=832696a9ff20c5d328b53d4b721d6f9e
2026-09-16T23:03:40.0345321Z time="2026-09-16T23:03:03Z" level=debug msg=resolved desc.digest="sha256:c64defb9ed5a91eacb37f96ccc3d4cd72521c4bd18d5442905b95e2226b0e707" span="resolving docker.io/tonistiigi/xx:1.9.0" spanID=5d706b07f3723d32 traceID=832696a9ff20c5d328b53d4b721d6f9e
2026-09-16T23:03:40.0346588Z time="2026-09-16T23:03:03Z" level=debug msg=fetch span="resolving docker.io/tonistiigi/xx:1.9.0" spanID=5d706b07f3723d32 traceID=832696a9ff20c5d328b53d4b721d6f9e
2026-09-16T23:03:40.0347763Z time="2026-09-16T23:03:03Z" level=debug msg="fetching layer" chunk_size=0 initial_parallelism=0 offset=0 parallelism=1 span="resolving docker.io/tonistiigi/xx:1.9.0" spanID=5d706b07f3723d32 traceID=832696a9ff20c5d328b53d4b721d6f9e
2026-09-16T23:03:40.0349603Z time="2026-09-16T23:03:03Z" level=debug msg="do request" request.header.accept="application/vnd.oci.image.index.v1+json, */*" request.header.accept-encoding="zstd;q=1.0, gzip;q=0.8, deflate;q=0.5" request.header.user-agent=buildkit/v0.33 request.method=GET span="resolving docker.io/tonistiigi/xx:1.9.0" spanID=5d706b07f3723d32 traceID=832696a9ff20c5d328b53d4b721d6f9e
2026-09-16T23:03:40.0353400Z time="2026-09-16T23:03:03Z" level=debug msg="fetch response received" response.header.connection=keep-alive response.header.content-length=9050 response.header.content-type=application/vnd.oci.image.index.v1+json response.header.date="Wed, 16 Sep 2026 23:03:03 GMT" response.header.docker-content-digest="sha256:771f3162219f7a66bb6be3fea1ba31f418932946a99ad9eac26ffd555dfcf393" response.header.docker-distribution-api-version=registry/2.0 response.header.docker-ratelimit-source=githubactions response.header.etag="\"sha256:771f3162219f7a66bb6be3fea1ba31f418932946a99ad9eac26ffd555dfcf393\"" response.header.strict-transport-security="max-age=31536000" response.status="200 OK" span="resolving docker.io/library/golang:1.26.8-trixie" spanID=646de07c398eaa75 traceID=832696a9ff20c5d328b53d4b721d6f9e
2026-09-16T23:03:40.0356659Z time="2026-09-16T23:03:03Z" level=debug msg=fetch span="resolving docker.io/library/golang:1.26.8-trixie" spanID=646de07c398eaa75 traceID=832696a9ff20c5d328b53d4b721d6f9e
2026-09-16T23:03:40.0357899Z time="2026-09-16T23:03:03Z" level=debug msg="fetching layer" chunk_size=0 initial_parallelism=0 offset=0 parallelism=1 span="resolving docker.io/library/golang:1.26.8-trixie" spanID=646de07c398eaa75 traceID=832696a9ff20c5d328b53d4b721d6f9e
2026-09-16T23:03:40.0360002Z time="2026-09-16T23:03:03Z" level=debug msg="do request" request.header.accept="application/vnd.oci.image.manifest.v1+json, */*" request.header.accept-encoding="zstd;q=1.0, gzip;q=0.8, deflate;q=0.5" request.header.user-agent=buildkit/v0.33 request.method=GET span="resolving docker.io/library/golang:1.26.8-trixie" spanID=646de07c398eaa75 traceID=832696a9ff20c5d328b53d4b721d6f9e
2026-09-16T23:03:40.0364610Z time="2026-09-16T23:03:03Z" level=debug msg="fetch response received" response.header.connection=keep-alive response.header.content-length=10708 response.header.content-type=application/vnd.oci.image.index.v1+json response.header.date="Wed, 16 Sep 2026 23:03:03 GMT" response.header.docker-content-digest="sha256:c64defb9ed5a91eacb37f96ccc3d4cd72521c4bd18d5442905b95e2226b0e707" response.header.docker-distribution-api-version=registry/2.0 response.header.docker-ratelimit-source=githubactions response.header.etag="\"sha256:c64defb9ed5a91eacb37f96ccc3d4cd72521c4bd18d5442905b95e2226b0e707\"" response.header.strict-transport-security="max-age=31536000" response.status="200 OK" span="resolving docker.io/tonistiigi/xx:1.9.0" spanID=5d706b07f3723d32 traceID=832696a9ff20c5d328b53d4b721d6f9e
2026-09-16T23:03:40.0367741Z time="2026-09-16T23:03:03Z" level=debug msg=fetch span="resolving docker.io/tonistiigi/xx:1.9.0" spanID=5d706b07f3723d32 traceID=832696a9ff20c5d328b53d4b721d6f9e
2026-09-16T23:03:40.0369066Z time="2026-09-16T23:03:03Z" level=debug msg="fetching layer" chunk_size=0 initial_parallelism=0 offset=0 parallelism=1 span="resolving docker.io/tonistiigi/xx:1.9.0" spanID=5d706b07f3723d32 traceID=832696a9ff20c5d328b53d4b721d6f9e
2026-09-16T23:03:40.0370918Z time="2026-09-16T23:03:03Z" level=debug msg="do request" request.header.accept="application/vnd.oci.image.manifest.v1+json, */*" request.header.accept-encoding="zstd;q=1.0, gzip;q=0.8, deflate;q=0.5" request.header.user-agent=buildkit/v0.33 request.method=GET span="resolving docker.io/tonistiigi/xx:1.9.0" spanID=5d706b07f3723d32 traceID=832696a9ff20c5d328b53d4b721d6f9e
2026-09-16T23:03:40.0375031Z time="2026-09-16T23:03:03Z" level=debug msg="fetch response received" response.header.connection=keep-alive response.header.content-length=2318 response.header.content-type=application/vnd.oci.image.manifest.v1+json response.header.date="Wed, 16 Sep 2026 23:03:03 GMT" response.header.docker-content-digest="sha256:475235651efe37c2fb2befd6762f257c67ecbf0bb27b1990263541d7b8f0ebe7" response.header.docker-distribution-api-version=registry/2.0 response.header.docker-ratelimit-source=githubactions response.header.etag="\"sha256:475235651efe37c2fb2befd6762f257c67ecbf0bb27b1990263541d7b8f0ebe7\"" response.header.strict-transport-security="max-age=31536000" response.status="200 OK" span="resolving docker.io/library/golang:1.26.8-trixie" spanID=646de07c398eaa75 traceID=832696a9ff20c5d328b53d4b721d6f9e
2026-09-16T23:03:40.0378228Z time="2026-09-16T23:03:03Z" level=debug msg=fetch span="resolving docker.io/library/golang:1.26.8-trixie" spanID=646de07c398eaa75 traceID=832696a9ff20c5d328b53d4b721d6f9e
2026-09-16T23:03:40.0379463Z time="2026-09-16T23:03:03Z" level=debug msg="fetching layer" chunk_size=0 initial_parallelism=0 offset=0 parallelism=1 span="resolving docker.io/library/golang:1.26.8-trixie" spanID=646de07c398eaa75 traceID=832696a9ff20c5d328b53d4b721d6f9e
2026-09-16T23:03:40.0381366Z time="2026-09-16T23:03:03Z" level=debug msg="do request" request.header.accept="application/vnd.oci.image.config.v1+json, */*" request.header.accept-encoding="zstd;q=1.0, gzip;q=0.8, deflate;q=0.5" request.header.user-agent=buildkit/v0.33 request.method=GET span="resolving docker.io/library/golang:1.26.8-trixie" spanID=646de07c398eaa75 traceID=832696a9ff20c5d328b53d4b721d6f9e
2026-09-16T23:03:40.0390084Z time="2026-09-16T23:03:03Z" level=debug msg="fetch response received" response.header.accept-ranges=bytes response.header.age=1287088 response.header.alt-svc="h3=\":443\"; ma=86400" response.header.connection=keep-alive response.header.content-length=3054 response.header.content-type=application/octet-stream response.header.date="Wed, 02 Sep 2026 01:31:36 GMT" response.header.etag="\"cf907a6313dc5f2799760ae990609d87\"" response.header.last-modified="Tue, 01 Sep 2026 23:25:59 GMT" response.header.server=AmazonS3 response.header.via="1.1 f1558f9342310964ab873537313daedc.cloudfront.net (CloudFront)" response.header.x-amz-cf-id="66mOeWLZpm8vZ372RdNWWhHEWlo4UQYontjcmliiOGSCrBHsdWogKA==" response.header.x-amz-cf-pop=PHX50-P2 response.header.x-amz-server-side-encryption=AES256 response.header.x-amz-version-id=4pDr9.seQ1dRlH8XpcT81l9e2E61It7. response.header.x-cache="Hit from cloudfront" response.status="200 OK" span="resolving docker.io/library/golang:1.26.8-trixie" spanID=646de07c398eaa75 traceID=832696a9ff20c5d328b53d4b721d6f9e
2026-09-16T23:03:40.0397241Z time="2026-09-16T23:03:03Z" level=debug msg="fetch response received" response.header.connection=keep-alive response.header.content-length=478 response.header.content-type=application/vnd.oci.image.manifest.v1+json response.header.date="Wed, 16 Sep 2026 23:03:03 GMT" response.header.docker-content-digest="sha256:b98254c2dbbb3542c91cc23a810a264ef2adf2c0ef954dd4940d304a06a155da" response.header.docker-distribution-api-version=registry/2.0 response.header.docker-ratelimit-source=githubactions response.header.etag="\"sha256:b98254c2dbbb3542c91cc23a810a264ef2adf2c0ef954dd4940d304a06a155da\"" response.header.strict-transport-security="max-age=31536000" response.status="200 OK" span="resolving docker.io/tonistiigi/xx:1.9.0" spanID=5d706b07f3723d32 traceID=832696a9ff20c5d328b53d4b721d6f9e
2026-09-16T23:03:40.0401212Z time="2026-09-16T23:03:03Z" level=debug msg=fetch span="resolving docker.io/tonistiigi/xx:1.9.0" spanID=5d706b07f3723d32 traceID=832696a9ff20c5d328b53d4b721d6f9e
2026-09-16T23:03:40.0402503Z time="2026-09-16T23:03:03Z" level=debug msg="fetching layer" chunk_size=0 initial_parallelism=0 offset=0 parallelism=1 span="resolving docker.io/tonistiigi/xx:1.9.0" spanID=5d706b07f3723d32 traceID=832696a9ff20c5d328b53d4b721d6f9e
2026-09-16T23:03:40.0404477Z time="2026-09-16T23:03:03Z" level=debug msg="do request" request.header.accept="application/vnd.oci.image.config.v1+json, */*" request.header.accept-encoding="zstd;q=1.0, gzip;q=0.8, deflate;q=0.5" request.header.user-agent=buildkit/v0.33 request.method=GET span="resolving docker.io/tonistiigi/xx:1.9.0" spanID=5d706b07f3723d32 traceID=832696a9ff20c5d328b53d4b721d6f9e
2026-09-16T23:03:40.0409003Z time="2026-09-16T23:03:03Z" level=debug msg="fetch response received" response.header.accept-ranges=bytes response.header.age=1344103 response.header.alt-svc="h3=\":443\"; ma=86400" response.header.connection=keep-alive response.header.content-length=925 response.header.content-type=application/octet-stream response.header.date="Tue, 01 Sep 2026 09:41:21 GMT" response.header.etag="\"b10aaa431c6a8047af1e9a92313319b6\"" response.header.last-modified="Fri, 05 Dec 2025 10:17:03 GMT" response.header.server=AmazonS3 response.header.via="1.1 f1558f9342310964ab873537313daedc.cloudfront.net (CloudFront)" response.header.x-amz-cf-id="mp3RlO-hFw0c92iqOK5lItBSMz2qSp2iLJ5eHGFBZPrXfzn0I0Ox5w==" response.header.x-amz-cf-pop=PHX50-P2 response.header.x-amz-server-side-encryption=AES256 response.header.x-amz-version-id=yGdT4a3ITG1nCKddL1GzQGzIpkeXocNm response.header.x-cache="Hit from cloudfront" response.status="200 OK" span="resolving docker.io/tonistiigi/xx:1.9.0" spanID=5d706b07f3723d32 traceID=832696a9ff20c5d328b53d4b721d6f9e
2026-09-16T23:03:40.0413135Z time="2026-09-16T23:03:03Z" level=debug msg="reset healthcheck failure" actualDuration=1.091923ms spanID=dc234d4b39c77762 timeout=15s traceID=a44c3937126759f07a32422fbbe0d7f3
2026-09-16T23:03:40.0620912Z time="2026-09-16T23:03:03Z" level=debug msg="reset healthcheck failure" actualDuration="534.654µs" spanID=ae1d6d148aa2554a timeout=15s traceID=832696a9ff20c5d328b53d4b721d6f9e
2026-09-16T23:03:40.0622108Z time="2026-09-16T23:03:05Z" level=debug msg="checked for cached auth handler namespace" cached=true key="docker.io/tonistiigi/xx::pull" name=docker.io/tonistiigi/xx scope=pull
2026-09-16T23:03:40.0623188Z time="2026-09-16T23:03:05Z" level=debug msg="checked for cached auth handler namespace" cached=true key="docker.io/library/golang::pull" name=docker.io/library/golang scope=pull
2026-09-16T23:03:40.0625598Z time="2026-09-16T23:03:05Z" level=debug msg=fetch digest="sha256:c64defb9ed5a91eacb37f96ccc3d4cd72521c4bd18d5442905b95e2226b0e707" mediatype=application/vnd.oci.image.index.v1+json size=10708 spanID=6a32f4d103b61892 traceID=832696a9ff20c5d328b53d4b721d6f9e
2026-09-16T23:03:40.0627260Z time="2026-09-16T23:03:05Z" level=debug msg=fetch digest="sha256:771f3162219f7a66bb6be3fea1ba31f418932946a99ad9eac26ffd555dfcf393" mediatype=application/vnd.oci.image.index.v1+json size=9050 spanID=6a32f4d103b61892 traceID=832696a9ff20c5d328b53d4b721d6f9e
2026-09-16T23:03:40.0628896Z time="2026-09-16T23:03:05Z" level=debug msg=fetch digest="sha256:b98254c2dbbb3542c91cc23a810a264ef2adf2c0ef954dd4940d304a06a155da" mediatype=application/vnd.oci.image.manifest.v1+json size=478 spanID=6a32f4d103b61892 traceID=832696a9ff20c5d328b53d4b721d6f9e
2026-09-16T23:03:40.0630532Z time="2026-09-16T23:03:05Z" level=debug msg=fetch digest="sha256:6c47c6a67df5bb611706dea341fabdbdbc65714f8eb1433d29fc8df02fd5c2a0" mediatype=application/vnd.oci.image.config.v1+json size=925 spanID=6a32f4d103b61892 traceID=832696a9ff20c5d328b53d4b721d6f9e
2026-09-16T23:03:40.0634168Z time="2026-09-16T23:03:05Z" level=debug msg=fetch digest="sha256:475235651efe37c2fb2befd6762f257c67ecbf0bb27b1990263541d7b8f0ebe7" mediatype=application/vnd.oci.image.manifest.v1+json size=2318 spanID=6a32f4d103b61892 traceID=832696a9ff20c5d328b53d4b721d6f9e
2026-09-16T23:03:40.0635675Z time="2026-09-16T23:03:05Z" level=debug msg="checked for cached auth handler namespace" cached=true key="docker.io/tonistiigi/xx::pull" name=docker.io/tonistiigi/xx scope=pull
2026-09-16T23:03:40.0637026Z time="2026-09-16T23:03:05Z" level=debug msg=fetch digest="sha256:3e1cb88674370868417bef6a90a442b5ca9b139dbc13c969f3e7c574c0ccd8f7" mediatype=application/vnd.oci.image.config.v1+json size=3054 spanID=6a32f4d103b61892 traceID=832696a9ff20c5d328b53d4b721d6f9e
2026-09-16T23:03:40.0638382Z time="2026-09-16T23:03:05Z" level=debug msg="checked for cached auth handler namespace" cached=true key="docker.io/library/golang::pull" name=docker.io/library/golang scope=pull
2026-09-16T23:03:40.0639478Z time="2026-09-16T23:03:05Z" level=debug msg="checked for cached auth handler namespace" cached=true key="docker.io/tonistiigi/xx::pull" name=docker.io/tonistiigi/xx scope=pull
2026-09-16T23:03:40.0640550Z time="2026-09-16T23:03:05Z" level=debug msg="checked for cached auth handler namespace" cached=true key="docker.io/library/golang::pull" name=docker.io/library/golang scope=pull
2026-09-16T23:03:40.0641923Z time="2026-09-16T23:03:05Z" level=debug msg=fetch digest="sha256:64c1651c839051d1f9be192cc64b8139fd88dd0db7c0fddbf6d6e567e910b342" mediatype=application/vnd.oci.image.layer.v1.tar+gzip size=17699 spanID=506306d699bb2505 traceID=832696a9ff20c5d328b53d4b721d6f9e
2026-09-16T23:03:40.0643810Z time="2026-09-16T23:03:05Z" level=debug msg="fetching layer" chunk_size=0 digest="sha256:64c1651c839051d1f9be192cc64b8139fd88dd0db7c0fddbf6d6e567e910b342" initial_parallelism=0 mediatype=application/vnd.oci.image.layer.v1.tar+gzip offset=0 parallelism=1 size=17699 spanID=506306d699bb2505 traceID=832696a9ff20c5d328b53d4b721d6f9e
2026-09-16T23:03:40.0646981Z time="2026-09-16T23:03:05Z" level=debug msg="do request" digest="sha256:64c1651c839051d1f9be192cc64b8139fd88dd0db7c0fddbf6d6e567e910b342" mediatype=application/vnd.oci.image.layer.v1.tar+gzip request.header.accept="application/vnd.oci.image.layer.v1.tar+gzip, */*" request.header.accept-encoding="zstd;q=1.0, gzip;q=0.8, deflate;q=0.5" request.header.user-agent=buildkit/v0.33 request.method=GET size=17699 spanID=506306d699bb2505 traceID=832696a9ff20c5d328b53d4b721d6f9e url="https://registry-1.docker.io/v2/tonistiigi/xx/blobs/sha256:64c1651c839051d1f9be192cc64b8139fd88dd0db7c0fddbf6d6e567e910b342"
2026-09-16T23:03:40.0649827Z time="2026-09-16T23:03:05Z" level=debug msg=fetch digest="sha256:4f4fb700ef54461cfa02571ae0db9a0dc1e0cdb5577484a6d75e68dc38e8acc1" mediatype=application/vnd.oci.image.layer.v1.tar+gzip size=32 spanID=0f287136f9b93d91 traceID=832696a9ff20c5d328b53d4b721d6f9e
2026-09-16T23:03:40.0651679Z time="2026-09-16T23:03:05Z" level=debug msg=fetch digest="sha256:7b2a1ba2f788b7fe48210b5eb086a895fab1755971bebacf0281b37b7a736419" mediatype=application/vnd.oci.image.layer.v1.tar+gzip size=126 spanID=0f287136f9b93d91 traceID=832696a9ff20c5d328b53d4b721d6f9e
2026-09-16T23:03:40.0653342Z time="2026-09-16T23:03:05Z" level=debug msg=fetch digest="sha256:51fb0b9b10a77a100f12ca35704e0bf2e54f625945c6087b132491dec45b4ed6" mediatype=application/vnd.oci.image.layer.v1.tar+gzip size=64224554 spanID=0f287136f9b93d91 traceID=832696a9ff20c5d328b53d4b721d6f9e
2026-09-16T23:03:40.0655103Z time="2026-09-16T23:03:05Z" level=debug msg=fetch digest="sha256:0c14b51f2006a299731c3f3c181f7210b95a7136a95fde8eb641a9063429d2a9" mediatype=application/vnd.oci.image.layer.v1.tar+gzip size=98486702 spanID=0f287136f9b93d91 traceID=832696a9ff20c5d328b53d4b721d6f9e
2026-09-16T23:03:40.0656765Z time="2026-09-16T23:03:05Z" level=debug msg=fetch digest="sha256:42fd700369b465b3f57ff668eea94fc0b0e67029df25a71600d2c522a452406d" mediatype=application/vnd.oci.image.layer.v1.tar+gzip size=67604531 spanID=0f287136f9b93d91 traceID=832696a9ff20c5d328b53d4b721d6f9e
2026-09-16T23:03:40.0658575Z time="2026-09-16T23:03:05Z" level=debug msg=fetch digest="sha256:7fa3c72c6402ef534e043b1dca6fc0ab99e044c333c7679d2508eac3817a8570" mediatype=application/vnd.oci.image.layer.v1.tar+gzip size=25027916 spanID=0f287136f9b93d91 traceID=832696a9ff20c5d328b53d4b721d6f9e
2026-09-16T23:03:40.0660257Z time="2026-09-16T23:03:05Z" level=debug msg=fetch digest="sha256:7f50a08a25277c02b8dfc99818a21e12083215981e0aa03cb07cb74c9116f205" mediatype=application/vnd.oci.image.layer.v1.tar+gzip size=49704853 spanID=0f287136f9b93d91 traceID=832696a9ff20c5d328b53d4b721d6f9e
2026-09-16T23:03:40.0662130Z time="2026-09-16T23:03:05Z" level=debug msg="fetching layer" chunk_size=0 digest="sha256:4f4fb700ef54461cfa02571ae0db9a0dc1e0cdb5577484a6d75e68dc38e8acc1" initial_parallelism=0 mediatype=application/vnd.oci.image.layer.v1.tar+gzip offset=0 parallelism=1 size=32 spanID=0f287136f9b93d91 traceID=832696a9ff20c5d328b53d4b721d6f9e
2026-09-16T23:03:40.0665204Z time="2026-09-16T23:03:05Z" level=debug msg="do request" digest="sha256:4f4fb700ef54461cfa02571ae0db9a0dc1e0cdb5577484a6d75e68dc38e8acc1" mediatype=application/vnd.oci.image.layer.v1.tar+gzip request.header.accept="application/vnd.oci.image.layer.v1.tar+gzip, */*" request.header.accept-encoding="zstd;q=1.0, gzip;q=0.8, deflate;q=0.5" request.header.user-agent=buildkit/v0.33 request.method=GET size=32 spanID=0f287136f9b93d91 traceID=832696a9ff20c5d328b53d4b721d6f9e url="https://registry-1.docker.io/v2/library/golang/blobs/sha256:4f4fb700ef54461cfa02571ae0db9a0dc1e0cdb5577484a6d75e68dc38e8acc1"
2026-09-16T23:03:40.0668191Z time="2026-09-16T23:03:05Z" level=debug msg="fetching layer" chunk_size=0 digest="sha256:7b2a1ba2f788b7fe48210b5eb086a895fab1755971bebacf0281b37b7a736419" initial_parallelism=0 mediatype=application/vnd.oci.image.layer.v1.tar+gzip offset=0 parallelism=1 size=126 spanID=0f287136f9b93d91 traceID=832696a9ff20c5d328b53d4b721d6f9e
2026-09-16T23:03:40.0671186Z time="2026-09-16T23:03:05Z" level=debug msg="do request" digest="sha256:7b2a1ba2f788b7fe48210b5eb086a895fab1755971bebacf0281b37b7a736419" mediatype=application/vnd.oci.image.layer.v1.tar+gzip request.header.accept="application/vnd.oci.image.layer.v1.tar+gzip, */*" request.header.accept-encoding="zstd;q=1.0, gzip;q=0.8, deflate;q=0.5" request.header.user-agent=buildkit/v0.33 request.method=GET size=126 spanID=0f287136f9b93d91 traceID=832696a9ff20c5d328b53d4b721d6f9e url="https://registry-1.docker.io/v2/library/golang/blobs/sha256:7b2a1ba2f788b7fe48210b5eb086a895fab1755971bebacf0281b37b7a736419"
2026-09-16T23:03:40.0674241Z time="2026-09-16T23:03:05Z" level=debug msg="fetching layer" chunk_size=0 digest="sha256:51fb0b9b10a77a100f12ca35704e0bf2e54f625945c6087b132491dec45b4ed6" initial_parallelism=0 mediatype=application/vnd.oci.image.layer.v1.tar+gzip offset=0 parallelism=1 size=64224554 spanID=0f287136f9b93d91 traceID=832696a9ff20c5d328b53d4b721d6f9e
2026-09-16T23:03:40.0677435Z time="2026-09-16T23:03:05Z" level=debug msg="do request" digest="sha256:51fb0b9b10a77a100f12ca35704e0bf2e54f625945c6087b132491dec45b4ed6" mediatype=application/vnd.oci.image.layer.v1.tar+gzip request.header.accept="application/vnd.oci.image.layer.v1.tar+gzip, */*" request.header.accept-encoding="zstd;q=1.0, gzip;q=0.8, deflate;q=0.5" request.header.user-agent=buildkit/v0.33 request.method=GET size=64224554 spanID=0f287136f9b93d91 traceID=832696a9ff20c5d328b53d4b721d6f9e url="https://registry-1.docker.io/v2/library/golang/blobs/sha256:51fb0b9b10a77a100f12ca35704e0bf2e54f625945c6087b132491dec45b4ed6"
2026-09-16T23:03:40.0683697Z time="2026-09-16T23:03:05Z" level=debug msg="fetch response received" digest="sha256:64c1651c839051d1f9be192cc64b8139fd88dd0db7c0fddbf6d6e567e910b342" mediatype=application/vnd.oci.image.layer.v1.tar+gzip response.header.accept-ranges=bytes response.header.age=1064275 response.header.alt-svc="h3=\":443\"; ma=86400" response.header.connection=keep-alive response.header.content-length=17699 response.header.content-type=application/octet-stream response.header.date="Fri, 04 Sep 2026 15:25:11 GMT" response.header.etag="\"da06b89fbb4a8ffeea64bbca685aac35\"" response.header.last-modified="Fri, 05 Dec 2025 10:17:03 GMT" response.header.server=AmazonS3 response.header.via="1.1 f1558f9342310964ab873537313daedc.cloudfront.net (CloudFront)" response.header.x-amz-cf-id="aLxEFp--QqlKnsvAhvHGHMOR20coZhTlWZYI2k1Y3jEXS1GfVoVqKQ==" response.header.x-amz-cf-pop=PHX50-P2 response.header.x-amz-server-side-encryption=AES256 response.header.x-amz-version-id=odP6h7OmeLY7ibhO3oC8Y.hbXwnR7PCt response.header.x-cache="Hit from cloudfront" response.status="200 OK" size=17699 spanID=506306d699bb2505 traceID=832696a9ff20c5d328b53d4b721d6f9e url="https://registry-1.docker.io/v2/tonistiigi/xx/blobs/sha256:64c1651c839051d1f9be192cc64b8139fd88dd0db7c0fddbf6d6e567e910b342"
2026-09-16T23:03:40.0689233Z time="2026-09-16T23:03:05Z" level=debug msg="fetching layer" chunk_size=0 digest="sha256:0c14b51f2006a299731c3f3c181f7210b95a7136a95fde8eb641a9063429d2a9" initial_parallelism=0 mediatype=application/vnd.oci.image.layer.v1.tar+gzip offset=0 parallelism=1 size=98486702 spanID=0f287136f9b93d91 traceID=832696a9ff20c5d328b53d4b721d6f9e
2026-09-16T23:03:40.0692239Z time="2026-09-16T23:03:05Z" level=debug msg="do request" digest="sha256:0c14b51f2006a299731c3f3c181f7210b95a7136a95fde8eb641a9063429d2a9" mediatype=application/vnd.oci.image.layer.v1.tar+gzip request.header.accept="application/vnd.oci.image.layer.v1.tar+gzip, */*" request.header.accept-encoding="zstd;q=1.0, gzip;q=0.8, deflate;q=0.5" request.header.user-agent=buildkit/v0.33 request.method=GET size=98486702 spanID=0f287136f9b93d91 traceID=832696a9ff20c5d328b53d4b721d6f9e url="https://registry-1.docker.io/v2/library/golang/blobs/sha256:0c14b51f2006a299731c3f3c181f7210b95a7136a95fde8eb641a9063429d2a9"
2026-09-16T23:03:40.0695770Z time="2026-09-16T23:03:05Z" level=debug msg="diff applied" d=2.235609ms digest="sha256:64c1651c839051d1f9be192cc64b8139fd88dd0db7c0fddbf6d6e567e910b342" media=application/vnd.oci.image.layer.v1.tar+gzip size=17699 span=extract spanID=8024ae6e9c9e031c traceID=832696a9ff20c5d328b53d4b721d6f9e
2026-09-16T23:03:40.0700856Z time="2026-09-16T23:03:05Z" level=debug msg="fetch response received" digest="sha256:7b2a1ba2f788b7fe48210b5eb086a895fab1755971bebacf0281b37b7a736419" mediatype=application/vnd.oci.image.layer.v1.tar+gzip response.header.accept-ranges=bytes response.header.age=1287317 response.header.alt-svc="h3=\":443\"; ma=86400" response.header.connection=keep-alive response.header.content-length=126 response.header.content-type=application/octet-stream response.header.date="Wed, 02 Sep 2026 01:27:49 GMT" response.header.etag="\"620f1922d780e0c8cb27a1c86de1390a\"" response.header.last-modified="Tue, 01 Sep 2026 23:25:59 GMT" response.header.server=AmazonS3 response.header.via="1.1 f1558f9342310964ab873537313daedc.cloudfront.net (CloudFront)" response.header.x-amz-cf-id="Y9I8zA0tLVchImfh9htlSJxGIwOT8nVTWhWVhKB8NRkFw0Rfr9IO7g==" response.header.x-amz-cf-pop=PHX50-P2 response.header.x-amz-server-side-encryption=AES256 response.header.x-amz-version-id=A_8ihJ4W2iwgrS._BYboVPqKV7GyzVoA response.header.x-cache="Hit from cloudfront" response.status="200 OK" size=126 spanID=0f287136f9b93d91 traceID=832696a9ff20c5d328b53d4b721d6f9e url="https://registry-1.docker.io/v2/library/golang/blobs/sha256:7b2a1ba2f788b7fe48210b5eb086a895fab1755971bebacf0281b37b7a736419"
2026-09-16T23:03:40.0707264Z time="2026-09-16T23:03:05Z" level=debug msg="fetching layer" chunk_size=0 digest="sha256:42fd700369b465b3f57ff668eea94fc0b0e67029df25a71600d2c522a452406d" initial_parallelism=0 mediatype=application/vnd.oci.image.layer.v1.tar+gzip offset=0 parallelism=1 size=67604531 spanID=0f287136f9b93d91 traceID=832696a9ff20c5d328b53d4b721d6f9e
2026-09-16T23:03:40.0710471Z time="2026-09-16T23:03:05Z" level=debug msg="do request" digest="sha256:42fd700369b465b3f57ff668eea94fc0b0e67029df25a71600d2c522a452406d" mediatype=application/vnd.oci.image.layer.v1.tar+gzip request.header.accept="application/vnd.oci.image.layer.v1.tar+gzip, */*" request.header.accept-encoding="zstd;q=1.0, gzip;q=0.8, deflate;q=0.5" request.header.user-agent=buildkit/v0.33 request.method=GET size=67604531 spanID=0f287136f9b93d91 traceID=832696a9ff20c5d328b53d4b721d6f9e url="https://registry-1.docker.io/v2/library/golang/blobs/sha256:42fd700369b465b3f57ff668eea94fc0b0e67029df25a71600d2c522a452406d"
2026-09-16T23:03:40.0717066Z time="2026-09-16T23:03:05Z" level=debug msg="fetch response received" digest="sha256:51fb0b9b10a77a100f12ca35704e0bf2e54f625945c6087b132491dec45b4ed6" mediatype=application/vnd.oci.image.layer.v1.tar+gzip response.header.accept-ranges=bytes response.header.age=1287468 response.header.alt-svc="h3=\":443\"; ma=86400" response.header.connection=keep-alive response.header.content-length=64224554 response.header.content-type=application/octet-stream response.header.date="Wed, 02 Sep 2026 01:25:18 GMT" response.header.etag="\"4fa0c2d516060db75bae5a61812dceb3-2\"" response.header.last-modified="Tue, 01 Sep 2026 23:25:47 GMT" response.header.server=AmazonS3 response.header.via="1.1 f1558f9342310964ab873537313daedc.cloudfront.net (CloudFront)" response.header.x-amz-cf-id="AQGB5ZItSfcdQlDMJKvYXGP6T92lmM3T3s9fiZL7db7AphNXGq8jSA==" response.header.x-amz-cf-pop=PHX50-P2 response.header.x-amz-server-side-encryption=AES256 response.header.x-amz-version-id=_aUvTEe7KUy8CDJ2IaU9G2_zDHxdtqkW response.header.x-cache="Hit from cloudfront" response.status="200 OK" size=64224554 spanID=0f287136f9b93d91 traceID=832696a9ff20c5d328b53d4b721d6f9e url="https://registry-1.docker.io/v2/library/golang/blobs/sha256:51fb0b9b10a77a100f12ca35704e0bf2e54f625945c6087b132491dec45b4ed6"
2026-09-16T23:03:40.0730111Z time="2026-09-16T23:03:05Z" level=debug msg="fetch response received" digest="sha256:0c14b51f2006a299731c3f3c181f7210b95a7136a95fde8eb641a9063429d2a9" mediatype=application/vnd.oci.image.layer.v1.tar+gzip response.header.accept-ranges=bytes response.header.age=1287088 response.header.alt-svc="h3=\":443\"; ma=86400" response.header.connection=keep-alive response.header.content-length=98486702 response.header.content-type=application/octet-stream response.header.date="Wed, 02 Sep 2026 01:31:37 GMT" response.header.etag="\"fcd4398bad52c62fffef111b1cd61062-3\"" response.header.last-modified="Tue, 01 Sep 2026 23:26:02 GMT" response.header.server=AmazonS3 response.header.via="1.1 4c45a43d7c57bda840ca340644eb34d2.cloudfront.net (CloudFront)" response.header.x-amz-cf-id="XC9B_xG_49b756Fvb4tODCpwirTU64Umzi_OkU9V3g2v5r6PrbPj1Q==" response.header.x-amz-cf-pop=PHX50-P2 response.header.x-amz-server-side-encryption=AES256 response.header.x-amz-version-id=0yUK5T1ds_rGw4YiVMt0t_biYfMYe2vp response.header.x-cache="Hit from cloudfront" response.status="200 OK" size=98486702 spanID=0f287136f9b93d91 traceID=832696a9ff20c5d328b53d4b721d6f9e url="https://registry-1.docker.io/v2/library/golang/blobs/sha256:0c14b51f2006a299731c3f3c181f7210b95a7136a95fde8eb641a9063429d2a9"
2026-09-16T23:03:40.0739338Z time="2026-09-16T23:03:05Z" level=debug msg="fetch response received" digest="sha256:42fd700369b465b3f57ff668eea94fc0b0e67029df25a71600d2c522a452406d" mediatype=application/vnd.oci.image.layer.v1.tar+gzip response.header.accept-ranges=bytes response.header.age=1967875 response.header.alt-svc="h3=\":443\"; ma=86400" response.header.connection=keep-alive response.header.content-length=67604531 response.header.content-type=application/octet-stream response.header.date="Tue, 25 Aug 2026 04:25:11 GMT" response.header.etag="\"59f527a34ca282de99955d17bf8691da-3\"" response.header.last-modified="Tue, 25 Aug 2026 01:43:41 GMT" response.header.server=AmazonS3 response.header.via="1.1 f1558f9342310964ab873537313daedc.cloudfront.net (CloudFront)" response.header.x-amz-cf-id="NVwH72k-Ux3dvBJeyoS1J38FzYvd29HtgcQbNwsM7O9wFnYgJdpotQ==" response.header.x-amz-cf-pop=PHX50-P2 response.header.x-amz-server-side-encryption=AES256 response.header.x-amz-version-id=RbR9kJRmfuWBAuqq6tPCjSUkmPwfN.42 response.header.x-cache="Hit from cloudfront" response.status="200 OK" size=67604531 spanID=0f287136f9b93d91 traceID=832696a9ff20c5d328b53d4b721d6f9e url="https://registry-1.docker.io/v2/library/golang/blobs/sha256:42fd700369b465b3f57ff668eea94fc0b0e67029df25a71600d2c522a452406d"
2026-09-16T23:03:40.0748195Z time="2026-09-16T23:03:05Z" level=debug msg="fetch response received" digest="sha256:4f4fb700ef54461cfa02571ae0db9a0dc1e0cdb5577484a6d75e68dc38e8acc1" mediatype=application/vnd.oci.image.layer.v1.tar+gzip response.header.accept-ranges=bytes response.header.age=1259431 response.header.alt-svc="h3=\":443\"; ma=86400" response.header.connection=keep-alive response.header.content-length=32 response.header.content-type=application/octet-stream response.header.date="Wed, 02 Sep 2026 09:12:34 GMT" response.header.etag="\"0c981b7b1e0a1ffa5aa2e85ce10addf7\"" response.header.last-modified="Tue, 07 Mar 2017 15:01:14 GMT" response.header.server=AmazonS3 response.header.vary=Accept-Encoding response.header.via="1.1 962d5e462d98b7ff1b8a2361adb83eee.cloudfront.net (CloudFront)" response.header.x-amz-cf-id="UAkcFHmkovFaCvPa292SMkjk4ufXjaBeKyMl6PkLE-oGorBTvkrxeQ==" response.header.x-amz-cf-pop=PHX50-P1 response.header.x-amz-version-id=LAYyCSQew06o7Ea1PuAbExWijcT8O9Ci response.header.x-cache="Hit from cloudfront" response.status="200 OK" size=32 spanID=0f287136f9b93d91 traceID=832696a9ff20c5d328b53d4b721d6f9e url="https://registry-1.docker.io/v2/library/golang/blobs/sha256:4f4fb700ef54461cfa02571ae0db9a0dc1e0cdb5577484a6d75e68dc38e8acc1"
2026-09-16T23:03:40.0753536Z time="2026-09-16T23:03:05Z" level=debug msg="fetching layer" chunk_size=0 digest="sha256:7fa3c72c6402ef534e043b1dca6fc0ab99e044c333c7679d2508eac3817a8570" initial_parallelism=0 mediatype=application/vnd.oci.image.layer.v1.tar+gzip offset=0 parallelism=1 size=25027916 spanID=0f287136f9b93d91 traceID=832696a9ff20c5d328b53d4b721d6f9e
2026-09-16T23:03:40.0757107Z time="2026-09-16T23:03:05Z" level=debug msg="do request" digest="sha256:7fa3c72c6402ef534e043b1dca6fc0ab99e044c333c7679d2508eac3817a8570" mediatype=application/vnd.oci.image.layer.v1.tar+gzip request.header.accept="application/vnd.oci.image.layer.v1.tar+gzip, */*" request.header.accept-encoding="zstd;q=1.0, gzip;q=0.8, deflate;q=0.5" request.header.user-agent=buildkit/v0.33 request.method=GET size=25027916 spanID=0f287136f9b93d91 traceID=832696a9ff20c5d328b53d4b721d6f9e url="https://registry-1.docker.io/v2/library/golang/blobs/sha256:7fa3c72c6402ef534e043b1dca6fc0ab99e044c333c7679d2508eac3817a8570"
2026-09-16T23:03:40.0763312Z time="2026-09-16T23:03:05Z" level=debug msg="fetch response received" digest="sha256:7fa3c72c6402ef534e043b1dca6fc0ab99e044c333c7679d2508eac3817a8570" mediatype=application/vnd.oci.image.layer.v1.tar+gzip response.header.accept-ranges=bytes response.header.age=1970409 response.header.alt-svc="h3=\":443\"; ma=86400" response.header.connection=keep-alive response.header.content-length=25027916 response.header.content-type=application/octet-stream response.header.date="Tue, 25 Aug 2026 03:42:57 GMT" response.header.etag="\"2a762ea4dd24551e0921563f8a1c6b4e\"" response.header.last-modified="Tue, 25 Aug 2026 00:53:19 GMT" response.header.server=AmazonS3 response.header.via="1.1 962d5e462d98b7ff1b8a2361adb83eee.cloudfront.net (CloudFront)" response.header.x-amz-cf-id="R_1JDcHcWvwYu6fO4pxz2y7QpXObixB7WPV-SXwzNSTv1aX17yjLZA==" response.header.x-amz-cf-pop=PHX50-P1 response.header.x-amz-server-side-encryption=AES256 response.header.x-amz-version-id=ZcWX1IivDORim_Duo1kQptyn9C8E6RXf response.header.x-cache="Hit from cloudfront" response.status="200 OK" size=25027916 spanID=0f287136f9b93d91 traceID=832696a9ff20c5d328b53d4b721d6f9e url="https://registry-1.docker.io/v2/library/golang/blobs/sha256:7fa3c72c6402ef534e043b1dca6fc0ab99e044c333c7679d2508eac3817a8570"
2026-09-16T23:03:40.0770700Z time="2026-09-16T23:03:06Z" level=debug msg="fetching layer" chunk_size=0 digest="sha256:7f50a08a25277c02b8dfc99818a21e12083215981e0aa03cb07cb74c9116f205" initial_parallelism=0 mediatype=application/vnd.oci.image.layer.v1.tar+gzip offset=0 parallelism=1 size=49704853 spanID=0f287136f9b93d91 traceID=832696a9ff20c5d328b53d4b721d6f9e
2026-09-16T23:03:40.0774041Z time="2026-09-16T23:03:06Z" level=debug msg="do request" digest="sha256:7f50a08a25277c02b8dfc99818a21e12083215981e0aa03cb07cb74c9116f205" mediatype=application/vnd.oci.image.layer.v1.tar+gzip request.header.accept="application/vnd.oci.image.layer.v1.tar+gzip, */*" request.header.accept-encoding="zstd;q=1.0, gzip;q=0.8, deflate;q=0.5" request.header.user-agent=buildkit/v0.33 request.method=GET size=49704853 spanID=0f287136f9b93d91 traceID=832696a9ff20c5d328b53d4b721d6f9e url="https://registry-1.docker.io/v2/library/golang/blobs/sha256:7f50a08a25277c02b8dfc99818a21e12083215981e0aa03cb07cb74c9116f205"
2026-09-16T23:03:40.0780208Z time="2026-09-16T23:03:06Z" level=debug msg="fetch response received" digest="sha256:7f50a08a25277c02b8dfc99818a21e12083215981e0aa03cb07cb74c9116f205" mediatype=application/vnd.oci.image.layer.v1.tar+gzip response.header.accept-ranges=bytes response.header.age=1981385 response.header.alt-svc="h3=\":443\"; ma=86400" response.header.connection=keep-alive response.header.content-length=49704853 response.header.content-type=application/octet-stream response.header.date="Tue, 25 Aug 2026 00:40:02 GMT" response.header.etag="\"247fb499e02ae7d10c1086f18a799297-2\"" response.header.last-modified="Mon, 24 Aug 2026 23:20:48 GMT" response.header.server=AmazonS3 response.header.via="1.1 4c45a43d7c57bda840ca340644eb34d2.cloudfront.net (CloudFront)" response.header.x-amz-cf-id="kiUa0GwIWs4207n0JjgIb4QtZHg3JOtP2_eHnbtsHrhF5xHUftcG2g==" response.header.x-amz-cf-pop=PHX50-P2 response.header.x-amz-server-side-encryption=AES256 response.header.x-amz-version-id=LVfB4ZmctuTXwdfwsRRqOEM.DdnwvDGf response.header.x-cache="Hit from cloudfront" response.status="200 OK" size=49704853 spanID=0f287136f9b93d91 traceID=832696a9ff20c5d328b53d4b721d6f9e url="https://registry-1.docker.io/v2/library/golang/blobs/sha256:7f50a08a25277c02b8dfc99818a21e12083215981e0aa03cb07cb74c9116f205"
2026-09-16T23:03:40.0785120Z time="2026-09-16T23:03:06Z" level=debug msg="file \".\" ignored: resolved to root" span=extract spanID=c2c5fc38cc57181b traceID=832696a9ff20c5d328b53d4b721d6f9e
2026-09-16T23:03:40.0786527Z time="2026-09-16T23:03:07Z" level=debug msg="diff applied" d=699.746608ms digest="sha256:7f50a08a25277c02b8dfc99818a21e12083215981e0aa03cb07cb74c9116f205" media=application/vnd.oci.image.layer.v1.tar+gzip size=49704853 span=extract spanID=c2c5fc38cc57181b traceID=832696a9ff20c5d328b53d4b721d6f9e
2026-09-16T23:03:40.0788381Z time="2026-09-16T23:03:07Z" level=debug msg="diff applied" d=270.431862ms digest="sha256:7fa3c72c6402ef534e043b1dca6fc0ab99e044c333c7679d2508eac3817a8570" media=application/vnd.oci.image.layer.v1.tar+gzip size=25027916 span=extract spanID=8073fbf21d67b882 traceID=832696a9ff20c5d328b53d4b721d6f9e
2026-09-16T23:03:40.0790223Z time="2026-09-16T23:03:08Z" level=debug msg="diff applied" d=965.035002ms digest="sha256:42fd700369b465b3f57ff668eea94fc0b0e67029df25a71600d2c522a452406d" media=application/vnd.oci.image.layer.v1.tar+gzip size=67604531 span=extract spanID=ef425b1c214e0f02 traceID=832696a9ff20c5d328b53d4b721d6f9e
2026-09-16T23:03:40.0792192Z time="2026-09-16T23:03:08Z" level=debug msg="reset healthcheck failure" actualDuration="965.331µs" spanID=dc234d4b39c77762 timeout=15s traceID=a44c3937126759f07a32422fbbe0d7f3
2026-09-16T23:03:40.0793386Z time="2026-09-16T23:03:08Z" level=debug msg="reset healthcheck failure" actualDuration="881.392µs" spanID=ae1d6d148aa2554a timeout=15s traceID=832696a9ff20c5d328b53d4b721d6f9e
2026-09-16T23:03:40.0795009Z time="2026-09-16T23:03:09Z" level=debug msg="diff applied" d=1.038643203s digest="sha256:0c14b51f2006a299731c3f3c181f7210b95a7136a95fde8eb641a9063429d2a9" media=application/vnd.oci.image.layer.v1.tar+gzip size=98486702 span=extract spanID=5f37ad10121a8df7 traceID=832696a9ff20c5d328b53d4b721d6f9e
2026-09-16T23:03:40.0796860Z time="2026-09-16T23:03:11Z" level=debug msg="diff applied" d=1.781921831s digest="sha256:51fb0b9b10a77a100f12ca35704e0bf2e54f625945c6087b132491dec45b4ed6" media=application/vnd.oci.image.layer.v1.tar+gzip size=64224554 span=extract spanID=51a7180f05a386e1 traceID=832696a9ff20c5d328b53d4b721d6f9e
2026-09-16T23:03:40.0798869Z time="2026-09-16T23:03:11Z" level=debug msg="diff applied" d=1.458451ms digest="sha256:7b2a1ba2f788b7fe48210b5eb086a895fab1755971bebacf0281b37b7a736419" media=application/vnd.oci.image.layer.v1.tar+gzip size=126 span=extract spanID=74d62e090620f008 traceID=832696a9ff20c5d328b53d4b721d6f9e
2026-09-16T23:03:40.0800696Z time="2026-09-16T23:03:11Z" level=debug msg="diff applied" d=1.032406ms digest="sha256:4f4fb700ef54461cfa02571ae0db9a0dc1e0cdb5577484a6d75e68dc38e8acc1" media=application/vnd.oci.image.layer.v1.tar+gzip size=32 span=extract spanID=d47a31fc57478925 traceID=832696a9ff20c5d328b53d4b721d6f9e
2026-09-16T23:03:40.0802319Z time="2026-09-16T23:03:13Z" level=debug msg="reset healthcheck failure" actualDuration="879.736µs" spanID=dc234d4b39c77762 timeout=15s traceID=a44c3937126759f07a32422fbbe0d7f3
2026-09-16T23:03:40.0803502Z time="2026-09-16T23:03:13Z" level=debug msg="reset healthcheck failure" actualDuration="595.85µs" spanID=ae1d6d148aa2554a timeout=15s traceID=832696a9ff20c5d328b53d4b721d6f9e
2026-09-16T23:03:40.0805312Z time="2026-09-16T23:03:15Z" level=debug msg="> creating tzxmw7z12leztshjwbo3r4ut4 [/bin/sh -c go telemetry off && [ \"$(go telemetry)\" = \"off\" ] || { echo \"Failed to disable Go telemetry\"; exit 1; }]" span="[base 3/5] RUN go telemetry off && [ \"$(go telemetry)\" = \"off\" ] || { echo \"Failed to disable Go telemetry\"; exit 1; }" spanID=f9c99df0ba08c93c traceID=832696a9ff20c5d328b53d4b721d6f9e
2026-09-16T23:03:40.0807539Z time="2026-09-16T23:03:15Z" level=debug msg="> creating g3hihwkjo63g5u9hgcm0ng8sr [/bin/sh -c echo 'Binary::apt::APT::Keep-Downloaded-Packages \"true\";' > /etc/apt/apt.conf.d/keep-cache]" span="[base 4/5] RUN echo 'Binary::apt::APT::Keep-Downloaded-Packages \"true\";' > /etc/apt/apt.conf.d/keep-cache" spanID=eb8fc8610cf81366 traceID=832696a9ff20c5d328b53d4b721d6f9e
2026-09-16T23:03:40.0809611Z time="2026-09-16T23:03:15Z" level=debug msg="> creating ibhev9f9v540x4o7h8cloqnzb [/bin/sh -c apt-get update && apt-get install --no-install-recommends -y file]" span="[base 5/5] RUN apt-get update && apt-get install --no-install-recommends -y file" spanID=0cfb1d06e3e00611 traceID=832696a9ff20c5d328b53d4b721d6f9e
2026-09-16T23:03:40.0811813Z time="2026-09-16T23:03:18Z" level=debug msg="created new ref for cache dir \"//go/pkg/mod\": mwvf6wnhpxbnuvx6mvsspa81r" span="[gowinres 2/2] RUN --mount=type=cache,target=/root/.cache/go-build     --mount=type=cache,target=/go/pkg/mod         cd /go/src/github.com/tc-hib/go-winres &&         GOBIN=/build CGO_ENABLED=0 go install .      && /build/go-winres --help" spanID=79b0a6e2eb336469 traceID=832696a9ff20c5d328b53d4b721d6f9e
2026-09-16T23:03:40.0813127Z time="2026-09-16T23:03:18Z" level=debug msg="created new ref for cache dir \"//root/.cache/go-build\": lx7i5sexloiunp9geru8ge92i" span="[gowinres 2/2] RUN --mount=type=cache,target=/root/.cache/go-build     --mount=type=cache,target=/go/pkg/mod         cd /go/src/github.com/tc-hib/go-winres &&         GOBIN=/build CGO_ENABLED=0 go install .      && /build/go-winres --help" spanID=79b0a6e2eb336469 traceID=832696a9ff20c5d328b53d4b721d6f9e
2026-09-16T23:03:40.0817239Z time="2026-09-16T23:03:18Z" level=debug msg="> creating s7p6sdgmjrjhcw2sqhxhqc10r [/bin/sh -c cd /go/src/github.com/tc-hib/go-winres &&         GOBIN=/build CGO_ENABLED=0 go install .      && /build/go-winres --help]" span="[gowinres 2/2] RUN --mount=type=cache,target=/root/.cache/go-build     --mount=type=cache,target=/go/pkg/mod         cd /go/src/github.com/tc-hib/go-winres &&         GOBIN=/build CGO_ENABLED=0 go install .      && /build/go-winres --help" spanID=79b0a6e2eb336469 traceID=832696a9ff20c5d328b53d4b721d6f9e
2026-09-16T23:03:40.0817958Z time="2026-09-16T23:03:18Z" level=debug msg="reset healthcheck failure" actualDuration="918.093µs" spanID=dc234d4b39c77762 timeout=15s traceID=a44c3937126759f07a32422fbbe0d7f3
2026-09-16T23:03:40.0818572Z time="2026-09-16T23:03:18Z" level=debug msg="reset healthcheck failure" actualDuration="740.857µs" spanID=ae1d6d148aa2554a timeout=15s traceID=832696a9ff20c5d328b53d4b721d6f9e
2026-09-16T23:03:40.0819064Z time="2026-09-16T23:03:23Z" level=debug msg="reset healthcheck failure" actualDuration=1.22701ms spanID=dc234d4b39c77762 timeout=15s traceID=a44c3937126759f07a32422fbbe0d7f3
2026-09-16T23:03:40.0819910Z time="2026-09-16T23:03:23Z" level=debug msg="reset healthcheck failure" actualDuration="607.778µs" spanID=ae1d6d148aa2554a timeout=15s traceID=832696a9ff20c5d328b53d4b721d6f9e
2026-09-16T23:03:40.0821430Z time="2026-09-16T23:03:25Z" level=debug msg="created new ref for cache dir \"/moby-build-aptcache\": knsqdkb4yhlnz38nh3691puba" span="[build 3/6] RUN --mount=type=cache,sharing=locked,id=moby-build-aptlib,target=/var/lib/apt     --mount=type=cache,sharing=locked,id=moby-build-aptcache,target=/var/cache/apt         apt-get update && apt-get install --no-install-recommends -y             clang             lld             llvm             icoutils" spanID=b72610d73227141c traceID=832696a9ff20c5d328b53d4b721d6f9e
2026-09-16T23:03:40.0822892Z time="2026-09-16T23:03:25Z" level=debug msg="created new ref for cache dir \"/moby-build-aptlib\": 974cr9rgj2zdtcy520ab6id7q" span="[build 3/6] RUN --mount=type=cache,sharing=locked,id=moby-build-aptlib,target=/var/lib/apt     --mount=type=cache,sharing=locked,id=moby-build-aptcache,target=/var/cache/apt         apt-get update && apt-get install --no-install-recommends -y             clang             lld             llvm             icoutils" spanID=b72610d73227141c traceID=832696a9ff20c5d328b53d4b721d6f9e
2026-09-16T23:03:40.0824763Z time="2026-09-16T23:03:25Z" level=debug msg="> creating iq51piojxebpejq577ei1z3jf [/bin/sh -c apt-get update && apt-get install --no-install-recommends -y             clang             lld             llvm             icoutils]" span="[build 3/6] RUN --mount=type=cache,sharing=locked,id=moby-build-aptlib,target=/var/lib/apt     --mount=type=cache,sharing=locked,id=moby-build-aptcache,target=/var/cache/apt         apt-get update && apt-get install --no-install-recommends -y             clang             lld             llvm             icoutils" spanID=b72610d73227141c traceID=832696a9ff20c5d328b53d4b721d6f9e
2026-09-16T23:03:40.0825437Z time="2026-09-16T23:03:28Z" level=debug msg="reset healthcheck failure" actualDuration="873.728µs" spanID=dc234d4b39c77762 timeout=15s traceID=a44c3937126759f07a32422fbbe0d7f3
2026-09-16T23:03:40.0826278Z time="2026-09-16T23:03:28Z" level=debug msg="reset healthcheck failure" actualDuration="636.352µs" spanID=ae1d6d148aa2554a timeout=15s traceID=832696a9ff20c5d328b53d4b721d6f9e
2026-09-16T23:03:40.0827945Z time="2026-09-16T23:03:33Z" level=debug msg="reusing ref for cache dir \"/moby-build-aptcache\": knsqdkb4yhlnz38nh3691puba" span="[build 4/6] RUN --mount=type=cache,sharing=locked,id=moby-build-aptlib,target=/var/lib/apt     --mount=type=cache,sharing=locked,id=moby-build-aptcache,target=/var/cache/apt         xx-apt-get install --no-install-recommends -y             gcc             libc6-dev             linux-libc-dev             libnftables-dev             libseccomp-dev             libsystemd-dev             pkg-config" spanID=1b76f1e52812e251 traceID=832696a9ff20c5d328b53d4b721d6f9e
2026-09-16T23:03:40.0829798Z time="2026-09-16T23:03:33Z" level=debug msg="reusing ref for cache dir \"/moby-build-aptlib\": 974cr9rgj2zdtcy520ab6id7q" span="[build 4/6] RUN --mount=type=cache,sharing=locked,id=moby-build-aptlib,target=/var/lib/apt     --mount=type=cache,sharing=locked,id=moby-build-aptcache,target=/var/cache/apt         xx-apt-get install --no-install-recommends -y             gcc             libc6-dev             linux-libc-dev             libnftables-dev             libseccomp-dev             libsystemd-dev             pkg-config" spanID=1b76f1e52812e251 traceID=832696a9ff20c5d328b53d4b721d6f9e
2026-09-16T23:03:40.0832035Z time="2026-09-16T23:03:33Z" level=debug msg="> creating ma68iv1wybl8ue1s3q2v00xf1 [/bin/sh -c xx-apt-get install --no-install-recommends -y             gcc             libc6-dev             linux-libc-dev             libnftables-dev             libseccomp-dev             libsystemd-dev             pkg-config]" span="[build 4/6] RUN --mount=type=cache,sharing=locked,id=moby-build-aptlib,target=/var/lib/apt     --mount=type=cache,sharing=locked,id=moby-build-aptcache,target=/var/cache/apt         xx-apt-get install --no-install-recommends -y             gcc             libc6-dev             linux-libc-dev             libnftables-dev             libseccomp-dev             libsystemd-dev             pkg-config" spanID=1b76f1e52812e251 traceID=832696a9ff20c5d328b53d4b721d6f9e
2026-09-16T23:03:40.0832740Z time="2026-09-16T23:03:33Z" level=debug msg="reset healthcheck failure" actualDuration="835.723µs" spanID=dc234d4b39c77762 timeout=15s traceID=a44c3937126759f07a32422fbbe0d7f3
2026-09-16T23:03:40.0833373Z time="2026-09-16T23:03:33Z" level=debug msg="reset healthcheck failure" actualDuration="628.577µs" spanID=ae1d6d148aa2554a timeout=15s traceID=832696a9ff20c5d328b53d4b721d6f9e
2026-09-16T23:03:40.0833679Z time="2026-09-16T23:03:37Z" level=debug msg="remove snapshot" key=qfdlg1g9dj8zy1vufy209pwr0 snapshotter=overlayfs
2026-09-16T23:03:40.0834056Z time="2026-09-16T23:03:37Z" level=debug msg="schedule snapshotter cleanup" snapshotter=overlayfs
2026-09-16T23:03:40.0834404Z time="2026-09-16T23:03:37Z" level=debug msg="removed snapshot" key=buildkit/6/qfdlg1g9dj8zy1vufy209pwr0 snapshotter=overlayfs
2026-09-16T23:03:40.0835545Z time="2026-09-16T23:03:37Z" level=debug msg="> creating 2yj7zp1d19oa7lntrngv5qcpe [/bin/sh -c   set -ex\n  # in bullseye arm64 target does not link with lld so configure it to use ld instead\n  if [ \"$(xx-info arch)\" = \"arm64\" ]; then\n    XX_CC_PREFER_LINKER=ld xx-clang --setup-target-triple\n  fi\n]" span="[build 5/6] RUN <<EOT (set -ex...)" spanID=a45e35e4b6bfd261 traceID=832696a9ff20c5d328b53d4b721d6f9e
2026-09-16T23:03:40.0836523Z time="2026-09-16T23:03:37Z" level=debug msg="created new ref for cache dir \"/moby-build-linux/arm64\": v15oag8of0vsx0xz0vg9cz1ks" span="[build 6/6] RUN --mount=type=bind,target=.,rw     --mount=type=cache,target=/root/.cache/go-build,id=moby-build-linux/arm64 <<EOT (set -e...)" spanID=b3a529b4cab3a6e8 traceID=832696a9ff20c5d328b53d4b721d6f9e
2026-09-16T23:03:40.0839046Z time="2026-09-16T23:03:37Z" level=debug msg="> creating mk1k15fa72chv4s244783swch [/bin/sh -c   set -e\n\n  target=dynbinary\n  verify_flags=\n  exe_suffix=\n  if [ \"$DOCKER_STATIC\" = \"1\" ]; then\n      target=binary\n      verify_flags=--static\n  fi\n  if [ \"$(xx-info os)\" = \"windows\" ]; then\n      exe_suffix=.exe\n  fi\n\n  set -x\n  xx-go --wrap\n  PKG_CONFIG=$(xx-go env PKG_CONFIG) ./hack/make.sh \"$target\"\n  xx-verify $verify_flags \"/tmp/bundles/${target}-daemon/dockerd${exe_suffix}\"\n  if [ \"$(xx-info os)\" = \"linux\" ]; then\n      xx-verify $verify_flags \"/tmp/bundles/${target}-daemon/docker-proxy\"\n  fi\n  mkdir /build\n  mv /tmp/bundles/${target}-daemon/* /build/\n]" span="[build 6/6] RUN --mount=type=bind,target=.,rw     --mount=type=cache,target=/root/.cache/go-build,id=moby-build-linux/arm64 <<EOT (set -e...)" spanID=b3a529b4cab3a6e8 traceID=832696a9ff20c5d328b53d4b721d6f9e
2026-09-16T23:03:40.0841694Z time="2026-09-16T23:03:38Z" level=error msg="/moby.buildkit.v1.Control/Solve returned error: rpc error: code = Unknown desc = process \"/bin/sh -c   set -e\\n\\n  target=dynbinary\\n  verify_flags=\\n  exe_suffix=\\n  if [ \\\"$DOCKER_STATIC\\\" = \\\"1\\\" ]; then\\n      target=binary\\n      verify_flags=--static\\n  fi\\n  if [ \\\"$(xx-info os)\\\" = \\\"windows\\\" ]; then\\n      exe_suffix=.exe\\n  fi\\n\\n  set -x\\n  xx-go --wrap\\n  PKG_CONFIG=$(xx-go env PKG_CONFIG) ./hack/make.sh \\\"$target\\\"\\n  xx-verify $verify_flags \\\"/tmp/bundles/${target}-daemon/dockerd${exe_suffix}\\\"\\n  if [ \\\"$(xx-info os)\\\" = \\\"linux\\\" ]; then\\n      xx-verify $verify_flags \\\"/tmp/bundles/${target}-daemon/docker-proxy\\\"\\n  fi\\n  mkdir /build\\n  mv /tmp/bundles/${target}-daemon/* /build/\\n\" did not complete successfully: exit code: 1" spanID=6a32f4d103b61892 traceID=832696a9ff20c5d328b53d4b721d6f9e
2026-09-16T23:03:40.0843577Z process "/bin/sh -c   set -e\n\n  target=dynbinary\n  verify_flags=\n  exe_suffix=\n  if [ \"$DOCKER_STATIC\" = \"1\" ]; then\n      target=binary\n      verify_flags=--static\n  fi\n  if [ \"$(xx-info os)\" = \"windows\" ]; then\n      exe_suffix=.exe\n  fi\n\n  set -x\n  xx-go --wrap\n  PKG_CONFIG=$(xx-go env PKG_CONFIG) ./hack/make.sh \"$target\"\n  xx-verify $verify_flags \"/tmp/bundles/${target}-daemon/dockerd${exe_suffix}\"\n  if [ \"$(xx-info os)\" = \"linux\" ]; then\n      xx-verify $verify_flags \"/tmp/bundles/${target}-daemon/docker-proxy\"\n  fi\n  mkdir /build\n  mv /tmp/bundles/${target}-daemon/* /build/\n" did not complete successfully: exit code: 1
2026-09-16T23:03:40.0843783Z 7 v0.33.0 /usr/bin/buildkitd --debug --allow-insecure-entitlement=network.host
2026-09-16T23:03:40.0844009Z github.com/moby/buildkit/executor/runcexecutor.exitError
2026-09-16T23:03:40.0844120Z 	/src/executor/runcexecutor/executor.go:449
2026-09-16T23:03:40.0844287Z github.com/moby/buildkit/executor/runcexecutor.(*runcExecutor).Run
2026-09-16T23:03:40.0844389Z 	/src/executor/runcexecutor/executor.go:397
2026-09-16T23:03:40.0844536Z github.com/moby/buildkit/solver/llbsolver/ops.(*ExecOp).Exec
2026-09-16T23:03:40.0844631Z 	/src/solver/llbsolver/ops/exec.go:525
2026-09-16T23:03:40.0844765Z github.com/moby/buildkit/solver.(*sharedOp).Exec.func2
2026-09-16T23:03:40.0844843Z 	/src/solver/jobs.go:1248
2026-09-16T23:03:40.0844995Z github.com/moby/buildkit/util/flightcontrol.(*call[...]).run
2026-09-16T23:03:40.0845104Z 	/src/util/flightcontrol/flightcontrol.go:122
2026-09-16T23:03:40.0845177Z sync.(*Once).doSlow
2026-09-16T23:03:40.0845264Z 	/usr/local/go/src/sync/once.go:78
2026-09-16T23:03:40.0845339Z sync.(*Once).Do
2026-09-16T23:03:40.0845423Z 	/usr/local/go/src/sync/once.go:69
2026-09-16T23:03:40.0845496Z runtime.goexit
2026-09-16T23:03:40.0845589Z 	/usr/local/go/src/runtime/asm_arm64.s:1447
2026-09-16T23:03:40.0845597Z 
2026-09-16T23:03:40.0845793Z 7 v0.33.0 /usr/bin/buildkitd --debug --allow-insecure-entitlement=network.host
2026-09-16T23:03:40.0845874Z main.unaryInterceptor
2026-09-16T23:03:40.0845957Z 	/src/cmd/buildkitd/main.go:807
2026-09-16T23:03:40.0846250Z google.golang.org/grpc.NewServer.chainUnaryServerInterceptors.chainUnaryInterceptors.func1
2026-09-16T23:03:40.0846371Z 	/src/vendor/google.golang.org/grpc/server.go:1247
2026-09-16T23:03:40.0846545Z github.com/moby/buildkit/api/services/control._Control_Solve_Handler
2026-09-16T23:03:40.0846662Z 	/src/api/services/control/control_grpc.pb.go:289
2026-09-16T23:03:40.0846783Z google.golang.org/grpc.(*Server).processUnaryRPC
2026-09-16T23:03:40.0846895Z 	/src/vendor/google.golang.org/grpc/server.go:1443
2026-09-16T23:03:40.0847003Z google.golang.org/grpc.(*Server).handleStream
2026-09-16T23:03:40.0847116Z 	/src/vendor/google.golang.org/grpc/server.go:1858
2026-09-16T23:03:40.0847249Z google.golang.org/grpc.(*Server).serveStreams.func2.1
2026-09-16T23:03:40.0847577Z 	/src/vendor/google.golang.org/grpc/server.go:1078
2026-09-16T23:03:40.0847647Z runtime.goexit
2026-09-16T23:03:40.0847744Z 	/usr/local/go/src/runtime/asm_arm64.s:1447
2026-09-16T23:03:40.0847749Z 
2026-09-16T23:03:40.0847950Z 7 v0.33.0 /usr/bin/buildkitd --debug --allow-insecure-entitlement=network.host
2026-09-16T23:03:40.0848061Z github.com/moby/buildkit/solver.(*edge).execOp
2026-09-16T23:03:40.0848142Z 	/src/solver/edge.go:979
2026-09-16T23:03:40.0848336Z github.com/moby/buildkit/solver/internal/pipe.NewWithFunction[...].func2
2026-09-16T23:03:40.0848427Z 	/src/solver/internal/pipe/pipe.go:78
2026-09-16T23:03:40.0848501Z runtime.goexit
2026-09-16T23:03:40.0848597Z 	/usr/local/go/src/runtime/asm_arm64.s:1447
2026-09-16T23:03:40.0848601Z 
2026-09-16T23:03:40.0848789Z 7 v0.33.0 /usr/bin/buildkitd --debug --allow-insecure-entitlement=network.host
2026-09-16T23:03:40.0848938Z github.com/moby/buildkit/solver/llbsolver/ops.(*ExecOp).Exec
2026-09-16T23:03:40.0849038Z 	/src/solver/llbsolver/ops/exec.go:556
2026-09-16T23:03:40.0849164Z github.com/moby/buildkit/solver.(*sharedOp).Exec.func2
2026-09-16T23:03:40.0849248Z 	/src/solver/jobs.go:1248
2026-09-16T23:03:40.0849252Z 
2026-09-16T23:03:40.0849600Z time="2026-09-16T23:03:38Z" level=debug msg="session finished: <nil>" spanID=ae1d6d148aa2554a traceID=832696a9ff20c5d328b53d4b721d6f9e
2026-09-16T23:03:40.0850085Z time="2026-09-16T23:03:38Z" level=debug msg="session finished: <nil>" spanID=dc234d4b39c77762 traceID=a44c3937126759f07a32422fbbe0d7f3
2026-09-16T23:03:40.0850686Z time="2026-09-16T23:03:38Z" level=error msg="/moby.buildkit.v1.Control/Solve returned error: rpc error: code = Canceled desc = context canceled" spanID=f76b2f81717b9474 traceID=2e358b2e483f92f93d9a73dc8ec7a2eb
2026-09-16T23:03:40.0850771Z Canceled: context canceled
2026-09-16T23:03:40.0850962Z 7 v0.33.0 /usr/bin/buildkitd --debug --allow-insecure-entitlement=network.host
2026-09-16T23:03:40.0851045Z main.unaryInterceptor
2026-09-16T23:03:40.0851130Z 	/src/cmd/buildkitd/main.go:807
2026-09-16T23:03:40.0851424Z google.golang.org/grpc.NewServer.chainUnaryServerInterceptors.chainUnaryInterceptors.func1
2026-09-16T23:03:40.0851543Z 	/src/vendor/google.golang.org/grpc/server.go:1247
2026-09-16T23:03:40.0851712Z github.com/moby/buildkit/api/services/control._Control_Solve_Handler
2026-09-16T23:03:40.0851829Z 	/src/api/services/control/control_grpc.pb.go:289
2026-09-16T23:03:40.0851950Z google.golang.org/grpc.(*Server).processUnaryRPC
2026-09-16T23:03:40.0852061Z 	/src/vendor/google.golang.org/grpc/server.go:1443
2026-09-16T23:03:40.0852172Z google.golang.org/grpc.(*Server).handleStream
2026-09-16T23:03:40.0852287Z 	/src/vendor/google.golang.org/grpc/server.go:1858
2026-09-16T23:03:40.0852413Z google.golang.org/grpc.(*Server).serveStreams.func2.1
2026-09-16T23:03:40.0852528Z 	/src/vendor/google.golang.org/grpc/server.go:1078
2026-09-16T23:03:40.0852600Z runtime.goexit
2026-09-16T23:03:40.0852698Z 	/usr/local/go/src/runtime/asm_arm64.s:1447
2026-09-16T23:03:40.0852706Z 
2026-09-16T23:03:40.0853017Z ##[endgroup]
2026-09-16T23:03:40.0853248Z ##[group]Removing builder
2026-09-16T23:03:40.0854501Z [command]/usr/bin/docker buildx rm builder-4a7bc595-951e-40dd-8970-e83b5e5d2786
2026-09-16T23:03:41.1821475Z builder-4a7bc595-951e-40dd-8970-e83b5e5d2786 removed
2026-09-16T23:03:41.1861426Z ##[endgroup]
2026-09-16T23:03:41.1861798Z ##[group]Cleaning up certificates
2026-09-16T23:03:41.1863648Z ##[endgroup]
2026-09-16T23:03:41.1864157Z ##[group]Post cache
2026-09-16T23:03:41.1865875Z Caching buildx-dl-bin-0.37.1-linux-arm64 to GitHub Actions cache
2026-09-16T23:03:41.1992750Z [command]/usr/bin/tar --posix -cf cache.tzst --exclude cache.tzst -P -C /home/runner/work/moby/moby --files-from manifest.txt --use-compress-program zstdmt
2026-09-16T23:03:41.5774310Z Failed to save: Unable to reserve cache with key buildx-dl-bin-0.37.1-linux-arm64, another job may be creating this cache.
2026-09-16T23:03:41.5794016Z ##[endgroup]
2026-09-16T23:03:41.5939035Z Cleaning up orphan processes
